"identity","classification","r14State","r15State","r14AngleDegrees","r15AngleDegrees","angleDeltaDegrees","r14BfDfDifferenceDegrees","r15BfDfDifferenceDegrees","r14DiagnosticRoot","r15DiagnosticRoot"
"Backside_Bare\Lot_62613-842A-test\62613-842A_20260730053646\Slot25|BACK","SAME_PASS","PASS_REVIEW_ONLY_UNIQUE_BACK_BF_DF_NOTCH","PASS_REVIEW_ONLY_UNIQUE_BACK_BF_DF_NOTCH","89.81632171232667","89.81632171232667","0","0.032643424653258535","0.032643424653258535","D:\KLARFExport\_ArgosReview\C15RUN1\i\Backside_Bare_Lot_62613-842A-test_62613-84_00cb15628d\back_notch","D:\KLARFExport\_ArgosReview\C15RUN2\i\Backside_Bare_Lot_62613-842A-test_62613-84_00cb15628d\back_notch"
"BackSide_BowComp\Lot_62607-215\62607-215_20260730053038\Slot25|BACK","SAME_PASS","PASS_REVIEW_ONLY_UNIQUE_BACK_BF_DF_NOTCH","PASS_REVIEW_ONLY_UNIQUE_BACK_BF_DF_NOTCH","89.72170765835513","89.72170765835513","0","0.04341531671025223","0.04341531671025223","D:\KLARFExport\_ArgosReview\C15RUN1\i\BackSide_BowComp_Lot_62607-215_62607-215_2_52f5ff3745\back_notch","D:\KLARFExport\_ArgosReview\C15RUN2\i\BackSide_BowComp_Lot_62607-215_62607-215_2_52f5ff3745\back_notch"
"BackSide_BowComp\Lot_62625-956\62625-956_20260729122701\Slot16|BACK","SAME_PASS","PASS_REVIEW_ONLY_UNIQUE_BACK_BF_DF_NOTCH","PASS_REVIEW_ONLY_UNIQUE_BACK_BF_DF_NOTCH","89.89741421049033","89.89741421049033","0","0.005171579019361161","0.005171579019361161","D:\KLARFExport\_ArgosReview\C15RUN1\i\BackSide_BowComp_Lot_62625-956_62625-956_2_1aef9d3607\back_notch","D:\KLARFExport\_ArgosReview\C15RUN2\i\BackSide_BowComp_Lot_62625-956_62625-956_2_1aef9d3607\back_notch"
"BackSide_BowComp\Lot_62625-956\62625-956_20260729122701\Slot17|BACK","SAME_PASS","PASS_REVIEW_ONLY_UNIQUE_BACK_BF_DF_NOTCH","PASS_REVIEW_ONLY_UNIQUE_BACK_BF_DF_NOTCH","89.76045326659988","89.76045326659988","0","0.07909346680031604","0.07909346680031604","D:\KLARFExport\_ArgosReview\C15RUN1\i\BackSide_BowComp_Lot_62625-956_62625-956_2_533be53514\back_notch","D:\KLARFExport\_ArgosReview\C15RUN2\i\BackSide_BowComp_Lot_62625-956_62625-956_2_533be53514\back_notch"
"BackSide_BowComp\Lot_62625-956\62625-956_20260729122701\Slot18|BACK","SAME_PASS","PASS_REVIEW_ONLY_UNIQUE_BACK_BF_DF_NOTCH","PASS_REVIEW_ONLY_UNIQUE_BACK_BF_DF_NOTCH","89.77700482246036","89.77700482246036","0","0.04599035507936833","0.04599035507936833","D:\KLARFExport\_ArgosReview\C15RUN1\i\BackSide_BowComp_Lot_62625-956_62625-956_2_ce216734c3\back_notch","D:\KLARFExport\_ArgosReview\C15RUN2\i\BackSide_BowComp_Lot_62625-956_62625-956_2_ce216734c3\back_notch"
"BackSide_BowComp\Lot_62625-956\62625-956_20260729122701\Slot19|BACK","SAME_PASS","PASS_REVIEW_ONLY_UNIQUE_BACK_BF_DF_NOTCH","PASS_REVIEW_ONLY_UNIQUE_BACK_BF_DF_NOTCH","89.78855635009955","89.78855635009955","0","0.022887299800913752","0.022887299800913752","D:\KLARFExport\_ArgosReview\C15RUN1\i\BackSide_BowComp_Lot_62625-956_62625-956_2_0a1b07c77e\back_notch","D:\KLARFExport\_ArgosReview\C15RUN2\i\BackSide_BowComp_Lot_62625-956_62625-956_2_0a1b07c77e\back_notch"
"BackSide_BowComp\Lot_62625-956\62625-956_20260729122701\Slot20|BACK","SAME_PASS","PASS_REVIEW_ONLY_UNIQUE_BACK_BF_DF_NOTCH","PASS_REVIEW_ONLY_UNIQUE_BACK_BF_DF_NOTCH","89.89871454180232","89.89871454180232","0","0.0025709163953706593","0.0025709163953706593","D:\KLARFExport\_ArgosReview\C15RUN1\i\BackSide_BowComp_Lot_62625-956_62625-956_2_08913d31e2\back_notch","D:\KLARFExport\_ArgosReview\C15RUN2\i\BackSide_BowComp_Lot_62625-956_62625-956_2_08913d31e2\back_notch"
"BackSide_BowComp\Lot_62625-956\62625-956_20260729122701\Slot21|BACK","SAME_PASS","PASS_REVIEW_ONLY_UNIQUE_BACK_BF_DF_NOTCH","PASS_REVIEW_ONLY_UNIQUE_BACK_BF_DF_NOTCH","90.0145887748817","90.0145887748817","0","0.029177549763431898","0.029177549763431898","D:\KLARFExport\_ArgosReview\C15RUN1\i\BackSide_BowComp_Lot_62625-956_62625-956_2_fd9890b702\back_notch","D:\KLARFExport\_ArgosReview\C15RUN2\i\BackSide_BowComp_Lot_62625-956_62625-956_2_fd9890b702\back_notch"
"BackSide_BowComp\Lot_62625-956\62625-956_20260729122701\Slot22|BACK","SAME_PASS","PASS_REVIEW_ONLY_UNIQUE_BACK_BF_DF_NOTCH","PASS_REVIEW_ONLY_UNIQUE_BACK_BF_DF_NOTCH","89.48236244332844","89.48236244332844","0","0.03527511334311839","0.03527511334311839","D:\KLARFExport\_ArgosReview\C15RUN1\i\BackSide_BowComp_Lot_62625-956_62625-956_2_be21a0ca52\back_notch","D:\KLARFExport\_ArgosReview\C15RUN2\i\BackSide_BowComp_Lot_62625-956_62625-956_2_be21a0ca52\back_notch"
"BackSide_BowComp\Lot_62625-956\62625-956_20260729122701\Slot23|BACK","SAME_PASS","PASS_REVIEW_ONLY_UNIQUE_BACK_BF_DF_NOTCH","PASS_REVIEW_ONLY_UNIQUE_BACK_BF_DF_NOTCH","89.92672484494162","89.92672484494162","0","0.05344968988316623","0.05344968988316623","D:\KLARFExport\_ArgosReview\C15RUN1\i\BackSide_BowComp_Lot_62625-956_62625-956_2_b2682b0944\back_notch","D:\KLARFExport\_ArgosReview\C15RUN2\i\BackSide_BowComp_Lot_62625-956_62625-956_2_b2682b0944\back_notch"
"BackSide_BowComp\Lot_62625-956\62625-956_20260729122701\Slot24|BACK","SAME_PASS","PASS_REVIEW_ONLY_UNIQUE_BACK_BF_DF_NOTCH","PASS_REVIEW_ONLY_UNIQUE_BACK_BF_DF_NOTCH","89.68479705060555","89.68479705060555","0","0.0304058987888709","0.0304058987888709","D:\KLARFExport\_ArgosReview\C15RUN1\i\BackSide_BowComp_Lot_62625-956_62625-956_2_237d648310\back_notch","D:\KLARFExport\_ArgosReview\C15RUN2\i\BackSide_BowComp_Lot_62625-956_62625-956_2_237d648310\back_notch"
"BackSide_BowComp\Lot_62625-956\62625-956_20260729122701\Slot25|BACK","SAME_PASS","PASS_REVIEW_ONLY_UNIQUE_BACK_BF_DF_NOTCH","PASS_REVIEW_ONLY_UNIQUE_BACK_BF_DF_NOTCH","89.48158394686396","89.48158394686396","0","0.03683210627201561","0.03683210627201561","D:\KLARFExport\_ArgosReview\C15RUN1\i\BackSide_BowComp_Lot_62625-956_62625-956_2_37b34f83d8\back_notch","D:\KLARFExport\_ArgosReview\C15RUN2\i\BackSide_BowComp_Lot_62625-956_62625-956_2_37b34f83d8\back_notch"
"BackSide_BowComp\Lot_62625-957\62625-957_20260729124737\Slot16|BACK","SAME_PASS","PASS_REVIEW_ONLY_UNIQUE_BACK_BF_DF_NOTCH","PASS_REVIEW_ONLY_UNIQUE_BACK_BF_DF_NOTCH","89.79703270927939","89.79703270927939","0","0.0059345814412381515","0.0059345814412381515","D:\KLARFExport\_ArgosReview\C15RUN1\i\BackSide_BowComp_Lot_62625-957_62625-957_2_33639d072f\back_notch","D:\KLARFExport\_ArgosReview\C15RUN2\i\BackSide_BowComp_Lot_62625-957_62625-957_2_33639d072f\back_notch"
"BackSide_BowComp\Lot_62625-957\62625-957_20260729124737\Slot17|BACK","SAME_PASS","PASS_REVIEW_ONLY_UNIQUE_BACK_BF_DF_NOTCH","PASS_REVIEW_ONLY_UNIQUE_BACK_BF_DF_NOTCH","89.81255380382038","89.81255380382038","0","0.025107607640677543","0.025107607640677543","D:\KLARFExport\_ArgosReview\C15RUN1\i\BackSide_BowComp_Lot_62625-957_62625-957_2_e0b99f053a\back_notch","D:\KLARFExport\_ArgosReview\C15RUN2\i\BackSide_BowComp_Lot_62625-957_62625-957_2_e0b99f053a\back_notch"
"BackSide_BowComp\Lot_62625-957\62625-957_20260729124737\Slot18|BACK","SAME_PASS","PASS_REVIEW_ONLY_UNIQUE_BACK_BF_DF_NOTCH","PASS_REVIEW_ONLY_UNIQUE_BACK_BF_DF_NOTCH","89.80648422434825","89.80648422434825","0","0.012968448696540236","0.012968448696540236","D:\KLARFExport\_ArgosReview\C15RUN1\i\BackSide_BowComp_Lot_62625-957_62625-957_2_427332f712\back_notch","D:\KLARFExport\_ArgosReview\C15RUN2\i\BackSide_BowComp_Lot_62625-957_62625-957_2_427332f712\back_notch"
"BackSide_BowComp\Lot_62625-957\62625-957_20260729124737\Slot19|BACK","SAME_PASS","PASS_REVIEW_ONLY_UNIQUE_BACK_BF_DF_NOTCH","PASS_REVIEW_ONLY_UNIQUE_BACK_BF_DF_NOTCH","89.79087656040531","89.79087656040531","0","0.01824687918937684","0.01824687918937684","D:\KLARFExport\_ArgosReview\C15RUN1\i\BackSide_BowComp_Lot_62625-957_62625-957_2_f9ce5b8682\back_notch","D:\KLARFExport\_ArgosReview\C15RUN2\i\BackSide_BowComp_Lot_62625-957_62625-957_2_f9ce5b8682\back_notch"
"BackSide_BowComp\Lot_62625-957\62625-957_20260729124737\Slot20|BACK","SAME_PASS","PASS_REVIEW_ONLY_UNIQUE_BACK_BF_DF_NOTCH","PASS_REVIEW_ONLY_UNIQUE_BACK_BF_DF_NOTCH","89.72272284695926","89.72272284695926","0","0.04544569391850928","0.04544569391850928","D:\KLARFExport\_ArgosReview\C15RUN1\i\BackSide_BowComp_Lot_62625-957_62625-957_2_fd92d466c7\back_notch","D:\KLARFExport\_ArgosReview\C15RUN2\i\BackSide_BowComp_Lot_62625-957_62625-957_2_fd92d466c7\back_notch"
"BackSide_BowComp\Lot_62625-957\62625-957_20260729124737\Slot21|BACK","SAME_PASS","PASS_REVIEW_ONLY_UNIQUE_BACK_BF_DF_NOTCH","PASS_REVIEW_ONLY_UNIQUE_BACK_BF_DF_NOTCH","89.72314126572287","89.72314126572287","0","0.04628253144568362","0.04628253144568362","D:\KLARFExport\_ArgosReview\C15RUN1\i\BackSide_BowComp_Lot_62625-957_62625-957_2_05f7be2eb1\back_notch","D:\KLARFExport\_ArgosReview\C15RUN2\i\BackSide_BowComp_Lot_62625-957_62625-957_2_05f7be2eb1\back_notch"
"BackSide_BowComp\Lot_62625-957\62625-957_20260729124737\Slot22|BACK","SAME_PASS","PASS_REVIEW_ONLY_UNIQUE_BACK_BF_DF_NOTCH","PASS_REVIEW_ONLY_UNIQUE_BACK_BF_DF_NOTCH","89.70065639706878","89.70065639706878","0","0.00131279413758989","0.00131279413758989","D:\KLARFExport\_ArgosReview\C15RUN1\i\BackSide_BowComp_Lot_62625-957_62625-957_2_8b581c0594\back_notch","D:\KLARFExport\_ArgosReview\C15RUN2\i\BackSide_BowComp_Lot_62625-957_62625-957_2_8b581c0594\back_notch"
"BackSide_BowComp\Lot_62625-957\62625-957_20260729124737\Slot23|BACK","SAME_PASS","PASS_REVIEW_ONLY_UNIQUE_BACK_BF_DF_NOTCH","PASS_REVIEW_ONLY_UNIQUE_BACK_BF_DF_NOTCH","89.7005758359365","89.7005758359365","0","0.001151671873003579","0.001151671873003579","D:\KLARFExport\_ArgosReview\C15RUN1\i\BackSide_BowComp_Lot_62625-957_62625-957_2_c8c3699c7f\back_notch","D:\KLARFExport\_ArgosReview\C15RUN2\i\BackSide_BowComp_Lot_62625-957_62625-957_2_c8c3699c7f\back_notch"
"BackSide_BowComp\Lot_62625-957\62625-957_20260729124737\Slot24|BACK","SAME_PASS","PASS_REVIEW_ONLY_UNIQUE_BACK_BF_DF_NOTCH","PASS_REVIEW_ONLY_UNIQUE_BACK_BF_DF_NOTCH","89.6903645480839","89.6903645480839","0","0.01927090383213681","0.01927090383213681","D:\KLARFExport\_ArgosReview\C15RUN1\i\BackSide_BowComp_Lot_62625-957_62625-957_2_4db31d07ef\back_notch","D:\KLARFExport\_ArgosReview\C15RUN2\i\BackSide_BowComp_Lot_62625-957_62625-957_2_4db31d07ef\back_notch"
"BackSide_BowComp\Lot_62625-957\62625-957_20260729124737\Slot25|BACK","SAME_PASS","PASS_REVIEW_ONLY_UNIQUE_BACK_BF_DF_NOTCH","PASS_REVIEW_ONLY_UNIQUE_BACK_BF_DF_NOTCH","89.68660945424297","89.68660945424297","0","0.02678109151409558","0.02678109151409558","D:\KLARFExport\_ArgosReview\C15RUN1\i\BackSide_BowComp_Lot_62625-957_62625-957_2_ae16b27075\back_notch","D:\KLARFExport\_ArgosReview\C15RUN2\i\BackSide_BowComp_Lot_62625-957_62625-957_2_ae16b27075\back_notch"
"BackSide_BowComp\Lot_62627-140\62627-140_20260802111846\Slot21|BACK","SAME_PASS","PASS_REVIEW_ONLY_UNIQUE_BACK_BF_DF_NOTCH","PASS_REVIEW_ONLY_UNIQUE_BACK_BF_DF_NOTCH","89.91051160482337","89.91051160482337","0","0.021023209646671148","0.021023209646671148","D:\KLARFExport\_ArgosReview\C15RUN1\i\BackSide_BowComp_Lot_62627-140_62627-140_2_415562a7b8\back_notch","D:\KLARFExport\_ArgosReview\C15RUN2\i\BackSide_BowComp_Lot_62627-140_62627-140_2_415562a7b8\back_notch"
"BackSide_BowComp\Lot_62627-140\62627-140_20260802111846\Slot22|BACK","SAME_PASS","PASS_REVIEW_ONLY_UNIQUE_BACK_BF_DF_NOTCH","PASS_REVIEW_ONLY_UNIQUE_BACK_BF_DF_NOTCH","89.90226725655648","89.90226725655648","0","0.004534513113014782","0.004534513113014782","D:\KLARFExport\_ArgosReview\C15RUN1\i\BackSide_BowComp_Lot_62627-140_62627-140_2_2be1a12c69\back_notch","D:\KLARFExport\_ArgosReview\C15RUN2\i\BackSide_BowComp_Lot_62627-140_62627-140_2_2be1a12c69\back_notch"
"BackSide_BowComp\Lot_62627-140\62627-140_20260802111846\Slot23|BACK","SAME_PASS","PASS_REVIEW_ONLY_UNIQUE_BACK_BF_DF_NOTCH","PASS_REVIEW_ONLY_UNIQUE_BACK_BF_DF_NOTCH","89.98284997971746","89.98284997971746","0","0.03430004056508551","0.03430004056508551","D:\KLARFExport\_ArgosReview\C15RUN1\i\BackSide_BowComp_Lot_62627-140_62627-140_2_c500960f10\back_notch","D:\KLARFExport\_ArgosReview\C15RUN2\i\BackSide_BowComp_Lot_62627-140_62627-140_2_c500960f10\back_notch"
"BackSide_BowComp\Lot_62627-140\62627-140_20260802111846\Slot24|BACK","SAME_PASS","PASS_REVIEW_ONLY_UNIQUE_BACK_BF_DF_NOTCH","PASS_REVIEW_ONLY_UNIQUE_BACK_BF_DF_NOTCH","89.89568878970195","89.89568878970195","0","0.008622420596111624","0.008622420596111624","D:\KLARFExport\_ArgosReview\C15RUN1\i\BackSide_BowComp_Lot_62627-140_62627-140_2_ce5140971a\back_notch","D:\KLARFExport\_ArgosReview\C15RUN2\i\BackSide_BowComp_Lot_62627-140_62627-140_2_ce5140971a\back_notch"
"BackSide_BowComp\Lot_62627-140\62627-140_20260802111846\Slot25|BACK","SAME_PASS","PASS_REVIEW_ONLY_UNIQUE_BACK_BF_DF_NOTCH","PASS_REVIEW_ONLY_UNIQUE_BACK_BF_DF_NOTCH","90.00620593253666","90.00620593253666","0","0.012411865073261197","0.012411865073261197","D:\KLARFExport\_ArgosReview\C15RUN1\i\BackSide_BowComp_Lot_62627-140_62627-140_2_fd8237ade9\back_notch","D:\KLARFExport\_ArgosReview\C15RUN2\i\BackSide_BowComp_Lot_62627-140_62627-140_2_fd8237ade9\back_notch"
"BackSide_BowComp\Lot_62627-140\62627-140_20260802120300\Slot21|BACK","SAME_PASS","PASS_REVIEW_ONLY_UNIQUE_BACK_BF_DF_NOTCH","PASS_REVIEW_ONLY_UNIQUE_BACK_BF_DF_NOTCH","90.00508391622634","90.00508391622634","0","0.010167832452651737","0.010167832452651737","D:\KLARFExport\_ArgosReview\C15RUN1\i\BackSide_BowComp_Lot_62627-140_62627-140_2_fb0da8115c\back_notch","D:\KLARFExport\_ArgosReview\C15RUN2\i\BackSide_BowComp_Lot_62627-140_62627-140_2_fb0da8115c\back_notch"
"BackSide_BowComp\Lot_62627-140\62627-140_20260802120300\Slot22|BACK","SAME_PASS","PASS_REVIEW_ONLY_UNIQUE_BACK_BF_DF_NOTCH","PASS_REVIEW_ONLY_UNIQUE_BACK_BF_DF_NOTCH","90.01771382555086","90.01771382555086","0","0.03542765110171331","0.03542765110171331","D:\KLARFExport\_ArgosReview\C15RUN1\i\BackSide_BowComp_Lot_62627-140_62627-140_2_7fc3b70a53\back_notch","D:\KLARFExport\_ArgosReview\C15RUN2\i\BackSide_BowComp_Lot_62627-140_62627-140_2_7fc3b70a53\back_notch"
"BackSide_BowComp\Lot_62627-140\62627-140_20260802120300\Slot23|BACK","SAME_PASS","PASS_REVIEW_ONLY_UNIQUE_BACK_BF_DF_NOTCH","PASS_REVIEW_ONLY_UNIQUE_BACK_BF_DF_NOTCH","90.01260486162681","90.01260486162681","0","0.02520972325359594","0.02520972325359594","D:\KLARFExport\_ArgosReview\C15RUN1\i\BackSide_BowComp_Lot_62627-140_62627-140_2_19d4e66b81\back_notch","D:\KLARFExport\_ArgosReview\C15RUN2\i\BackSide_BowComp_Lot_62627-140_62627-140_2_19d4e66b81\back_notch"
"BackSide_BowComp\Lot_62627-140\62627-140_20260802120300\Slot24|BACK","SAME_PASS","PASS_REVIEW_ONLY_UNIQUE_BACK_BF_DF_NOTCH","PASS_REVIEW_ONLY_UNIQUE_BACK_BF_DF_NOTCH","90.07961758590766","90.07961758590766","0","0.040764828184649105","0.040764828184649105","D:\KLARFExport\_ArgosReview\C15RUN1\i\BackSide_BowComp_Lot_62627-140_62627-140_2_95ca541027\back_notch","D:\KLARFExport\_ArgosReview\C15RUN2\i\BackSide_BowComp_Lot_62627-140_62627-140_2_95ca541027\back_notch"
"BackSide_BowComp\Lot_62627-140\62627-140_20260802120300\Slot25|BACK","SAME_PASS","PASS_REVIEW_ONLY_UNIQUE_BACK_BF_DF_NOTCH","PASS_REVIEW_ONLY_UNIQUE_BACK_BF_DF_NOTCH","90.07807095460446","90.07807095460446","0","0.04385809079113301","0.04385809079113301","D:\KLARFExport\_ArgosReview\C15RUN1\i\BackSide_BowComp_Lot_62627-140_62627-140_2_945f73760d\back_notch","D:\KLARFExport\_ArgosReview\C15RUN2\i\BackSide_BowComp_Lot_62627-140_62627-140_2_945f73760d\back_notch"
"BackSide_BowComp\Lot_62627-174\62627-174_20260730160310\Slot22|BACK","SAME_PASS","PASS_REVIEW_ONLY_UNIQUE_BACK_BF_DF_NOTCH","PASS_REVIEW_ONLY_UNIQUE_BACK_BF_DF_NOTCH","89.71245465075238","89.71245465075238","0","0.024909301504692394","0.024909301504692394","D:\KLARFExport\_ArgosReview\C15RUN1\i\BackSide_BowComp_Lot_62627-174_62627-174_2_36365996e5\back_notch","D:\KLARFExport\_ArgosReview\C15RUN2\i\BackSide_BowComp_Lot_62627-174_62627-174_2_36365996e5\back_notch"
"BackSide_BowComp\Lot_62627-174\62627-174_20260730160310\Slot23|BACK","SAME_PASS","PASS_REVIEW_ONLY_UNIQUE_BACK_BF_DF_NOTCH","PASS_REVIEW_ONLY_UNIQUE_BACK_BF_DF_NOTCH","89.78130177807975","89.78130177807975","0","0.03739644384057783","0.03739644384057783","D:\KLARFExport\_ArgosReview\C15RUN1\i\BackSide_BowComp_Lot_62627-174_62627-174_2_475d771777\back_notch","D:\KLARFExport\_ArgosReview\C15RUN2\i\BackSide_BowComp_Lot_62627-174_62627-174_2_475d771777\back_notch"
"BackSide_BowComp\Lot_62627-174\62627-174_20260730160310\Slot24|BACK","SAME_PASS","PASS_REVIEW_ONLY_UNIQUE_BACK_BF_DF_NOTCH","PASS_REVIEW_ONLY_UNIQUE_BACK_BF_DF_NOTCH","89.72754848281564","89.72754848281564","0","0.055096965631207695","0.055096965631207695","D:\KLARFExport\_ArgosReview\C15RUN1\i\BackSide_BowComp_Lot_62627-174_62627-174_2_9a428a488b\back_notch","D:\KLARFExport\_ArgosReview\C15RUN2\i\BackSide_BowComp_Lot_62627-174_62627-174_2_9a428a488b\back_notch"
"BackSide_BowComp\Lot_62627-174\62627-174_20260730160310\Slot25|BACK","SAME_PASS","PASS_REVIEW_ONLY_UNIQUE_BACK_BF_DF_NOTCH","PASS_REVIEW_ONLY_UNIQUE_BACK_BF_DF_NOTCH","89.50783662466029","89.50783662466029","0","0.015673249320570903","0.015673249320570903","D:\KLARFExport\_ArgosReview\C15RUN1\i\BackSide_BowComp_Lot_62627-174_62627-174_2_63f1c52c18\back_notch","D:\KLARFExport\_ArgosReview\C15RUN2\i\BackSide_BowComp_Lot_62627-174_62627-174_2_63f1c52c18\back_notch"
"BackSide_BowComp\Lot_62627-198-POST-IVS\62627-198-POST-IVS_20260730103451\Slot16|BACK","SAME_PASS","PASS_REVIEW_ONLY_UNIQUE_BACK_BF_DF_NOTCH","PASS_REVIEW_ONLY_UNIQUE_BACK_BF_DF_NOTCH","90.08575178713487","90.08575178713487","0","0.028496425730224928","0.028496425730224928","D:\KLARFExport\_ArgosReview\C15RUN1\i\BackSide_BowComp_Lot_62627-198-POST-IVS_62_91574d5e4c\back_notch","D:\KLARFExport\_ArgosReview\C15RUN2\i\BackSide_BowComp_Lot_62627-198-POST-IVS_62_91574d5e4c\back_notch"
"BackSide_BowComp\Lot_62627-198-POST-IVS\62627-198-POST-IVS_20260730103451\Slot17|BACK","SAME_PASS","PASS_REVIEW_ONLY_UNIQUE_BACK_BF_DF_NOTCH","PASS_REVIEW_ONLY_UNIQUE_BACK_BF_DF_NOTCH","89.92084783706454","89.92084783706454","0","0.04169567412907327","0.04169567412907327","D:\KLARFExport\_ArgosReview\C15RUN1\i\BackSide_BowComp_Lot_62627-198-POST-IVS_62_1efc6ba843\back_notch","D:\KLARFExport\_ArgosReview\C15RUN2\i\BackSide_BowComp_Lot_62627-198-POST-IVS_62_1efc6ba843\back_notch"
"BackSide_BowComp\Lot_62627-198-POST-IVS\62627-198-POST-IVS_20260730103451\Slot18|BACK","SAME_PASS","PASS_REVIEW_ONLY_UNIQUE_BACK_BF_DF_NOTCH","PASS_REVIEW_ONLY_UNIQUE_BACK_BF_DF_NOTCH","89.94354021288783","89.94354021288783","0","0.08708042577566744","0.08708042577566744","D:\KLARFExport\_ArgosReview\C15RUN1\i\BackSide_BowComp_Lot_62627-198-POST-IVS_62_22de84775a\back_notch","D:\KLARFExport\_ArgosReview\C15RUN2\i\BackSide_BowComp_Lot_62627-198-POST-IVS_62_22de84775a\back_notch"
"BackSide_BowComp\Lot_62627-198-POST-IVS\62627-198-POST-IVS_20260730103451\Slot19|BACK","SAME_PASS","PASS_REVIEW_ONLY_UNIQUE_BACK_BF_DF_NOTCH","PASS_REVIEW_ONLY_UNIQUE_BACK_BF_DF_NOTCH","89.99604175265392","89.99604175265392","0","0.007916494692210563","0.007916494692210563","D:\KLARFExport\_ArgosReview\C15RUN1\i\BackSide_BowComp_Lot_62627-198-POST-IVS_62_a1690c217c\back_notch","D:\KLARFExport\_ArgosReview\C15RUN2\i\BackSide_BowComp_Lot_62627-198-POST-IVS_62_a1690c217c\back_notch"
"BackSide_BowComp\Lot_62627-198-POST-IVS\62627-198-POST-IVS_20260730103451\Slot20|BACK","SAME_PASS","PASS_REVIEW_ONLY_UNIQUE_BACK_BF_DF_NOTCH","PASS_REVIEW_ONLY_UNIQUE_BACK_BF_DF_NOTCH","89.98162832989601","89.98162832989601","0","0.03674334020797687","0.03674334020797687","D:\KLARFExport\_ArgosReview\C15RUN1\i\BackSide_BowComp_Lot_62627-198-POST-IVS_62_80bdb35cc9\back_notch","D:\KLARFExport\_ArgosReview\C15RUN2\i\BackSide_BowComp_Lot_62627-198-POST-IVS_62_80bdb35cc9\back_notch"
"BackSide_BowComp\Lot_62627-198-POST-IVS\62627-198-POST-IVS_20260730103451\Slot21|BACK","SAME_PASS","PASS_REVIEW_ONLY_UNIQUE_BACK_BF_DF_NOTCH","PASS_REVIEW_ONLY_UNIQUE_BACK_BF_DF_NOTCH","90.01924445654856","90.01924445654856","0","0.03848891309718283","0.03848891309718283","D:\KLARFExport\_ArgosReview\C15RUN1\i\BackSide_BowComp_Lot_62627-198-POST-IVS_62_439d281682\back_notch","D:\KLARFExport\_ArgosReview\C15RUN2\i\BackSide_BowComp_Lot_62627-198-POST-IVS_62_439d281682\back_notch"
"BackSide_BowComp\Lot_62627-198-POST-IVS\62627-198-POST-IVS_20260730103451\Slot22|BACK","SAME_PASS","PASS_REVIEW_ONLY_UNIQUE_BACK_BF_DF_NOTCH","PASS_REVIEW_ONLY_UNIQUE_BACK_BF_DF_NOTCH","90.01281333830588","90.01281333830588","0","0.025626676611750554","0.025626676611750554","D:\KLARFExport\_ArgosReview\C15RUN1\i\BackSide_BowComp_Lot_62627-198-POST-IVS_62_b2b25cc9a8\back_notch","D:\KLARFExport\_ArgosReview\C15RUN2\i\BackSide_BowComp_Lot_62627-198-POST-IVS_62_b2b25cc9a8\back_notch"
"BackSide_BowComp\Lot_62627-198-POST-IVS\62627-198-POST-IVS_20260730103451\Slot23|BACK","SAME_PASS","PASS_REVIEW_ONLY_UNIQUE_BACK_BF_DF_NOTCH","PASS_REVIEW_ONLY_UNIQUE_BACK_BF_DF_NOTCH","89.99222556961047","89.99222556961047","0","0.01554886077900619","0.01554886077900619","D:\KLARFExport\_ArgosReview\C15RUN1\i\BackSide_BowComp_Lot_62627-198-POST-IVS_62_0bf1bed6b4\back_notch","D:\KLARFExport\_ArgosReview\C15RUN2\i\BackSide_BowComp_Lot_62627-198-POST-IVS_62_0bf1bed6b4\back_notch"
"BackSide_BowComp\Lot_62627-198-POST-IVS\62627-198-POST-IVS_20260730103451\Slot24|BACK","SAME_PASS","PASS_REVIEW_ONLY_UNIQUE_BACK_BF_DF_NOTCH","PASS_REVIEW_ONLY_UNIQUE_BACK_BF_DF_NOTCH","90.01601386667147","90.01601386667147","0","0.03202773334297149","0.03202773334297149","D:\KLARFExport\_ArgosReview\C15RUN1\i\BackSide_BowComp_Lot_62627-198-POST-IVS_62_613306da8f\back_notch","D:\KLARFExport\_ArgosReview\C15RUN2\i\BackSide_BowComp_Lot_62627-198-POST-IVS_62_613306da8f\back_notch"
"BackSide_BowComp\Lot_62627-198-POST-IVS\62627-198-POST-IVS_20260730103451\Slot25|BACK","SAME_PASS","PASS_REVIEW_ONLY_UNIQUE_BACK_BF_DF_NOTCH","PASS_REVIEW_ONLY_UNIQUE_BACK_BF_DF_NOTCH","90.20618796019149","90.20618796019149","0","0.012375920382908134","0.012375920382908134","D:\KLARFExport\_ArgosReview\C15RUN1\i\BackSide_BowComp_Lot_62627-198-POST-IVS_62_15926c92c0\back_notch","D:\KLARFExport\_ArgosReview\C15RUN2\i\BackSide_BowComp_Lot_62627-198-POST-IVS_62_15926c92c0\back_notch"
"BackSide_BowComp\Lot_62627-198\62627-198_20260730081958\Slot16|BACK","SAME_PASS","PASS_REVIEW_ONLY_UNIQUE_BACK_BF_DF_NOTCH","PASS_REVIEW_ONLY_UNIQUE_BACK_BF_DF_NOTCH","89.98793910368136","89.98793910368136","0","0.024121792637345152","0.024121792637345152","D:\KLARFExport\_ArgosReview\C15RUN1\i\BackSide_BowComp_Lot_62627-198_62627-198_2_a2abcffad4\back_notch","D:\KLARFExport\_ArgosReview\C15RUN2\i\BackSide_BowComp_Lot_62627-198_62627-198_2_a2abcffad4\back_notch"
"BackSide_BowComp\Lot_62627-198\62627-198_20260730081958\Slot17|BACK","SAME_PASS","PASS_REVIEW_ONLY_UNIQUE_BACK_BF_DF_NOTCH","PASS_REVIEW_ONLY_UNIQUE_BACK_BF_DF_NOTCH","89.98740984083895","89.98740984083895","0","0.025180318322156836","0.025180318322156836","D:\KLARFExport\_ArgosReview\C15RUN1\i\BackSide_BowComp_Lot_62627-198_62627-198_2_5140e1eb54\back_notch","D:\KLARFExport\_ArgosReview\C15RUN2\i\BackSide_BowComp_Lot_62627-198_62627-198_2_5140e1eb54\back_notch"
"BackSide_BowComp\Lot_62627-198\62627-198_20260730081958\Slot18|BACK","SAME_PASS","PASS_REVIEW_ONLY_UNIQUE_BACK_BF_DF_NOTCH","PASS_REVIEW_ONLY_UNIQUE_BACK_BF_DF_NOTCH","89.90378412428785","89.90378412428785","0","0.00756824857569427","0.00756824857569427","D:\KLARFExport\_ArgosReview\C15RUN1\i\BackSide_BowComp_Lot_62627-198_62627-198_2_56a9793862\back_notch","D:\KLARFExport\_ArgosReview\C15RUN2\i\BackSide_BowComp_Lot_62627-198_62627-198_2_56a9793862\back_notch"
"BackSide_BowComp\Lot_62627-198\62627-198_20260730081958\Slot19|BACK","SAME_PASS","PASS_REVIEW_ONLY_UNIQUE_BACK_BF_DF_NOTCH","PASS_REVIEW_ONLY_UNIQUE_BACK_BF_DF_NOTCH","89.79891636255934","89.79891636255934","0","0.0021672748813159615","0.0021672748813159615","D:\KLARFExport\_ArgosReview\C15RUN1\i\BackSide_BowComp_Lot_62627-198_62627-198_2_e0d82aa871\back_notch","D:\KLARFExport\_ArgosReview\C15RUN2\i\BackSide_BowComp_Lot_62627-198_62627-198_2_e0d82aa871\back_notch"
"BackSide_BowComp\Lot_62627-198\62627-198_20260730081958\Slot20|BACK","SAME_PASS","PASS_REVIEW_ONLY_UNIQUE_BACK_BF_DF_NOTCH","PASS_REVIEW_ONLY_UNIQUE_BACK_BF_DF_NOTCH","89.89367511731123","89.89367511731123","0","0.012649765377602762","0.012649765377602762","D:\KLARFExport\_ArgosReview\C15RUN1\i\BackSide_BowComp_Lot_62627-198_62627-198_2_57b3d36601\back_notch","D:\KLARFExport\_ArgosReview\C15RUN2\i\BackSide_BowComp_Lot_62627-198_62627-198_2_57b3d36601\back_notch"
"BackSide_BowComp\Lot_62627-198\62627-198_20260730081958\Slot21|BACK","SAME_PASS","PASS_REVIEW_ONLY_UNIQUE_BACK_BF_DF_NOTCH","PASS_REVIEW_ONLY_UNIQUE_BACK_BF_DF_NOTCH","89.90133097920804","89.90133097920804","0","0.002661958416069865","0.002661958416069865","D:\KLARFExport\_ArgosReview\C15RUN1\i\BackSide_BowComp_Lot_62627-198_62627-198_2_d2e87bc5ea\back_notch","D:\KLARFExport\_ArgosReview\C15RUN2\i\BackSide_BowComp_Lot_62627-198_62627-198_2_d2e87bc5ea\back_notch"
"BackSide_BowComp\Lot_62627-198\62627-198_20260730081958\Slot22|BACK","SAME_PASS","PASS_REVIEW_ONLY_UNIQUE_BACK_BF_DF_NOTCH","PASS_REVIEW_ONLY_UNIQUE_BACK_BF_DF_NOTCH","89.88747796783704","89.88747796783704","0","0.025044064325982163","0.025044064325982163","D:\KLARFExport\_ArgosReview\C15RUN1\i\BackSide_BowComp_Lot_62627-198_62627-198_2_ee895d350c\back_notch","D:\KLARFExport\_ArgosReview\C15RUN2\i\BackSide_BowComp_Lot_62627-198_62627-198_2_ee895d350c\back_notch"
"BackSide_BowComp\Lot_62627-198\62627-198_20260730081958\Slot23|BACK","SAME_PASS","PASS_REVIEW_ONLY_UNIQUE_BACK_BF_DF_NOTCH","PASS_REVIEW_ONLY_UNIQUE_BACK_BF_DF_NOTCH","89.81211811651082","89.81211811651082","0","0.024236233021611042","0.024236233021611042","D:\KLARFExport\_ArgosReview\C15RUN1\i\BackSide_BowComp_Lot_62627-198_62627-198_2_230f61bbb6\back_notch","D:\KLARFExport\_ArgosReview\C15RUN2\i\BackSide_BowComp_Lot_62627-198_62627-198_2_230f61bbb6\back_notch"
"BackSide_BowComp\Lot_62627-198\62627-198_20260730081958\Slot24|BACK","SAME_PASS","PASS_REVIEW_ONLY_UNIQUE_BACK_BF_DF_NOTCH","PASS_REVIEW_ONLY_UNIQUE_BACK_BF_DF_NOTCH","89.90871895314243","89.90871895314243","0","0.01743790628481179","0.01743790628481179","D:\KLARFExport\_ArgosReview\C15RUN1\i\BackSide_BowComp_Lot_62627-198_62627-198_2_13ad35a189\back_notch","D:\KLARFExport\_ArgosReview\C15RUN2\i\BackSide_BowComp_Lot_62627-198_62627-198_2_13ad35a189\back_notch"
"BackSide_BowComp\Lot_62627-198\62627-198_20260730081958\Slot25|BACK","SAME_PASS","PASS_REVIEW_ONLY_UNIQUE_BACK_BF_DF_NOTCH","PASS_REVIEW_ONLY_UNIQUE_BACK_BF_DF_NOTCH","89.90126507960136","89.90126507960136","0","0.002530159202763116","0.002530159202763116","D:\KLARFExport\_ArgosReview\C15RUN1\i\BackSide_BowComp_Lot_62627-198_62627-198_2_10432cc978\back_notch","D:\KLARFExport\_ArgosReview\C15RUN2\i\BackSide_BowComp_Lot_62627-198_62627-198_2_10432cc978\back_notch"
"BackSide_BowComp\Lot_62629-319\62629-319_20260729144528\Slot16|BACK","SAME_PASS","PASS_REVIEW_ONLY_UNIQUE_BACK_BF_DF_NOTCH","PASS_REVIEW_ONLY_UNIQUE_BACK_BF_DF_NOTCH","89.576796914447","89.576796914447","0","0.046406171106070815","0.046406171106070815","D:\KLARFExport\_ArgosReview\C15RUN1\i\BackSide_BowComp_Lot_62629-319_62629-319_2_3b1961d042\back_notch","D:\KLARFExport\_ArgosReview\C15RUN2\i\BackSide_BowComp_Lot_62629-319_62629-319_2_3b1961d042\back_notch"
"BackSide_BowComp\Lot_62629-319\62629-319_20260729144528\Slot17|BACK","SAME_PASS","PASS_REVIEW_ONLY_UNIQUE_BACK_BF_DF_NOTCH","PASS_REVIEW_ONLY_UNIQUE_BACK_BF_DF_NOTCH","90.30470291092553","90.30470291092553","0","0.009405821850975826","0.009405821850975826","D:\KLARFExport\_ArgosReview\C15RUN1\i\BackSide_BowComp_Lot_62629-319_62629-319_2_cc3e2a1bd8\back_notch","D:\KLARFExport\_ArgosReview\C15RUN2\i\BackSide_BowComp_Lot_62629-319_62629-319_2_cc3e2a1bd8\back_notch"
"BackSide_BowComp\Lot_62629-319\62629-319_20260729144528\Slot18|BACK","SAME_PASS","PASS_REVIEW_ONLY_UNIQUE_BACK_BF_DF_NOTCH","PASS_REVIEW_ONLY_UNIQUE_BACK_BF_DF_NOTCH","89.72948212023915","89.72948212023915","0","0.05896424047833193","0.05896424047833193","D:\KLARFExport\_ArgosReview\C15RUN1\i\BackSide_BowComp_Lot_62629-319_62629-319_2_431d1d4198\back_notch","D:\KLARFExport\_ArgosReview\C15RUN2\i\BackSide_BowComp_Lot_62629-319_62629-319_2_431d1d4198\back_notch"
"BackSide_BowComp\Lot_62629-319\62629-319_20260729144528\Slot19|BACK","SAME_PASS","PASS_REVIEW_ONLY_UNIQUE_BACK_BF_DF_NOTCH","PASS_REVIEW_ONLY_UNIQUE_BACK_BF_DF_NOTCH","89.79423659013167","89.79423659013167","0","0.01152681973661629","0.01152681973661629","D:\KLARFExport\_ArgosReview\C15RUN1\i\BackSide_BowComp_Lot_62629-319_62629-319_2_771a196c8f\back_notch","D:\KLARFExport\_ArgosReview\C15RUN2\i\BackSide_BowComp_Lot_62629-319_62629-319_2_771a196c8f\back_notch"
"BackSide_BowComp\Lot_62629-319\62629-319_20260729144528\Slot20|BACK","SAME_PASS","PASS_REVIEW_ONLY_UNIQUE_BACK_BF_DF_NOTCH","PASS_REVIEW_ONLY_UNIQUE_BACK_BF_DF_NOTCH","89.6862368697851","89.6862368697851","0","0.02752626042973816","0.02752626042973816","D:\KLARFExport\_ArgosReview\C15RUN1\i\BackSide_BowComp_Lot_62629-319_62629-319_2_1e4183b432\back_notch","D:\KLARFExport\_ArgosReview\C15RUN2\i\BackSide_BowComp_Lot_62629-319_62629-319_2_1e4183b432\back_notch"
"BackSide_BowComp\Lot_62629-319\62629-319_20260729144528\Slot21|BACK","SAME_PASS","PASS_REVIEW_ONLY_UNIQUE_BACK_BF_DF_NOTCH","PASS_REVIEW_ONLY_UNIQUE_BACK_BF_DF_NOTCH","90.01363276245127","90.01363276245127","0","0.027265524902475136","0.027265524902475136","D:\KLARFExport\_ArgosReview\C15RUN1\i\BackSide_BowComp_Lot_62629-319_62629-319_2_618efca3b7\back_notch","D:\KLARFExport\_ArgosReview\C15RUN2\i\BackSide_BowComp_Lot_62629-319_62629-319_2_618efca3b7\back_notch"
"BackSide_BowComp\Lot_62629-319\62629-319_20260729144528\Slot22|BACK","SAME_PASS","PASS_REVIEW_ONLY_UNIQUE_BACK_BF_DF_NOTCH","PASS_REVIEW_ONLY_UNIQUE_BACK_BF_DF_NOTCH","90.21151959641954","90.21151959641954","0","0.023039192839064526","0.023039192839064526","D:\KLARFExport\_ArgosReview\C15RUN1\i\BackSide_BowComp_Lot_62629-319_62629-319_2_85f58953b7\back_notch","D:\KLARFExport\_ArgosReview\C15RUN2\i\BackSide_BowComp_Lot_62629-319_62629-319_2_85f58953b7\back_notch"
"BackSide_BowComp\Lot_62629-319\62629-319_20260729144528\Slot23|BACK","SAME_PASS","PASS_REVIEW_ONLY_UNIQUE_BACK_BF_DF_NOTCH","PASS_REVIEW_ONLY_UNIQUE_BACK_BF_DF_NOTCH","90.12370384530139","90.12370384530139","0","0.04740769060282446","0.04740769060282446","D:\KLARFExport\_ArgosReview\C15RUN1\i\BackSide_BowComp_Lot_62629-319_62629-319_2_ab8337d613\back_notch","D:\KLARFExport\_ArgosReview\C15RUN2\i\BackSide_BowComp_Lot_62629-319_62629-319_2_ab8337d613\back_notch"
"BackSide_BowComp\Lot_62629-319\62629-319_20260729144528\Slot24|BACK","SAME_PASS","PASS_REVIEW_ONLY_UNIQUE_BACK_BF_DF_NOTCH","PASS_REVIEW_ONLY_UNIQUE_BACK_BF_DF_NOTCH","89.80814636537872","89.80814636537872","0","0.016292730757413665","0.016292730757413665","D:\KLARFExport\_ArgosReview\C15RUN1\i\BackSide_BowComp_Lot_62629-319_62629-319_2_9d859b0da3\back_notch","D:\KLARFExport\_ArgosReview\C15RUN2\i\BackSide_BowComp_Lot_62629-319_62629-319_2_9d859b0da3\back_notch"
"BackSide_BowComp\Lot_62629-319\62629-319_20260729144528\Slot25|BACK","SAME_PASS","PASS_REVIEW_ONLY_UNIQUE_BACK_BF_DF_NOTCH","PASS_REVIEW_ONLY_UNIQUE_BACK_BF_DF_NOTCH","89.87212243089024","89.87212243089024","0","0.05575513821952427","0.05575513821952427","D:\KLARFExport\_ArgosReview\C15RUN1\i\BackSide_BowComp_Lot_62629-319_62629-319_2_990c93a2ba\back_notch","D:\KLARFExport\_ArgosReview\C15RUN2\i\BackSide_BowComp_Lot_62629-319_62629-319_2_990c93a2ba\back_notch"
"BackSide_BowComp\Lot_62629-319\62629-319_20260729173821\Slot16|BACK","SAME_PASS","PASS_REVIEW_ONLY_UNIQUE_BACK_BF_DF_NOTCH","PASS_REVIEW_ONLY_UNIQUE_BACK_BF_DF_NOTCH","89.89468579814522","89.89468579814522","0","0.010628403709517897","0.010628403709517897","D:\KLARFExport\_ArgosReview\C15RUN1\i\BackSide_BowComp_Lot_62629-319_62629-319_2_def3edc5e2\back_notch","D:\KLARFExport\_ArgosReview\C15RUN2\i\BackSide_BowComp_Lot_62629-319_62629-319_2_def3edc5e2\back_notch"
"BackSide_BowComp\Lot_62629-319\62629-319_20260729173821\Slot17|BACK","SAME_PASS","PASS_REVIEW_ONLY_UNIQUE_BACK_BF_DF_NOTCH","PASS_REVIEW_ONLY_UNIQUE_BACK_BF_DF_NOTCH","89.89204974329178","89.89204974329178","0","0.01590051341651133","0.01590051341651133","D:\KLARFExport\_ArgosReview\C15RUN1\i\BackSide_BowComp_Lot_62629-319_62629-319_2_d8fff2bbac\back_notch","D:\KLARFExport\_ArgosReview\C15RUN2\i\BackSide_BowComp_Lot_62629-319_62629-319_2_d8fff2bbac\back_notch"
"BackSide_BowComp\Lot_62629-319\62629-319_20260729173821\Slot18|BACK","SAME_PASS","PASS_REVIEW_ONLY_UNIQUE_BACK_BF_DF_NOTCH","PASS_REVIEW_ONLY_UNIQUE_BACK_BF_DF_NOTCH","89.89961304828952","89.89961304828952","0","0.0007739034209635065","0.0007739034209635065","D:\KLARFExport\_ArgosReview\C15RUN1\i\BackSide_BowComp_Lot_62629-319_62629-319_2_fb51681cef\back_notch","D:\KLARFExport\_ArgosReview\C15RUN2\i\BackSide_BowComp_Lot_62629-319_62629-319_2_fb51681cef\back_notch"
"BackSide_BowComp\Lot_62629-319\62629-319_20260729173821\Slot19|BACK","SAME_PASS","PASS_REVIEW_ONLY_UNIQUE_BACK_BF_DF_NOTCH","PASS_REVIEW_ONLY_UNIQUE_BACK_BF_DF_NOTCH","89.82902243516156","89.82902243516156","0","0.05804487032315819","0.05804487032315819","D:\KLARFExport\_ArgosReview\C15RUN1\i\BackSide_BowComp_Lot_62629-319_62629-319_2_16a90ae318\back_notch","D:\KLARFExport\_ArgosReview\C15RUN2\i\BackSide_BowComp_Lot_62629-319_62629-319_2_16a90ae318\back_notch"
"BackSide_BowComp\Lot_62629-319\62629-319_20260729173821\Slot20|BACK","SAME_PASS","PASS_REVIEW_ONLY_UNIQUE_BACK_BF_DF_NOTCH","PASS_REVIEW_ONLY_UNIQUE_BACK_BF_DF_NOTCH","89.80757715042671","89.80757715042671","0","0.015154300853367886","0.015154300853367886","D:\KLARFExport\_ArgosReview\C15RUN1\i\BackSide_BowComp_Lot_62629-319_62629-319_2_2290a53fd9\back_notch","D:\KLARFExport\_ArgosReview\C15RUN2\i\BackSide_BowComp_Lot_62629-319_62629-319_2_2290a53fd9\back_notch"
"BackSide_BowComp\Lot_62629-319\62629-319_20260729173821\Slot21|BACK","SAME_PASS","PASS_REVIEW_ONLY_UNIQUE_BACK_BF_DF_NOTCH","PASS_REVIEW_ONLY_UNIQUE_BACK_BF_DF_NOTCH","89.78384954260429","89.78384954260429","0","0.03230091479139219","0.03230091479139219","D:\KLARFExport\_ArgosReview\C15RUN1\i\BackSide_BowComp_Lot_62629-319_62629-319_2_cf3c2f6c2f\back_notch","D:\KLARFExport\_ArgosReview\C15RUN2\i\BackSide_BowComp_Lot_62629-319_62629-319_2_cf3c2f6c2f\back_notch"
"BackSide_BowComp\Lot_62629-319\62629-319_20260729173821\Slot22|BACK","SAME_PASS","PASS_REVIEW_ONLY_UNIQUE_BACK_BF_DF_NOTCH","PASS_REVIEW_ONLY_UNIQUE_BACK_BF_DF_NOTCH","89.6990278481481","89.6990278481481","0","0.0019443037037945032","0.0019443037037945032","D:\KLARFExport\_ArgosReview\C15RUN1\i\BackSide_BowComp_Lot_62629-319_62629-319_2_3ee42899e9\back_notch","D:\KLARFExport\_ArgosReview\C15RUN2\i\BackSide_BowComp_Lot_62629-319_62629-319_2_3ee42899e9\back_notch"
"BackSide_BowComp\Lot_62629-319\62629-319_20260729173821\Slot23|BACK","SAME_PASS","PASS_REVIEW_ONLY_UNIQUE_BACK_BF_DF_NOTCH","PASS_REVIEW_ONLY_UNIQUE_BACK_BF_DF_NOTCH","89.73369042845185","89.73369042845185","0","0.06738085690369644","0.06738085690369644","D:\KLARFExport\_ArgosReview\C15RUN1\i\BackSide_BowComp_Lot_62629-319_62629-319_2_f7ecb3a392\back_notch","D:\KLARFExport\_ArgosReview\C15RUN2\i\BackSide_BowComp_Lot_62629-319_62629-319_2_f7ecb3a392\back_notch"
"BackSide_BowComp\Lot_62629-319\62629-319_20260729173821\Slot24|BACK","SAME_PASS","PASS_REVIEW_ONLY_UNIQUE_BACK_BF_DF_NOTCH","PASS_REVIEW_ONLY_UNIQUE_BACK_BF_DF_NOTCH","89.70608387474665","89.70608387474665","0","0.012167749493301017","0.012167749493301017","D:\KLARFExport\_ArgosReview\C15RUN1\i\BackSide_BowComp_Lot_62629-319_62629-319_2_588f97dd66\back_notch","D:\KLARFExport\_ArgosReview\C15RUN2\i\BackSide_BowComp_Lot_62629-319_62629-319_2_588f97dd66\back_notch"
"BackSide_BowComp\Lot_62629-319\62629-319_20260729173821\Slot25|BACK","SAME_PASS","PASS_REVIEW_ONLY_UNIQUE_BACK_BF_DF_NOTCH","PASS_REVIEW_ONLY_UNIQUE_BACK_BF_DF_NOTCH","89.71656250859924","89.71656250859924","0","0.03312501719850047","0.03312501719850047","D:\KLARFExport\_ArgosReview\C15RUN1\i\BackSide_BowComp_Lot_62629-319_62629-319_2_e429b1ac51\back_notch","D:\KLARFExport\_ArgosReview\C15RUN2\i\BackSide_BowComp_Lot_62629-319_62629-319_2_e429b1ac51\back_notch"
"BackSide_BowComp\Lot_62629-327\62629-327_20260730215320\Slot16|BACK","SAME_PASS","PASS_REVIEW_ONLY_UNIQUE_BACK_BF_DF_NOTCH","PASS_REVIEW_ONLY_UNIQUE_BACK_BF_DF_NOTCH","89.7949743039647","89.7949743039647","0","0.01005139207060779","0.01005139207060779","D:\KLARFExport\_ArgosReview\C15RUN1\i\BackSide_BowComp_Lot_62629-327_62629-327_2_7dc066e7d1\back_notch","D:\KLARFExport\_ArgosReview\C15RUN2\i\BackSide_BowComp_Lot_62629-327_62629-327_2_7dc066e7d1\back_notch"
"BackSide_BowComp\Lot_62629-327\62629-327_20260730215320\Slot17|BACK","SAME_PASS","PASS_REVIEW_ONLY_UNIQUE_BACK_BF_DF_NOTCH","PASS_REVIEW_ONLY_UNIQUE_BACK_BF_DF_NOTCH","89.79638943718868","89.79638943718868","0","0.007221125622720592","0.007221125622720592","D:\KLARFExport\_ArgosReview\C15RUN1\i\BackSide_BowComp_Lot_62629-327_62629-327_2_648b1457f3\back_notch","D:\KLARFExport\_ArgosReview\C15RUN2\i\BackSide_BowComp_Lot_62629-327_62629-327_2_648b1457f3\back_notch"
"BackSide_BowComp\Lot_62629-327\62629-327_20260730215320\Slot18|BACK","SAME_PASS","PASS_REVIEW_ONLY_UNIQUE_BACK_BF_DF_NOTCH","PASS_REVIEW_ONLY_UNIQUE_BACK_BF_DF_NOTCH","89.79897402864043","89.79897402864043","0","0.002051942719191402","0.002051942719191402","D:\KLARFExport\_ArgosReview\C15RUN1\i\BackSide_BowComp_Lot_62629-327_62629-327_2_5c14757907\back_notch","D:\KLARFExport\_ArgosReview\C15RUN2\i\BackSide_BowComp_Lot_62629-327_62629-327_2_5c14757907\back_notch"
"BackSide_BowComp\Lot_62629-327\62629-327_20260730215320\Slot19|BACK","SAME_PASS","PASS_REVIEW_ONLY_UNIQUE_BACK_BF_DF_NOTCH","PASS_REVIEW_ONLY_UNIQUE_BACK_BF_DF_NOTCH","89.72684925858631","89.72684925858631","0","0.05369851717256324","0.05369851717256324","D:\KLARFExport\_ArgosReview\C15RUN1\i\BackSide_BowComp_Lot_62629-327_62629-327_2_140b32f577\back_notch","D:\KLARFExport\_ArgosReview\C15RUN2\i\BackSide_BowComp_Lot_62629-327_62629-327_2_140b32f577\back_notch"
"BackSide_BowComp\Lot_62629-327\62629-327_20260730215320\Slot20|BACK","SAME_PASS","PASS_REVIEW_ONLY_UNIQUE_BACK_BF_DF_NOTCH","PASS_REVIEW_ONLY_UNIQUE_BACK_BF_DF_NOTCH","89.70520041478774","89.70520041478774","0","0.010400829575530679","0.010400829575530679","D:\KLARFExport\_ArgosReview\C15RUN1\i\BackSide_BowComp_Lot_62629-327_62629-327_2_94bbb46e54\back_notch","D:\KLARFExport\_ArgosReview\C15RUN2\i\BackSide_BowComp_Lot_62629-327_62629-327_2_94bbb46e54\back_notch"
"BackSide_BowComp\Lot_62629-327\62629-327_20260730215320\Slot21|BACK","SAME_PASS","PASS_REVIEW_ONLY_UNIQUE_BACK_BF_DF_NOTCH","PASS_REVIEW_ONLY_UNIQUE_BACK_BF_DF_NOTCH","89.78840151199074","89.78840151199074","0","0.023196976018539317","0.023196976018539317","D:\KLARFExport\_ArgosReview\C15RUN1\i\BackSide_BowComp_Lot_62629-327_62629-327_2_dabcddbddf\back_notch","D:\KLARFExport\_ArgosReview\C15RUN2\i\BackSide_BowComp_Lot_62629-327_62629-327_2_dabcddbddf\back_notch"
"BackSide_BowComp\Lot_62629-327\62629-327_20260730215320\Slot22|BACK","SAME_PASS","PASS_REVIEW_ONLY_UNIQUE_BACK_BF_DF_NOTCH","PASS_REVIEW_ONLY_UNIQUE_BACK_BF_DF_NOTCH","89.79587625004041","89.79587625004041","0","0.0082474999192641","0.0082474999192641","D:\KLARFExport\_ArgosReview\C15RUN1\i\BackSide_BowComp_Lot_62629-327_62629-327_2_f23b4cd687\back_notch","D:\KLARFExport\_ArgosReview\C15RUN2\i\BackSide_BowComp_Lot_62629-327_62629-327_2_f23b4cd687\back_notch"
"BackSide_BowComp\Lot_62629-327\62629-327_20260730215320\Slot23|BACK","SAME_PASS","PASS_REVIEW_ONLY_UNIQUE_BACK_BF_DF_NOTCH","PASS_REVIEW_ONLY_UNIQUE_BACK_BF_DF_NOTCH","89.78861617126546","89.78861617126546","0","0.0227676574690463","0.0227676574690463","D:\KLARFExport\_ArgosReview\C15RUN1\i\BackSide_BowComp_Lot_62629-327_62629-327_2_e8a963d094\back_notch","D:\KLARFExport\_ArgosReview\C15RUN2\i\BackSide_BowComp_Lot_62629-327_62629-327_2_e8a963d094\back_notch"
"BackSide_BowComp\Lot_62629-327\62629-327_20260730215320\Slot24|BACK","SAME_PASS","PASS_REVIEW_ONLY_UNIQUE_BACK_BF_DF_NOTCH","PASS_REVIEW_ONLY_UNIQUE_BACK_BF_DF_NOTCH","89.79581009577242","89.79581009577242","0","0.008379808455174498","0.008379808455174498","D:\KLARFExport\_ArgosReview\C15RUN1\i\BackSide_BowComp_Lot_62629-327_62629-327_2_5fe4a07fae\back_notch","D:\KLARFExport\_ArgosReview\C15RUN2\i\BackSide_BowComp_Lot_62629-327_62629-327_2_5fe4a07fae\back_notch"
"BackSide_BowComp\Lot_62629-327\62629-327_20260730215320\Slot25|BACK","SAME_PASS","PASS_REVIEW_ONLY_UNIQUE_BACK_BF_DF_NOTCH","PASS_REVIEW_ONLY_UNIQUE_BACK_BF_DF_NOTCH","89.69667319362334","89.69667319362334","0","0.00665361275326859","0.00665361275326859","D:\KLARFExport\_ArgosReview\C15RUN1\i\BackSide_BowComp_Lot_62629-327_62629-327_2_e4a7daa553\back_notch","D:\KLARFExport\_ArgosReview\C15RUN2\i\BackSide_BowComp_Lot_62629-327_62629-327_2_e4a7daa553\back_notch"
"BackSide_BowComp\Lot_62629-327\62629-327_20260730225927\Slot16|BACK","SAME_PASS","PASS_REVIEW_ONLY_UNIQUE_BACK_BF_DF_NOTCH","PASS_REVIEW_ONLY_UNIQUE_BACK_BF_DF_NOTCH","89.799750208575","89.799750208575","0","0.0004995828499829713","0.0004995828499829713","D:\KLARFExport\_ArgosReview\C15RUN1\i\BackSide_BowComp_Lot_62629-327_62629-327_2_fe02659595\back_notch","D:\KLARFExport\_ArgosReview\C15RUN2\i\BackSide_BowComp_Lot_62629-327_62629-327_2_fe02659595\back_notch"
"BackSide_BowComp\Lot_62629-327\62629-327_20260730225927\Slot17|BACK","SAME_PASS","PASS_REVIEW_ONLY_UNIQUE_BACK_BF_DF_NOTCH","PASS_REVIEW_ONLY_UNIQUE_BACK_BF_DF_NOTCH","89.7861511929413","89.7861511929413","0","0.02769761411741456","0.02769761411741456","D:\KLARFExport\_ArgosReview\C15RUN1\i\BackSide_BowComp_Lot_62629-327_62629-327_2_ecd09cbb42\back_notch","D:\KLARFExport\_ArgosReview\C15RUN2\i\BackSide_BowComp_Lot_62629-327_62629-327_2_ecd09cbb42\back_notch"
"BackSide_BowComp\Lot_62629-327\62629-327_20260730225927\Slot18|BACK","SAME_PASS","PASS_REVIEW_ONLY_UNIQUE_BACK_BF_DF_NOTCH","PASS_REVIEW_ONLY_UNIQUE_BACK_BF_DF_NOTCH","89.72786138223451","89.72786138223451","0","0.055722764469010144","0.055722764469010144","D:\KLARFExport\_ArgosReview\C15RUN1\i\BackSide_BowComp_Lot_62629-327_62629-327_2_81336f8630\back_notch","D:\KLARFExport\_ArgosReview\C15RUN2\i\BackSide_BowComp_Lot_62629-327_62629-327_2_81336f8630\back_notch"
"BackSide_BowComp\Lot_62629-327\62629-327_20260730225927\Slot19|BACK","SAME_PASS","PASS_REVIEW_ONLY_UNIQUE_BACK_BF_DF_NOTCH","PASS_REVIEW_ONLY_UNIQUE_BACK_BF_DF_NOTCH","89.7988299986419","89.7988299986419","0","0.0023400027162665538","0.0023400027162665538","D:\KLARFExport\_ArgosReview\C15RUN1\i\BackSide_BowComp_Lot_62629-327_62629-327_2_8f01573c1c\back_notch","D:\KLARFExport\_ArgosReview\C15RUN2\i\BackSide_BowComp_Lot_62629-327_62629-327_2_8f01573c1c\back_notch"
"BackSide_BowComp\Lot_62629-327\62629-327_20260730225927\Slot20|BACK","SAME_PASS","PASS_REVIEW_ONLY_UNIQUE_BACK_BF_DF_NOTCH","PASS_REVIEW_ONLY_UNIQUE_BACK_BF_DF_NOTCH","89.79982371495049","89.79982371495049","0","0.00035257009909628323","0.00035257009909628323","D:\KLARFExport\_ArgosReview\C15RUN1\i\BackSide_BowComp_Lot_62629-327_62629-327_2_74251b0107\back_notch","D:\KLARFExport\_ArgosReview\C15RUN2\i\BackSide_BowComp_Lot_62629-327_62629-327_2_74251b0107\back_notch"
"BackSide_BowComp\Lot_62629-327\62629-327_20260730225927\Slot21|BACK","SAME_PASS","PASS_REVIEW_ONLY_UNIQUE_BACK_BF_DF_NOTCH","PASS_REVIEW_ONLY_UNIQUE_BACK_BF_DF_NOTCH","89.70212545587636","89.70212545587636","0","0.004250911752762931","0.004250911752762931","D:\KLARFExport\_ArgosReview\C15RUN1\i\BackSide_BowComp_Lot_62629-327_62629-327_2_540694bd05\back_notch","D:\KLARFExport\_ArgosReview\C15RUN2\i\BackSide_BowComp_Lot_62629-327_62629-327_2_540694bd05\back_notch"
"BackSide_BowComp\Lot_62629-327\62629-327_20260730225927\Slot22|BACK","SAME_PASS","PASS_REVIEW_ONLY_UNIQUE_BACK_BF_DF_NOTCH","PASS_REVIEW_ONLY_UNIQUE_BACK_BF_DF_NOTCH","89.88746755276341","89.88746755276341","0","0.025064894473160848","0.025064894473160848","D:\KLARFExport\_ArgosReview\C15RUN1\i\BackSide_BowComp_Lot_62629-327_62629-327_2_65d14af64c\back_notch","D:\KLARFExport\_ArgosReview\C15RUN2\i\BackSide_BowComp_Lot_62629-327_62629-327_2_65d14af64c\back_notch"
"BackSide_BowComp\Lot_62629-327\62629-327_20260730225927\Slot23|BACK","SAME_PASS","PASS_REVIEW_ONLY_UNIQUE_BACK_BF_DF_NOTCH","PASS_REVIEW_ONLY_UNIQUE_BACK_BF_DF_NOTCH","89.72694630244605","89.72694630244605","0","0.05389260489212688","0.05389260489212688","D:\KLARFExport\_ArgosReview\C15RUN1\i\BackSide_BowComp_Lot_62629-327_62629-327_2_617d1b666a\back_notch","D:\KLARFExport\_ArgosReview\C15RUN2\i\BackSide_BowComp_Lot_62629-327_62629-327_2_617d1b666a\back_notch"
"BackSide_BowComp\Lot_62629-327\62629-327_20260730225927\Slot24|BACK","SAME_PASS","PASS_REVIEW_ONLY_UNIQUE_BACK_BF_DF_NOTCH","PASS_REVIEW_ONLY_UNIQUE_BACK_BF_DF_NOTCH","89.72803248691879","89.72803248691879","0","0.05606497383760711","0.05606497383760711","D:\KLARFExport\_ArgosReview\C15RUN1\i\BackSide_BowComp_Lot_62629-327_62629-327_2_04260427ba\back_notch","D:\KLARFExport\_ArgosReview\C15RUN2\i\BackSide_BowComp_Lot_62629-327_62629-327_2_04260427ba\back_notch"
"BackSide_BowComp\Lot_62629-327\62629-327_20260730225927\Slot25|BACK","SAME_PASS","PASS_REVIEW_ONLY_UNIQUE_BACK_BF_DF_NOTCH","PASS_REVIEW_ONLY_UNIQUE_BACK_BF_DF_NOTCH","89.7903549690489","89.7903549690489","0","0.019290061902182742","0.019290061902182742","D:\KLARFExport\_ArgosReview\C15RUN1\i\BackSide_BowComp_Lot_62629-327_62629-327_2_3247ef438b\back_notch","D:\KLARFExport\_ArgosReview\C15RUN2\i\BackSide_BowComp_Lot_62629-327_62629-327_2_3247ef438b\back_notch"
"BackSide_BowComp\Lot_62629-341\62629-341_20260730220842\Slot16|BACK","SAME_PASS","PASS_REVIEW_ONLY_UNIQUE_BACK_BF_DF_NOTCH","PASS_REVIEW_ONLY_UNIQUE_BACK_BF_DF_NOTCH","89.77838969196733","89.77838969196733","0","0.043220616065298145","0.043220616065298145","D:\KLARFExport\_ArgosReview\C15RUN1\i\BackSide_BowComp_Lot_62629-341_62629-341_2_0a04f3609d\back_notch","D:\KLARFExport\_ArgosReview\C15RUN2\i\BackSide_BowComp_Lot_62629-341_62629-341_2_0a04f3609d\back_notch"
"BackSide_BowComp\Lot_62629-341\62629-341_20260730220842\Slot17|BACK","SAME_PASS","PASS_REVIEW_ONLY_UNIQUE_BACK_BF_DF_NOTCH","PASS_REVIEW_ONLY_UNIQUE_BACK_BF_DF_NOTCH","89.69497314246378","89.69497314246378","0","0.010053715072473324","0.010053715072473324","D:\KLARFExport\_ArgosReview\C15RUN1\i\BackSide_BowComp_Lot_62629-341_62629-341_2_44991c3195\back_notch","D:\KLARFExport\_ArgosReview\C15RUN2\i\BackSide_BowComp_Lot_62629-341_62629-341_2_44991c3195\back_notch"
"BackSide_BowComp\Lot_62629-341\62629-341_20260730220842\Slot18|BACK","SAME_PASS","PASS_REVIEW_ONLY_UNIQUE_BACK_BF_DF_NOTCH","PASS_REVIEW_ONLY_UNIQUE_BACK_BF_DF_NOTCH","89.79114265806481","89.79114265806481","0","0.017714683870423187","0.017714683870423187","D:\KLARFExport\_ArgosReview\C15RUN1\i\BackSide_BowComp_Lot_62629-341_62629-341_2_0d01a50f93\back_notch","D:\KLARFExport\_ArgosReview\C15RUN2\i\BackSide_BowComp_Lot_62629-341_62629-341_2_0d01a50f93\back_notch"
"BackSide_BowComp\Lot_62629-341\62629-341_20260730220842\Slot19|BACK","SAME_PASS","PASS_REVIEW_ONLY_UNIQUE_BACK_BF_DF_NOTCH","PASS_REVIEW_ONLY_UNIQUE_BACK_BF_DF_NOTCH","89.77364023340829","89.77364023340829","0","0.05271953318347755","0.05271953318347755","D:\KLARFExport\_ArgosReview\C15RUN1\i\BackSide_BowComp_Lot_62629-341_62629-341_2_68fae26e05\back_notch","D:\KLARFExport\_ArgosReview\C15RUN2\i\BackSide_BowComp_Lot_62629-341_62629-341_2_68fae26e05\back_notch"
"BackSide_BowComp\Lot_62629-341\62629-341_20260730220842\Slot20|BACK","SAME_PASS","PASS_REVIEW_ONLY_UNIQUE_BACK_BF_DF_NOTCH","PASS_REVIEW_ONLY_UNIQUE_BACK_BF_DF_NOTCH","89.69953248003954","89.69953248003954","0","0.0009350399209324678","0.0009350399209324678","D:\KLARFExport\_ArgosReview\C15RUN1\i\BackSide_BowComp_Lot_62629-341_62629-341_2_e8dbf4fb14\back_notch","D:\KLARFExport\_ArgosReview\C15RUN2\i\BackSide_BowComp_Lot_62629-341_62629-341_2_e8dbf4fb14\back_notch"
"BackSide_BowComp\Lot_62629-341\62629-341_20260730220842\Slot21|BACK","SAME_PASS","PASS_REVIEW_ONLY_UNIQUE_BACK_BF_DF_NOTCH","PASS_REVIEW_ONLY_UNIQUE_BACK_BF_DF_NOTCH","89.70221065922108","89.70221065922108","0","0.004421318442211941","0.004421318442211941","D:\KLARFExport\_ArgosReview\C15RUN1\i\BackSide_BowComp_Lot_62629-341_62629-341_2_258f0b787d\back_notch","D:\KLARFExport\_ArgosReview\C15RUN2\i\BackSide_BowComp_Lot_62629-341_62629-341_2_258f0b787d\back_notch"
"BackSide_BowComp\Lot_62629-341\62629-341_20260730220842\Slot22|BACK","SAME_PASS","PASS_REVIEW_ONLY_UNIQUE_BACK_BF_DF_NOTCH","PASS_REVIEW_ONLY_UNIQUE_BACK_BF_DF_NOTCH","89.69983252191822","89.69983252191822","0","0.0003349561634991005","0.0003349561634991005","D:\KLARFExport\_ArgosReview\C15RUN1\i\BackSide_BowComp_Lot_62629-341_62629-341_2_8afb7a9f84\back_notch","D:\KLARFExport\_ArgosReview\C15RUN2\i\BackSide_BowComp_Lot_62629-341_62629-341_2_8afb7a9f84\back_notch"
"BackSide_BowComp\Lot_62629-341\62629-341_20260730220842\Slot23|BACK","SAME_PASS","PASS_REVIEW_ONLY_UNIQUE_BACK_BF_DF_NOTCH","PASS_REVIEW_ONLY_UNIQUE_BACK_BF_DF_NOTCH","89.79575069947549","89.79575069947549","0","0.008498601049041099","0.008498601049041099","D:\KLARFExport\_ArgosReview\C15RUN1\i\BackSide_BowComp_Lot_62629-341_62629-341_2_1780354baa\back_notch","D:\KLARFExport\_ArgosReview\C15RUN2\i\BackSide_BowComp_Lot_62629-341_62629-341_2_1780354baa\back_notch"
"BackSide_BowComp\Lot_62629-341\62629-341_20260730220842\Slot24|BACK","SAME_PASS","PASS_REVIEW_ONLY_UNIQUE_BACK_BF_DF_NOTCH","PASS_REVIEW_ONLY_UNIQUE_BACK_BF_DF_NOTCH","89.72750725763787","89.72750725763787","0","0.055014515275729536","0.055014515275729536","D:\KLARFExport\_ArgosReview\C15RUN1\i\BackSide_BowComp_Lot_62629-341_62629-341_2_fa224314d1\back_notch","D:\KLARFExport\_ArgosReview\C15RUN2\i\BackSide_BowComp_Lot_62629-341_62629-341_2_fa224314d1\back_notch"
"BackSide_BowComp\Lot_62629-341\62629-341_20260730220842\Slot25|BACK","SAME_PASS","PASS_REVIEW_ONLY_UNIQUE_BACK_BF_DF_NOTCH","PASS_REVIEW_ONLY_UNIQUE_BACK_BF_DF_NOTCH","89.80031926477045","89.80031926477045","0","0.0006385295408790626","0.0006385295408790626","D:\KLARFExport\_ArgosReview\C15RUN1\i\BackSide_BowComp_Lot_62629-341_62629-341_2_48d35edee8\back_notch","D:\KLARFExport\_ArgosReview\C15RUN2\i\BackSide_BowComp_Lot_62629-341_62629-341_2_48d35edee8\back_notch"
"BackSide_BowComp\Lot_62629-341\62629-341_20260730233628\Slot16|BACK","SAME_PASS","PASS_REVIEW_ONLY_UNIQUE_BACK_BF_DF_NOTCH","PASS_REVIEW_ONLY_UNIQUE_BACK_BF_DF_NOTCH","89.6897988343713","89.6897988343713","0","0.020402331257429296","0.020402331257429296","D:\KLARFExport\_ArgosReview\C15RUN1\i\BackSide_BowComp_Lot_62629-341_62629-341_2_6dc8331136\back_notch","D:\KLARFExport\_ArgosReview\C15RUN2\i\BackSide_BowComp_Lot_62629-341_62629-341_2_6dc8331136\back_notch"
"BackSide_BowComp\Lot_62629-341\62629-341_20260730233628\Slot17|BACK","SAME_PASS","PASS_REVIEW_ONLY_UNIQUE_BACK_BF_DF_NOTCH","PASS_REVIEW_ONLY_UNIQUE_BACK_BF_DF_NOTCH","89.69219397353466","89.69219397353466","0","0.015612052930634945","0.015612052930634945","D:\KLARFExport\_ArgosReview\C15RUN1\i\BackSide_BowComp_Lot_62629-341_62629-341_2_20828e3be4\back_notch","D:\KLARFExport\_ArgosReview\C15RUN2\i\BackSide_BowComp_Lot_62629-341_62629-341_2_20828e3be4\back_notch"
"BackSide_BowComp\Lot_62629-341\62629-341_20260730233628\Slot18|BACK","SAME_PASS","PASS_REVIEW_ONLY_UNIQUE_BACK_BF_DF_NOTCH","PASS_REVIEW_ONLY_UNIQUE_BACK_BF_DF_NOTCH","89.68654471739235","89.68654471739235","0","0.02691056521535984","0.02691056521535984","D:\KLARFExport\_ArgosReview\C15RUN1\i\BackSide_BowComp_Lot_62629-341_62629-341_2_4c7685a905\back_notch","D:\KLARFExport\_ArgosReview\C15RUN2\i\BackSide_BowComp_Lot_62629-341_62629-341_2_4c7685a905\back_notch"
"BackSide_BowComp\Lot_62629-341\62629-341_20260730233628\Slot19|BACK","SAME_PASS","PASS_REVIEW_ONLY_UNIQUE_BACK_BF_DF_NOTCH","PASS_REVIEW_ONLY_UNIQUE_BACK_BF_DF_NOTCH","89.69546211133907","89.69546211133907","0","0.009075777321868372","0.009075777321868372","D:\KLARFExport\_ArgosReview\C15RUN1\i\BackSide_BowComp_Lot_62629-341_62629-341_2_965fbfecad\back_notch","D:\KLARFExport\_ArgosReview\C15RUN2\i\BackSide_BowComp_Lot_62629-341_62629-341_2_965fbfecad\back_notch"
"BackSide_BowComp\Lot_62629-341\62629-341_20260730233628\Slot20|BACK","SAME_PASS","PASS_REVIEW_ONLY_UNIQUE_BACK_BF_DF_NOTCH","PASS_REVIEW_ONLY_UNIQUE_BACK_BF_DF_NOTCH","89.7665397072061","89.7665397072061","0","0.066920585587809","0.066920585587809","D:\KLARFExport\_ArgosReview\C15RUN1\i\BackSide_BowComp_Lot_62629-341_62629-341_2_78c9cc7fff\back_notch","D:\KLARFExport\_ArgosReview\C15RUN2\i\BackSide_BowComp_Lot_62629-341_62629-341_2_78c9cc7fff\back_notch"
"BackSide_BowComp\Lot_62629-341\62629-341_20260730233628\Slot21|BACK","SAME_PASS","PASS_REVIEW_ONLY_UNIQUE_BACK_BF_DF_NOTCH","PASS_REVIEW_ONLY_UNIQUE_BACK_BF_DF_NOTCH","89.76432696947512","89.76432696947512","0","0.07134606104983732","0.07134606104983732","D:\KLARFExport\_ArgosReview\C15RUN1\i\BackSide_BowComp_Lot_62629-341_62629-341_2_4f283fb89d\back_notch","D:\KLARFExport\_ArgosReview\C15RUN2\i\BackSide_BowComp_Lot_62629-341_62629-341_2_4f283fb89d\back_notch"
"BackSide_BowComp\Lot_62629-341\62629-341_20260730233628\Slot22|BACK","SAME_PASS","PASS_REVIEW_ONLY_UNIQUE_BACK_BF_DF_NOTCH","PASS_REVIEW_ONLY_UNIQUE_BACK_BF_DF_NOTCH","89.7072937135933","89.7072937135933","0","0.014587427186540936","0.014587427186540936","D:\KLARFExport\_ArgosReview\C15RUN1\i\BackSide_BowComp_Lot_62629-341_62629-341_2_689c6873d2\back_notch","D:\KLARFExport\_ArgosReview\C15RUN2\i\BackSide_BowComp_Lot_62629-341_62629-341_2_689c6873d2\back_notch"
"BackSide_BowComp\Lot_62629-341\62629-341_20260730233628\Slot23|BACK","SAME_PASS","PASS_REVIEW_ONLY_UNIQUE_BACK_BF_DF_NOTCH","PASS_REVIEW_ONLY_UNIQUE_BACK_BF_DF_NOTCH","89.81100925800774","89.81100925800774","0","0.02201851601546423","0.02201851601546423","D:\KLARFExport\_ArgosReview\C15RUN1\i\BackSide_BowComp_Lot_62629-341_62629-341_2_4cb9cd2ebb\back_notch","D:\KLARFExport\_ArgosReview\C15RUN2\i\BackSide_BowComp_Lot_62629-341_62629-341_2_4cb9cd2ebb\back_notch"
"BackSide_BowComp\Lot_62629-341\62629-341_20260730233628\Slot24|BACK","SAME_PASS","PASS_REVIEW_ONLY_UNIQUE_BACK_BF_DF_NOTCH","PASS_REVIEW_ONLY_UNIQUE_BACK_BF_DF_NOTCH","89.81079847536131","89.81079847536131","0","0.021596950722596375","0.021596950722596375","D:\KLARFExport\_ArgosReview\C15RUN1\i\BackSide_BowComp_Lot_62629-341_62629-341_2_dc23e68148\back_notch","D:\KLARFExport\_ArgosReview\C15RUN2\i\BackSide_BowComp_Lot_62629-341_62629-341_2_dc23e68148\back_notch"
"BackSide_BowComp\Lot_62629-341\62629-341_20260730233628\Slot25|BACK","SAME_PASS","PASS_REVIEW_ONLY_UNIQUE_BACK_BF_DF_NOTCH","PASS_REVIEW_ONLY_UNIQUE_BACK_BF_DF_NOTCH","89.78802416621863","89.78802416621863","0","0.023951667562783996","0.023951667562783996","D:\KLARFExport\_ArgosReview\C15RUN1\i\BackSide_BowComp_Lot_62629-341_62629-341_2_e28e1bd366\back_notch","D:\KLARFExport\_ArgosReview\C15RUN2\i\BackSide_BowComp_Lot_62629-341_62629-341_2_e28e1bd366\back_notch"
"BackSide_BowComp\Lot_62630-456\62630-456_20260730154042\Slot01|BACK","SAME_PASS","PASS_REVIEW_ONLY_UNIQUE_BACK_BF_DF_NOTCH","PASS_REVIEW_ONLY_UNIQUE_BACK_BF_DF_NOTCH","89.97207866705094","89.97207866705094","0","0.05584266589812614","0.05584266589812614","D:\KLARFExport\_ArgosReview\C15RUN1\i\BackSide_BowComp_Lot_62630-456_62630-456_2_5ec415a03b\back_notch","D:\KLARFExport\_ArgosReview\C15RUN2\i\BackSide_BowComp_Lot_62630-456_62630-456_2_5ec415a03b\back_notch"
"BackSide_BowComp\Lot_62630-456\62630-456_20260730154042\Slot02|BACK","SAME_PASS","PASS_REVIEW_ONLY_UNIQUE_BACK_BF_DF_NOTCH","PASS_REVIEW_ONLY_UNIQUE_BACK_BF_DF_NOTCH","89.99177136682681","89.99177136682681","0","0.016457266346407096","0.016457266346407096","D:\KLARFExport\_ArgosReview\C15RUN1\i\BackSide_BowComp_Lot_62630-456_62630-456_2_2dfccf8905\back_notch","D:\KLARFExport\_ArgosReview\C15RUN2\i\BackSide_BowComp_Lot_62630-456_62630-456_2_2dfccf8905\back_notch"
"BackSide_BowComp\Lot_62630-456\62630-456_20260730154042\Slot03|BACK","SAME_PASS","PASS_REVIEW_ONLY_UNIQUE_BACK_BF_DF_NOTCH","PASS_REVIEW_ONLY_UNIQUE_BACK_BF_DF_NOTCH","90.01054066780682","90.01054066780682","0","0.021081335613644114","0.021081335613644114","D:\KLARFExport\_ArgosReview\C15RUN1\i\BackSide_BowComp_Lot_62630-456_62630-456_2_57c48a1731\back_notch","D:\KLARFExport\_ArgosReview\C15RUN2\i\BackSide_BowComp_Lot_62630-456_62630-456_2_57c48a1731\back_notch"
"BackSide_BowComp\Lot_62630-456\62630-456_20260730154042\Slot04|BACK","SAME_PASS","PASS_REVIEW_ONLY_UNIQUE_BACK_BF_DF_NOTCH","PASS_REVIEW_ONLY_UNIQUE_BACK_BF_DF_NOTCH","89.99911342177722","89.99911342177722","0","0.0017731564455800708","0.0017731564455800708","D:\KLARFExport\_ArgosReview\C15RUN1\i\BackSide_BowComp_Lot_62630-456_62630-456_2_1db0972cc1\back_notch","D:\KLARFExport\_ArgosReview\C15RUN2\i\BackSide_BowComp_Lot_62630-456_62630-456_2_1db0972cc1\back_notch"
"BackSide_BowComp\Lot_62630-456\62630-456_20260730154042\Slot05|BACK","SAME_PASS","PASS_REVIEW_ONLY_UNIQUE_BACK_BF_DF_NOTCH","PASS_REVIEW_ONLY_UNIQUE_BACK_BF_DF_NOTCH","90.17700520382319","90.17700520382319","0","0.04598959235369193","0.04598959235369193","D:\KLARFExport\_ArgosReview\C15RUN1\i\BackSide_BowComp_Lot_62630-456_62630-456_2_42c6d58f72\back_notch","D:\KLARFExport\_ArgosReview\C15RUN2\i\BackSide_BowComp_Lot_62630-456_62630-456_2_42c6d58f72\back_notch"
"BackSide_BowComp\Lot_62630-456\62630-456_20260730164345\Slot21|BACK","SAME_PASS","PASS_REVIEW_ONLY_UNIQUE_BACK_BF_DF_NOTCH","PASS_REVIEW_ONLY_UNIQUE_BACK_BF_DF_NOTCH","89.98716095764559","89.98716095764559","0","0.025678084708800952","0.025678084708800952","D:\KLARFExport\_ArgosReview\C15RUN1\i\BackSide_BowComp_Lot_62630-456_62630-456_2_11a91763b1\back_notch","D:\KLARFExport\_ArgosReview\C15RUN2\i\BackSide_BowComp_Lot_62630-456_62630-456_2_11a91763b1\back_notch"
"BackSide_BowComp\Lot_62630-456\62630-456_20260730164345\Slot22|BACK","SAME_PASS","PASS_REVIEW_ONLY_UNIQUE_BACK_BF_DF_NOTCH","PASS_REVIEW_ONLY_UNIQUE_BACK_BF_DF_NOTCH","90.00777822632256","90.00777822632256","0","0.015556452645114405","0.015556452645114405","D:\KLARFExport\_ArgosReview\C15RUN1\i\BackSide_BowComp_Lot_62630-456_62630-456_2_e0805c290f\back_notch","D:\KLARFExport\_ArgosReview\C15RUN2\i\BackSide_BowComp_Lot_62630-456_62630-456_2_e0805c290f\back_notch"
"BackSide_BowComp\Lot_62630-456\62630-456_20260730164345\Slot23|BACK","SAME_PASS","PASS_REVIEW_ONLY_UNIQUE_BACK_BF_DF_NOTCH","PASS_REVIEW_ONLY_UNIQUE_BACK_BF_DF_NOTCH","89.97770160077016","89.97770160077016","0","0.044596798459735965","0.044596798459735965","D:\KLARFExport\_ArgosReview\C15RUN1\i\BackSide_BowComp_Lot_62630-456_62630-456_2_1b7c5b5696\back_notch","D:\KLARFExport\_ArgosReview\C15RUN2\i\BackSide_BowComp_Lot_62630-456_62630-456_2_1b7c5b5696\back_notch"
"BackSide_BowComp\Lot_62630-456\62630-456_20260730164345\Slot24|BACK","SAME_PASS","PASS_REVIEW_ONLY_UNIQUE_BACK_BF_DF_NOTCH","PASS_REVIEW_ONLY_UNIQUE_BACK_BF_DF_NOTCH","90.08604029278148","90.08604029278148","0","0.027919414437093337","0.027919414437093337","D:\KLARFExport\_ArgosReview\C15RUN1\i\BackSide_BowComp_Lot_62630-456_62630-456_2_b81f6b97a8\back_notch","D:\KLARFExport\_ArgosReview\C15RUN2\i\BackSide_BowComp_Lot_62630-456_62630-456_2_b81f6b97a8\back_notch"
"BackSide_BowComp\Lot_62630-456\62630-456_20260730164345\Slot25|BACK","SAME_PASS","PASS_REVIEW_ONLY_UNIQUE_BACK_BF_DF_NOTCH","PASS_REVIEW_ONLY_UNIQUE_BACK_BF_DF_NOTCH","90.07200386012634","90.07200386012634","0","0.05599227974732912","0.05599227974732912","D:\KLARFExport\_ArgosReview\C15RUN1\i\BackSide_BowComp_Lot_62630-456_62630-456_2_3c8d0d35f5\back_notch","D:\KLARFExport\_ArgosReview\C15RUN2\i\BackSide_BowComp_Lot_62630-456_62630-456_2_3c8d0d35f5\back_notch"
"BackSide_BowComp\Lot_62631-535\62631-535_20260730105033\Slot16|BACK","SAME_PASS","PASS_REVIEW_ONLY_UNIQUE_BACK_BF_DF_NOTCH","PASS_REVIEW_ONLY_UNIQUE_BACK_BF_DF_NOTCH","90.18545252712865","90.18545252712865","0","0.02909494574277005","0.02909494574277005","D:\KLARFExport\_ArgosReview\C15RUN1\i\BackSide_BowComp_Lot_62631-535_62631-535_2_de17ab4766\back_notch","D:\KLARFExport\_ArgosReview\C15RUN2\i\BackSide_BowComp_Lot_62631-535_62631-535_2_de17ab4766\back_notch"
"BackSide_BowComp\Lot_62631-535\62631-535_20260730105033\Slot17|BACK","SAME_PASS","PASS_REVIEW_ONLY_UNIQUE_BACK_BF_DF_NOTCH","PASS_REVIEW_ONLY_UNIQUE_BACK_BF_DF_NOTCH","89.8294519605709","89.8294519605709","0","0.058903921141791216","0.058903921141791216","D:\KLARFExport\_ArgosReview\C15RUN1\i\BackSide_BowComp_Lot_62631-535_62631-535_2_1c9ba0360f\back_notch","D:\KLARFExport\_ArgosReview\C15RUN2\i\BackSide_BowComp_Lot_62631-535_62631-535_2_1c9ba0360f\back_notch"
"BackSide_BowComp\Lot_62631-535\62631-535_20260730105033\Slot18|BACK","SAME_PASS","PASS_REVIEW_ONLY_UNIQUE_BACK_BF_DF_NOTCH","PASS_REVIEW_ONLY_UNIQUE_BACK_BF_DF_NOTCH","89.88727889803354","89.88727889803354","0","0.02544220393286878","0.02544220393286878","D:\KLARFExport\_ArgosReview\C15RUN1\i\BackSide_BowComp_Lot_62631-535_62631-535_2_723c2c5b43\back_notch","D:\KLARFExport\_ArgosReview\C15RUN2\i\BackSide_BowComp_Lot_62631-535_62631-535_2_723c2c5b43\back_notch"
"BackSide_BowComp\Lot_62631-535\62631-535_20260730105033\Slot19|BACK","SAME_PASS","PASS_REVIEW_ONLY_UNIQUE_BACK_BF_DF_NOTCH","PASS_REVIEW_ONLY_UNIQUE_BACK_BF_DF_NOTCH","89.82049901973761","89.82049901973761","0","0.04099803947514147","0.04099803947514147","D:\KLARFExport\_ArgosReview\C15RUN1\i\BackSide_BowComp_Lot_62631-535_62631-535_2_51f8485cd1\back_notch","D:\KLARFExport\_ArgosReview\C15RUN2\i\BackSide_BowComp_Lot_62631-535_62631-535_2_51f8485cd1\back_notch"
"BackSide_BowComp\Lot_62631-535\62631-535_20260730105033\Slot20|BACK","SAME_PASS","PASS_REVIEW_ONLY_UNIQUE_BACK_BF_DF_NOTCH","PASS_REVIEW_ONLY_UNIQUE_BACK_BF_DF_NOTCH","89.80059239728712","89.80059239728712","0","0.0011847945742147203","0.0011847945742147203","D:\KLARFExport\_ArgosReview\C15RUN1\i\BackSide_BowComp_Lot_62631-535_62631-535_2_111db74162\back_notch","D:\KLARFExport\_ArgosReview\C15RUN2\i\BackSide_BowComp_Lot_62631-535_62631-535_2_111db74162\back_notch"
"BackSide_BowComp\Lot_62631-535\62631-535_20260730105033\Slot21|BACK","SAME_PASS","PASS_REVIEW_ONLY_UNIQUE_BACK_BF_DF_NOTCH","PASS_REVIEW_ONLY_UNIQUE_BACK_BF_DF_NOTCH","89.7158408581965","89.7158408581965","0","0.03168171639299544","0.03168171639299544","D:\KLARFExport\_ArgosReview\C15RUN1\i\BackSide_BowComp_Lot_62631-535_62631-535_2_7f020d3a70\back_notch","D:\KLARFExport\_ArgosReview\C15RUN2\i\BackSide_BowComp_Lot_62631-535_62631-535_2_7f020d3a70\back_notch"
"BackSide_BowComp\Lot_62631-535\62631-535_20260730105033\Slot22|BACK","SAME_PASS","PASS_REVIEW_ONLY_UNIQUE_BACK_BF_DF_NOTCH","PASS_REVIEW_ONLY_UNIQUE_BACK_BF_DF_NOTCH","89.77781165692397","89.77781165692397","0","0.04437668615213397","0.04437668615213397","D:\KLARFExport\_ArgosReview\C15RUN1\i\BackSide_BowComp_Lot_62631-535_62631-535_2_1e90c5cdd3\back_notch","D:\KLARFExport\_ArgosReview\C15RUN2\i\BackSide_BowComp_Lot_62631-535_62631-535_2_1e90c5cdd3\back_notch"
"BackSide_BowComp\Lot_62631-535\62631-535_20260730105033\Slot23|BACK","SAME_PASS","PASS_REVIEW_ONLY_UNIQUE_BACK_BF_DF_NOTCH","PASS_REVIEW_ONLY_UNIQUE_BACK_BF_DF_NOTCH","89.79342177709111","89.79342177709111","0","0.013156445817799067","0.013156445817799067","D:\KLARFExport\_ArgosReview\C15RUN1\i\BackSide_BowComp_Lot_62631-535_62631-535_2_4b899f73c7\back_notch","D:\KLARFExport\_ArgosReview\C15RUN2\i\BackSide_BowComp_Lot_62631-535_62631-535_2_4b899f73c7\back_notch"
"BackSide_BowComp\Lot_62631-535\62631-535_20260730105033\Slot24|BACK","SAME_PASS","PASS_REVIEW_ONLY_UNIQUE_BACK_BF_DF_NOTCH","PASS_REVIEW_ONLY_UNIQUE_BACK_BF_DF_NOTCH","89.79849653681583","89.79849653681583","0","0.0030069263683287772","0.0030069263683287772","D:\KLARFExport\_ArgosReview\C15RUN1\i\BackSide_BowComp_Lot_62631-535_62631-535_2_e1befa1369\back_notch","D:\KLARFExport\_ArgosReview\C15RUN2\i\BackSide_BowComp_Lot_62631-535_62631-535_2_e1befa1369\back_notch"
"BackSide_BowComp\Lot_62631-535\62631-535_20260730105033\Slot25|BACK","SAME_PASS","PASS_REVIEW_ONLY_UNIQUE_BACK_BF_DF_NOTCH","PASS_REVIEW_ONLY_UNIQUE_BACK_BF_DF_NOTCH","89.5076705600103","89.5076705600103","0","0.015341120020650578","0.015341120020650578","D:\KLARFExport\_ArgosReview\C15RUN1\i\BackSide_BowComp_Lot_62631-535_62631-535_2_474071a552\back_notch","D:\KLARFExport\_ArgosReview\C15RUN2\i\BackSide_BowComp_Lot_62631-535_62631-535_2_474071a552\back_notch"
"BackSide_BowComp\Lot_62631-535\62631-535_20260730123433\Slot04|BACK","SAME_PASS","PASS_REVIEW_ONLY_UNIQUE_BACK_BF_DF_NOTCH","PASS_REVIEW_ONLY_UNIQUE_BACK_BF_DF_NOTCH","89.98055996015785","89.98055996015785","0","0.038880079684361135","0.038880079684361135","D:\KLARFExport\_ArgosReview\C15RUN1\i\BackSide_BowComp_Lot_62631-535_62631-535_2_2fdb10b821\back_notch","D:\KLARFExport\_ArgosReview\C15RUN2\i\BackSide_BowComp_Lot_62631-535_62631-535_2_2fdb10b821\back_notch"
"BackSide_BowComp\Lot_62631-535\62631-535_20260730123433\Slot06|BACK","SAME_PASS","PASS_REVIEW_ONLY_UNIQUE_BACK_BF_DF_NOTCH","PASS_REVIEW_ONLY_UNIQUE_BACK_BF_DF_NOTCH","89.92255014004073","89.92255014004073","0","0.045100280081385336","0.045100280081385336","D:\KLARFExport\_ArgosReview\C15RUN1\i\BackSide_BowComp_Lot_62631-535_62631-535_2_7ad6553ff6\back_notch","D:\KLARFExport\_ArgosReview\C15RUN2\i\BackSide_BowComp_Lot_62631-535_62631-535_2_7ad6553ff6\back_notch"
"BackSide_BowComp\Lot_62631-535\62631-535_20260730123433\Slot08|BACK","SAME_PASS","PASS_REVIEW_ONLY_UNIQUE_BACK_BF_DF_NOTCH","PASS_REVIEW_ONLY_UNIQUE_BACK_BF_DF_NOTCH","90.02443060765705","90.02443060765705","0","0.04886121531407639","0.04886121531407639","D:\KLARFExport\_ArgosReview\C15RUN1\i\BackSide_BowComp_Lot_62631-535_62631-535_2_af0d4d38b9\back_notch","D:\KLARFExport\_ArgosReview\C15RUN2\i\BackSide_BowComp_Lot_62631-535_62631-535_2_af0d4d38b9\back_notch"
"BackSide_BowComp\Lot_62631-535\62631-535_20260730123433\Slot10|BACK","SAME_PASS","PASS_REVIEW_ONLY_UNIQUE_BACK_BF_DF_NOTCH","PASS_REVIEW_ONLY_UNIQUE_BACK_BF_DF_NOTCH","89.90584629853501","89.90584629853501","0","0.01169259707000947","0.01169259707000947","D:\KLARFExport\_ArgosReview\C15RUN1\i\BackSide_BowComp_Lot_62631-535_62631-535_2_949d74d5e8\back_notch","D:\KLARFExport\_ArgosReview\C15RUN2\i\BackSide_BowComp_Lot_62631-535_62631-535_2_949d74d5e8\back_notch"
"BackSide_BowComp\Lot_62631-535\62631-535_20260730123433\Slot12|BACK","SAME_PASS","PASS_REVIEW_ONLY_UNIQUE_BACK_BF_DF_NOTCH","PASS_REVIEW_ONLY_UNIQUE_BACK_BF_DF_NOTCH","89.92613968130266","89.92613968130266","0","0.05227936260524757","0.05227936260524757","D:\KLARFExport\_ArgosReview\C15RUN1\i\BackSide_BowComp_Lot_62631-535_62631-535_2_1ddd58bfdb\back_notch","D:\KLARFExport\_ArgosReview\C15RUN2\i\BackSide_BowComp_Lot_62631-535_62631-535_2_1ddd58bfdb\back_notch"
"BackSide_BowComp\Lot_62631-535\62631-535_20260730123433\Slot14|BACK","SAME_PASS","PASS_REVIEW_ONLY_UNIQUE_BACK_BF_DF_NOTCH","PASS_REVIEW_ONLY_UNIQUE_BACK_BF_DF_NOTCH","89.93158616508586","89.93158616508586","0","0.06317233017176704","0.06317233017176704","D:\KLARFExport\_ArgosReview\C15RUN1\i\BackSide_BowComp_Lot_62631-535_62631-535_2_4932727d05\back_notch","D:\KLARFExport\_ArgosReview\C15RUN2\i\BackSide_BowComp_Lot_62631-535_62631-535_2_4932727d05\back_notch"
"BackSide_BowComp\Lot_62631-535\62631-535_20260730123433\Slot16|BACK","SAME_PASS","PASS_REVIEW_ONLY_UNIQUE_BACK_BF_DF_NOTCH","PASS_REVIEW_ONLY_UNIQUE_BACK_BF_DF_NOTCH","89.99592168427716","89.99592168427716","0","0.008156631445700668","0.008156631445700668","D:\KLARFExport\_ArgosReview\C15RUN1\i\BackSide_BowComp_Lot_62631-535_62631-535_2_1dca9bda5e\back_notch","D:\KLARFExport\_ArgosReview\C15RUN2\i\BackSide_BowComp_Lot_62631-535_62631-535_2_1dca9bda5e\back_notch"
"BackSide_BowComp\Lot_62631-535\62631-535_20260730123433\Slot18|BACK","SAME_PASS","PASS_REVIEW_ONLY_UNIQUE_BACK_BF_DF_NOTCH","PASS_REVIEW_ONLY_UNIQUE_BACK_BF_DF_NOTCH","90.0237992154374","90.0237992154374","0","0.0475984308748707","0.0475984308748707","D:\KLARFExport\_ArgosReview\C15RUN1\i\BackSide_BowComp_Lot_62631-535_62631-535_2_c1ac617c0c\back_notch","D:\KLARFExport\_ArgosReview\C15RUN2\i\BackSide_BowComp_Lot_62631-535_62631-535_2_c1ac617c0c\back_notch"
"BackSide_BowComp\Lot_62631-535\62631-535_20260730123433\Slot20|BACK","SAME_PASS","PASS_REVIEW_ONLY_UNIQUE_BACK_BF_DF_NOTCH","PASS_REVIEW_ONLY_UNIQUE_BACK_BF_DF_NOTCH","89.92621634892353","89.92621634892353","0","0.05243269784699578","0.05243269784699578","D:\KLARFExport\_ArgosReview\C15RUN1\i\BackSide_BowComp_Lot_62631-535_62631-535_2_466d0cfc17\back_notch","D:\KLARFExport\_ArgosReview\C15RUN2\i\BackSide_BowComp_Lot_62631-535_62631-535_2_466d0cfc17\back_notch"
"BackSide_BowComp\Lot_62631-535\62631-535_20260730123433\Slot22|BACK","SAME_PASS","PASS_REVIEW_ONLY_UNIQUE_BACK_BF_DF_NOTCH","PASS_REVIEW_ONLY_UNIQUE_BACK_BF_DF_NOTCH","90.01825994028275","90.01825994028275","0","0.03651988056543587","0.03651988056543587","D:\KLARFExport\_ArgosReview\C15RUN1\i\BackSide_BowComp_Lot_62631-535_62631-535_2_e281c23e3c\back_notch","D:\KLARFExport\_ArgosReview\C15RUN2\i\BackSide_BowComp_Lot_62631-535_62631-535_2_e281c23e3c\back_notch"
"BackSide_BowComp\Lot_62631-535\62631-535_20260731134801\Slot01|BACK","SAME_PASS","PASS_REVIEW_ONLY_UNIQUE_BACK_BF_DF_NOTCH","PASS_REVIEW_ONLY_UNIQUE_BACK_BF_DF_NOTCH","89.99868717120444","89.99868717120444","0","0.0026256575911247637","0.0026256575911247637","D:\KLARFExport\_ArgosReview\C15RUN1\i\BackSide_BowComp_Lot_62631-535_62631-535_2_cb2a0abf87\back_notch","D:\KLARFExport\_ArgosReview\C15RUN2\i\BackSide_BowComp_Lot_62631-535_62631-535_2_cb2a0abf87\back_notch"
"BackSide_BowComp\Lot_62631-535\62631-535_20260731134801\Slot02|BACK","SAME_PASS","PASS_REVIEW_ONLY_UNIQUE_BACK_BF_DF_NOTCH","PASS_REVIEW_ONLY_UNIQUE_BACK_BF_DF_NOTCH","90.0065384322861","90.0065384322861","0","0.013076864572269642","0.013076864572269642","D:\KLARFExport\_ArgosReview\C15RUN1\i\BackSide_BowComp_Lot_62631-535_62631-535_2_dbb6064756\back_notch","D:\KLARFExport\_ArgosReview\C15RUN2\i\BackSide_BowComp_Lot_62631-535_62631-535_2_dbb6064756\back_notch"
"BackSide_BowComp\Lot_62631-535\62631-535_20260731134801\Slot03|BACK","SAME_PASS","PASS_REVIEW_ONLY_UNIQUE_BACK_BF_DF_NOTCH","PASS_REVIEW_ONLY_UNIQUE_BACK_BF_DF_NOTCH","90.10177419840299","90.10177419840299","0","0.0035483968059679682","0.0035483968059679682","D:\KLARFExport\_ArgosReview\C15RUN1\i\BackSide_BowComp_Lot_62631-535_62631-535_2_f6c0c3691b\back_notch","D:\KLARFExport\_ArgosReview\C15RUN2\i\BackSide_BowComp_Lot_62631-535_62631-535_2_f6c0c3691b\back_notch"
"BackSide_BowComp\Lot_62631-535\62631-535_20260731134801\Slot04|BACK","SAME_PASS","PASS_REVIEW_ONLY_UNIQUE_BACK_BF_DF_NOTCH","PASS_REVIEW_ONLY_UNIQUE_BACK_BF_DF_NOTCH","89.9305785197665","89.9305785197665","0","0.06115703953301477","0.06115703953301477","D:\KLARFExport\_ArgosReview\C15RUN1\i\BackSide_BowComp_Lot_62631-535_62631-535_2_f40265ae5d\back_notch","D:\KLARFExport\_ArgosReview\C15RUN2\i\BackSide_BowComp_Lot_62631-535_62631-535_2_f40265ae5d\back_notch"
"BackSide_BowComp\Lot_62631-535\62631-535_20260731134801\Slot05|BACK","SAME_PASS","PASS_REVIEW_ONLY_UNIQUE_BACK_BF_DF_NOTCH","PASS_REVIEW_ONLY_UNIQUE_BACK_BF_DF_NOTCH","90.00636070483017","90.00636070483017","0","0.012721409660343852","0.012721409660343852","D:\KLARFExport\_ArgosReview\C15RUN1\i\BackSide_BowComp_Lot_62631-535_62631-535_2_fdc5f21a91\back_notch","D:\KLARFExport\_ArgosReview\C15RUN2\i\BackSide_BowComp_Lot_62631-535_62631-535_2_fdc5f21a91\back_notch"
"BackSide_BowComp\Lot_62631-535\62631-535_20260731134801\Slot06|BACK","SAME_PASS","PASS_REVIEW_ONLY_UNIQUE_BACK_BF_DF_NOTCH","PASS_REVIEW_ONLY_UNIQUE_BACK_BF_DF_NOTCH","90.01423933951969","90.01423933951969","0","0.02847867903938095","0.02847867903938095","D:\KLARFExport\_ArgosReview\C15RUN1\i\BackSide_BowComp_Lot_62631-535_62631-535_2_e17e055475\back_notch","D:\KLARFExport\_ArgosReview\C15RUN2\i\BackSide_BowComp_Lot_62631-535_62631-535_2_e17e055475\back_notch"
"BackSide_BowComp\Lot_62631-535\62631-535_20260731134801\Slot07|BACK","SAME_PASS","PASS_REVIEW_ONLY_UNIQUE_BACK_BF_DF_NOTCH","PASS_REVIEW_ONLY_UNIQUE_BACK_BF_DF_NOTCH","90.01424443112631","90.01424443112631","0","0.028488862252629588","0.028488862252629588","D:\KLARFExport\_ArgosReview\C15RUN1\i\BackSide_BowComp_Lot_62631-535_62631-535_2_7c4aa7656f\back_notch","D:\KLARFExport\_ArgosReview\C15RUN2\i\BackSide_BowComp_Lot_62631-535_62631-535_2_7c4aa7656f\back_notch"
"BackSide_BowComp\Lot_62631-535\62631-535_20260731134801\Slot08|BACK","SAME_PASS","PASS_REVIEW_ONLY_UNIQUE_BACK_BF_DF_NOTCH","PASS_REVIEW_ONLY_UNIQUE_BACK_BF_DF_NOTCH","90.09080376081884","90.09080376081884","0","0.018392478362386555","0.018392478362386555","D:\KLARFExport\_ArgosReview\C15RUN1\i\BackSide_BowComp_Lot_62631-535_62631-535_2_8651c9bc90\back_notch","D:\KLARFExport\_ArgosReview\C15RUN2\i\BackSide_BowComp_Lot_62631-535_62631-535_2_8651c9bc90\back_notch"
"BackSide_BowComp\Lot_62631-535\62631-535_20260731134801\Slot09|BACK","SAME_PASS","PASS_REVIEW_ONLY_UNIQUE_BACK_BF_DF_NOTCH","PASS_REVIEW_ONLY_UNIQUE_BACK_BF_DF_NOTCH","90.09534103427113","90.09534103427113","0","0.00931793145781512","0.00931793145781512","D:\KLARFExport\_ArgosReview\C15RUN1\i\BackSide_BowComp_Lot_62631-535_62631-535_2_cda79fc008\back_notch","D:\KLARFExport\_ArgosReview\C15RUN2\i\BackSide_BowComp_Lot_62631-535_62631-535_2_cda79fc008\back_notch"
"BackSide_BowComp\Lot_62631-535\62631-535_20260731134801\Slot10|BACK","SAME_PASS","PASS_REVIEW_ONLY_UNIQUE_BACK_BF_DF_NOTCH","PASS_REVIEW_ONLY_UNIQUE_BACK_BF_DF_NOTCH","90.29094815635193","90.29094815635193","0","0.01810368729621814","0.01810368729621814","D:\KLARFExport\_ArgosReview\C15RUN1\i\BackSide_BowComp_Lot_62631-535_62631-535_2_669330a556\back_notch","D:\KLARFExport\_ArgosReview\C15RUN2\i\BackSide_BowComp_Lot_62631-535_62631-535_2_669330a556\back_notch"
"BackSide_BowComp\Lot_62631-535\62631-535_20260731154338\Slot01|BACK","SAME_PASS","PASS_REVIEW_ONLY_UNIQUE_BACK_BF_DF_NOTCH","PASS_REVIEW_ONLY_UNIQUE_BACK_BF_DF_NOTCH","90.0893680862939","90.0893680862939","0","0.021263827412184355","0.021263827412184355","D:\KLARFExport\_ArgosReview\C15RUN1\i\BackSide_BowComp_Lot_62631-535_62631-535_2_04ef149811\back_notch","D:\KLARFExport\_ArgosReview\C15RUN2\i\BackSide_BowComp_Lot_62631-535_62631-535_2_04ef149811\back_notch"
"BackSide_BowComp\Lot_62631-535\62631-535_20260731154338\Slot02|BACK","SAME_PASS","PASS_REVIEW_ONLY_UNIQUE_BACK_BF_DF_NOTCH","PASS_REVIEW_ONLY_UNIQUE_BACK_BF_DF_NOTCH","89.90746892424644","89.90746892424644","0","0.01493784849284907","0.01493784849284907","D:\KLARFExport\_ArgosReview\C15RUN1\i\BackSide_BowComp_Lot_62631-535_62631-535_2_ac3d8f3a6b\back_notch","D:\KLARFExport\_ArgosReview\C15RUN2\i\BackSide_BowComp_Lot_62631-535_62631-535_2_ac3d8f3a6b\back_notch"
"BackSide_BowComp\Lot_62631-535\62631-535_20260731154338\Slot03|BACK","SAME_PASS","PASS_REVIEW_ONLY_UNIQUE_BACK_BF_DF_NOTCH","PASS_REVIEW_ONLY_UNIQUE_BACK_BF_DF_NOTCH","90.1080876926798","90.1080876926798","0","0.016175385359645134","0.016175385359645134","D:\KLARFExport\_ArgosReview\C15RUN1\i\BackSide_BowComp_Lot_62631-535_62631-535_2_a749360f42\back_notch","D:\KLARFExport\_ArgosReview\C15RUN2\i\BackSide_BowComp_Lot_62631-535_62631-535_2_a749360f42\back_notch"
"BackSide_BowComp\Lot_62631-535\62631-535_20260731154338\Slot04|BACK","SAME_PASS","PASS_REVIEW_ONLY_UNIQUE_BACK_BF_DF_NOTCH","PASS_REVIEW_ONLY_UNIQUE_BACK_BF_DF_NOTCH","90.1218139475141","90.1218139475141","0","0.04362789502818032","0.04362789502818032","D:\KLARFExport\_ArgosReview\C15RUN1\i\BackSide_BowComp_Lot_62631-535_62631-535_2_4956b47dad\back_notch","D:\KLARFExport\_ArgosReview\C15RUN2\i\BackSide_BowComp_Lot_62631-535_62631-535_2_4956b47dad\back_notch"
"BackSide_BowComp\Lot_62631-535\62631-535_20260731154338\Slot05|BACK","SAME_PASS","PASS_REVIEW_ONLY_UNIQUE_BACK_BF_DF_NOTCH","PASS_REVIEW_ONLY_UNIQUE_BACK_BF_DF_NOTCH","90.10629233791171","90.10629233791171","0","0.012584675823404723","0.012584675823404723","D:\KLARFExport\_ArgosReview\C15RUN1\i\BackSide_BowComp_Lot_62631-535_62631-535_2_19d96ef18a\back_notch","D:\KLARFExport\_ArgosReview\C15RUN2\i\BackSide_BowComp_Lot_62631-535_62631-535_2_19d96ef18a\back_notch"
"BackSide_BowComp\Lot_62631-535\62631-535_20260731154338\Slot06|BACK","SAME_PASS","PASS_REVIEW_ONLY_UNIQUE_BACK_BF_DF_NOTCH","PASS_REVIEW_ONLY_UNIQUE_BACK_BF_DF_NOTCH","90.09479100092038","90.09479100092038","0","0.010417998159311992","0.010417998159311992","D:\KLARFExport\_ArgosReview\C15RUN1\i\BackSide_BowComp_Lot_62631-535_62631-535_2_f7e7e25c39\back_notch","D:\KLARFExport\_ArgosReview\C15RUN2\i\BackSide_BowComp_Lot_62631-535_62631-535_2_f7e7e25c39\back_notch"
"BackSide_BowComp\Lot_62631-535\62631-535_20260731154338\Slot07|BACK","SAME_PASS","PASS_REVIEW_ONLY_UNIQUE_BACK_BF_DF_NOTCH","PASS_REVIEW_ONLY_UNIQUE_BACK_BF_DF_NOTCH","90.09447401226446","90.09447401226446","0","0.011051975471161768","0.011051975471161768","D:\KLARFExport\_ArgosReview\C15RUN1\i\BackSide_BowComp_Lot_62631-535_62631-535_2_3e8752c380\back_notch","D:\KLARFExport\_ArgosReview\C15RUN2\i\BackSide_BowComp_Lot_62631-535_62631-535_2_3e8752c380\back_notch"
"BackSide_BowComp\Lot_62631-535\62631-535_20260731154338\Slot08|BACK","SAME_PASS","PASS_REVIEW_ONLY_UNIQUE_BACK_BF_DF_NOTCH","PASS_REVIEW_ONLY_UNIQUE_BACK_BF_DF_NOTCH","90.12107347432685","90.12107347432685","0","0.04214694865370916","0.04214694865370916","D:\KLARFExport\_ArgosReview\C15RUN1\i\BackSide_BowComp_Lot_62631-535_62631-535_2_baa76b015b\back_notch","D:\KLARFExport\_ArgosReview\C15RUN2\i\BackSide_BowComp_Lot_62631-535_62631-535_2_baa76b015b\back_notch"
"BackSide_BowComp\Lot_62631-535\62631-535_20260731154338\Slot09|BACK","SAME_PASS","PASS_REVIEW_ONLY_UNIQUE_BACK_BF_DF_NOTCH","PASS_REVIEW_ONLY_UNIQUE_BACK_BF_DF_NOTCH","90.10071503165959","90.10071503165959","0","0.0014300633191624001","0.0014300633191624001","D:\KLARFExport\_ArgosReview\C15RUN1\i\BackSide_BowComp_Lot_62631-535_62631-535_2_0f6a73c38c\back_notch","D:\KLARFExport\_ArgosReview\C15RUN2\i\BackSide_BowComp_Lot_62631-535_62631-535_2_0f6a73c38c\back_notch"
"BackSide_BowComp\Lot_62631-535\62631-535_20260731154338\Slot10|BACK","SAME_PASS","PASS_REVIEW_ONLY_UNIQUE_BACK_BF_DF_NOTCH","PASS_REVIEW_ONLY_UNIQUE_BACK_BF_DF_NOTCH","90.07938897943562","90.07938897943562","0","0.04122204112871941","0.04122204112871941","D:\KLARFExport\_ArgosReview\C15RUN1\i\BackSide_BowComp_Lot_62631-535_62631-535_2_3415ab76ce\back_notch","D:\KLARFExport\_ArgosReview\C15RUN2\i\BackSide_BowComp_Lot_62631-535_62631-535_2_3415ab76ce\back_notch"
"BackSide_BowComp\Lot_62631-535\62631-535_20260803102641\Slot01|BACK","SAME_PASS","PASS_REVIEW_ONLY_UNIQUE_BACK_BF_DF_NOTCH","PASS_REVIEW_ONLY_UNIQUE_BACK_BF_DF_NOTCH","89.48777365582953","89.48777365582953","0","0.024452688340886652","0.024452688340886652","D:\KLARFExport\_ArgosReview\C15RUN1\i\BackSide_BowComp_Lot_62631-535_62631-535_2_7d7540c44a\back_notch","D:\KLARFExport\_ArgosReview\C15RUN2\i\BackSide_BowComp_Lot_62631-535_62631-535_2_7d7540c44a\back_notch"
"BackSide_BowComp\Lot_62631-535\62631-535_20260803102641\Slot02|BACK","SAME_PASS","PASS_REVIEW_ONLY_UNIQUE_BACK_BF_DF_NOTCH","PASS_REVIEW_ONLY_UNIQUE_BACK_BF_DF_NOTCH","90.206939645547","90.206939645547","0","0.013879291094013979","0.013879291094013979","D:\KLARFExport\_ArgosReview\C15RUN1\i\BackSide_BowComp_Lot_62631-535_62631-535_2_a0e987ad3e\back_notch","D:\KLARFExport\_ArgosReview\C15RUN2\i\BackSide_BowComp_Lot_62631-535_62631-535_2_a0e987ad3e\back_notch"
"BackSide_BowComp\Lot_62631-535\62631-535_20260803102641\Slot03|BACK","SAME_PASS","PASS_REVIEW_ONLY_UNIQUE_BACK_BF_DF_NOTCH","PASS_REVIEW_ONLY_UNIQUE_BACK_BF_DF_NOTCH","90.12341752331837","90.12341752331837","0","0.046835046636772404","0.046835046636772404","D:\KLARFExport\_ArgosReview\C15RUN1\i\BackSide_BowComp_Lot_62631-535_62631-535_2_f0d9610791\back_notch","D:\KLARFExport\_ArgosReview\C15RUN2\i\BackSide_BowComp_Lot_62631-535_62631-535_2_f0d9610791\back_notch"
"BackSide_BowComp\Lot_62631-535\62631-535_20260803102641\Slot04|BACK","SAME_PASS","PASS_REVIEW_ONLY_UNIQUE_BACK_BF_DF_NOTCH","PASS_REVIEW_ONLY_UNIQUE_BACK_BF_DF_NOTCH","90.12197085175795","90.12197085175795","0","0.043941703515884","0.043941703515884","D:\KLARFExport\_ArgosReview\C15RUN1\i\BackSide_BowComp_Lot_62631-535_62631-535_2_ec79317521\back_notch","D:\KLARFExport\_ArgosReview\C15RUN2\i\BackSide_BowComp_Lot_62631-535_62631-535_2_ec79317521\back_notch"
"BackSide_BowComp\Lot_62631-535\62631-535_20260803102641\Slot05|BACK","SAME_PASS","PASS_REVIEW_ONLY_UNIQUE_BACK_BF_DF_NOTCH","PASS_REVIEW_ONLY_UNIQUE_BACK_BF_DF_NOTCH","90.18996131766148","90.18996131766148","0","0.020077364677035803","0.020077364677035803","D:\KLARFExport\_ArgosReview\C15RUN1\i\BackSide_BowComp_Lot_62631-535_62631-535_2_f93e3c46fa\back_notch","D:\KLARFExport\_ArgosReview\C15RUN2\i\BackSide_BowComp_Lot_62631-535_62631-535_2_f93e3c46fa\back_notch"
"BackSide_BowComp\Lot_62631-535\62631-535_20260803102641\Slot06|BACK","SAME_PASS","PASS_REVIEW_ONLY_UNIQUE_BACK_BF_DF_NOTCH","PASS_REVIEW_ONLY_UNIQUE_BACK_BF_DF_NOTCH","90.79861961879965","90.79861961879965","0","0.00276076240072598","0.00276076240072598","D:\KLARFExport\_ArgosReview\C15RUN1\i\BackSide_BowComp_Lot_62631-535_62631-535_2_354a800c28\back_notch","D:\KLARFExport\_ArgosReview\C15RUN2\i\BackSide_BowComp_Lot_62631-535_62631-535_2_354a800c28\back_notch"
"BackSide_BowComp\Lot_62631-535\62631-535_20260803102641\Slot07|BACK","SAME_PASS","PASS_REVIEW_ONLY_UNIQUE_BACK_BF_DF_NOTCH","PASS_REVIEW_ONLY_UNIQUE_BACK_BF_DF_NOTCH","90.1013871295696","90.1013871295696","0","0.002774259139187052","0.002774259139187052","D:\KLARFExport\_ArgosReview\C15RUN1\i\BackSide_BowComp_Lot_62631-535_62631-535_2_220b08302a\back_notch","D:\KLARFExport\_ArgosReview\C15RUN2\i\BackSide_BowComp_Lot_62631-535_62631-535_2_220b08302a\back_notch"
"BackSide_BowComp\Lot_62631-535\62631-535_20260803102641\Slot08|BACK","SAME_PASS","PASS_REVIEW_ONLY_UNIQUE_BACK_BF_DF_NOTCH","PASS_REVIEW_ONLY_UNIQUE_BACK_BF_DF_NOTCH","90.17774011920592","90.17774011920592","0","0.04451976158821935","0.04451976158821935","D:\KLARFExport\_ArgosReview\C15RUN1\i\BackSide_BowComp_Lot_62631-535_62631-535_2_9d174bda17\back_notch","D:\KLARFExport\_ArgosReview\C15RUN2\i\BackSide_BowComp_Lot_62631-535_62631-535_2_9d174bda17\back_notch"
"BackSide_BowComp\Lot_62631-535\62631-535_20260803102641\Slot09|BACK","SAME_PASS","PASS_REVIEW_ONLY_UNIQUE_BACK_BF_DF_NOTCH","PASS_REVIEW_ONLY_UNIQUE_BACK_BF_DF_NOTCH","90.12074894317128","90.12074894317128","0","0.04149788634254037","0.04149788634254037","D:\KLARFExport\_ArgosReview\C15RUN1\i\BackSide_BowComp_Lot_62631-535_62631-535_2_b93e4db7b9\back_notch","D:\KLARFExport\_ArgosReview\C15RUN2\i\BackSide_BowComp_Lot_62631-535_62631-535_2_b93e4db7b9\back_notch"
"BackSide_BowComp\Lot_62631-535\62631-535_20260803102641\Slot10|BACK","SAME_PASS","PASS_REVIEW_ONLY_UNIQUE_BACK_BF_DF_NOTCH","PASS_REVIEW_ONLY_UNIQUE_BACK_BF_DF_NOTCH","89.99778475274331","89.99778475274331","0","0.004430494513314898","0.004430494513314898","D:\KLARFExport\_ArgosReview\C15RUN1\i\BackSide_BowComp_Lot_62631-535_62631-535_2_54311d45f1\back_notch","D:\KLARFExport\_ArgosReview\C15RUN2\i\BackSide_BowComp_Lot_62631-535_62631-535_2_54311d45f1\back_notch"
"BackSide_BowComp\Lot_62631-536\62631-536_20260731164616\Slot04|BACK","SAME_PASS","PASS_REVIEW_ONLY_UNIQUE_BACK_BF_DF_NOTCH","PASS_REVIEW_ONLY_UNIQUE_BACK_BF_DF_NOTCH","89.97730668850909","89.97730668850909","0","0.045386622981794744","0.045386622981794744","D:\KLARFExport\_ArgosReview\C15RUN1\i\BackSide_BowComp_Lot_62631-536_62631-536_2_bc90eac536\back_notch","D:\KLARFExport\_ArgosReview\C15RUN2\i\BackSide_BowComp_Lot_62631-536_62631-536_2_bc90eac536\back_notch"
"BackSide_BowComp\Lot_62631-536\62631-536_20260731164616\Slot06|BACK","SAME_PASS","PASS_REVIEW_ONLY_UNIQUE_BACK_BF_DF_NOTCH","PASS_REVIEW_ONLY_UNIQUE_BACK_BF_DF_NOTCH","89.9006143447198","89.9006143447198","0","0.0012286894395856507","0.0012286894395856507","D:\KLARFExport\_ArgosReview\C15RUN1\i\BackSide_BowComp_Lot_62631-536_62631-536_2_733fa011b6\back_notch","D:\KLARFExport\_ArgosReview\C15RUN2\i\BackSide_BowComp_Lot_62631-536_62631-536_2_733fa011b6\back_notch"
"BackSide_BowComp\Lot_62631-536\62631-536_20260731164616\Slot08|BACK","RESCUED","HOLD_BACK_NOTCH_CHANNEL_ANALYSIS_FAILED","PASS_REVIEW_ONLY_UNIQUE_BACK_BF_DF_NOTCH","","89.974977979664","","","0.05004404067193491","D:\KLARFExport\_ArgosReview\C15RUN1\i\BackSide_BowComp_Lot_62631-536_62631-536_2_653d126b96\back_notch","D:\KLARFExport\_ArgosReview\C15RUN2\i\BackSide_BowComp_Lot_62631-536_62631-536_2_653d126b96\back_notch"
"BackSide_BowComp\Lot_62631-536\62631-536_20260731164616\Slot10|BACK","RESCUED","HOLD_BACK_NOTCH_CHANNEL_ANALYSIS_FAILED","PASS_REVIEW_ONLY_UNIQUE_BACK_BF_DF_NOTCH","","89.9135651899031","","","0.02713037980620925","D:\KLARFExport\_ArgosReview\C15RUN1\i\BackSide_BowComp_Lot_62631-536_62631-536_2_a4afbe340b\back_notch","D:\KLARFExport\_ArgosReview\C15RUN2\i\BackSide_BowComp_Lot_62631-536_62631-536_2_a4afbe340b\back_notch"
"BackSide_BowComp\Lot_62631-536\62631-536_20260731164616\Slot12|BACK","RESCUED","HOLD_BACK_NOTCH_CHANNEL_ANALYSIS_FAILED","PASS_REVIEW_ONLY_UNIQUE_BACK_BF_DF_NOTCH","","89.91589277181734","","","0.03178554363464059","D:\KLARFExport\_ArgosReview\C15RUN1\i\BackSide_BowComp_Lot_62631-536_62631-536_2_20f3fade85\back_notch","D:\KLARFExport\_ArgosReview\C15RUN2\i\BackSide_BowComp_Lot_62631-536_62631-536_2_20f3fade85\back_notch"
"BackSide_BowComp\Lot_62631-536\62631-536_20260731164616\Slot14|BACK","SAME_PASS","PASS_REVIEW_ONLY_UNIQUE_BACK_BF_DF_NOTCH","PASS_REVIEW_ONLY_UNIQUE_BACK_BF_DF_NOTCH","89.91414646689114","89.91414646689114","0","0.02829293378229636","0.02829293378229636","D:\KLARFExport\_ArgosReview\C15RUN1\i\BackSide_BowComp_Lot_62631-536_62631-536_2_5eeca09235\back_notch","D:\KLARFExport\_ArgosReview\C15RUN2\i\BackSide_BowComp_Lot_62631-536_62631-536_2_5eeca09235\back_notch"
"BackSide_BowComp\Lot_62631-536\62631-536_20260731164616\Slot16|BACK","RESCUED","HOLD_BACK_NOTCH_CHANNEL_ANALYSIS_FAILED","PASS_REVIEW_ONLY_UNIQUE_BACK_BF_DF_NOTCH","","89.91324084248814","","","0.026481684976289444","D:\KLARFExport\_ArgosReview\C15RUN1\i\BackSide_BowComp_Lot_62631-536_62631-536_2_ccc8df7968\back_notch","D:\KLARFExport\_ArgosReview\C15RUN2\i\BackSide_BowComp_Lot_62631-536_62631-536_2_ccc8df7968\back_notch"
"BackSide_BowComp\Lot_62631-536\62631-536_20260731164616\Slot18|BACK","SAME_PASS","PASS_REVIEW_ONLY_UNIQUE_BACK_BF_DF_NOTCH","PASS_REVIEW_ONLY_UNIQUE_BACK_BF_DF_NOTCH","89.90992633826468","89.90992633826468","0","0.01985267652935363","0.01985267652935363","D:\KLARFExport\_ArgosReview\C15RUN1\i\BackSide_BowComp_Lot_62631-536_62631-536_2_dbe2d667b3\back_notch","D:\KLARFExport\_ArgosReview\C15RUN2\i\BackSide_BowComp_Lot_62631-536_62631-536_2_dbe2d667b3\back_notch"
"BackSide_BowComp\Lot_62631-536\62631-536_20260731164616\Slot20|BACK","RESCUED","HOLD_BACK_NOTCH_CHANNEL_ANALYSIS_FAILED","PASS_REVIEW_ONLY_UNIQUE_BACK_BF_DF_NOTCH","","89.88906975807456","","","0.02186048385087247","D:\KLARFExport\_ArgosReview\C15RUN1\i\BackSide_BowComp_Lot_62631-536_62631-536_2_c7b0d42b0b\back_notch","D:\KLARFExport\_ArgosReview\C15RUN2\i\BackSide_BowComp_Lot_62631-536_62631-536_2_c7b0d42b0b\back_notch"
"BackSide_BowComp\Lot_62631-536\62631-536_20260731164616\Slot22|BACK","RESCUED","HOLD_BACK_NOTCH_CHANNEL_ANALYSIS_FAILED","PASS_REVIEW_ONLY_UNIQUE_BACK_BF_DF_NOTCH","","89.81373319261036","","","0.027466385220634493","D:\KLARFExport\_ArgosReview\C15RUN1\i\BackSide_BowComp_Lot_62631-536_62631-536_2_674239d2f4\back_notch","D:\KLARFExport\_ArgosReview\C15RUN2\i\BackSide_BowComp_Lot_62631-536_62631-536_2_674239d2f4\back_notch"
"BackSide_BowComp\Lot_62631-541\62631-541_20260803113522\Slot16|BACK","SAME_PASS","PASS_REVIEW_ONLY_UNIQUE_BACK_BF_DF_NOTCH","PASS_REVIEW_ONLY_UNIQUE_BACK_BF_DF_NOTCH","89.99184673431898","89.99184673431898","0","0.016306531361976795","0.016306531361976795","D:\KLARFExport\_ArgosReview\C15RUN1\i\BackSide_BowComp_Lot_62631-541_62631-541_2_2e74367e3b\back_notch","D:\KLARFExport\_ArgosReview\C15RUN2\i\BackSide_BowComp_Lot_62631-541_62631-541_2_2e74367e3b\back_notch"
"BackSide_BowComp\Lot_62631-541\62631-541_20260803113522\Slot17|BACK","SAME_PASS","PASS_REVIEW_ONLY_UNIQUE_BACK_BF_DF_NOTCH","PASS_REVIEW_ONLY_UNIQUE_BACK_BF_DF_NOTCH","89.98823072181057","89.98823072181057","0","0.023538556378895237","0.023538556378895237","D:\KLARFExport\_ArgosReview\C15RUN1\i\BackSide_BowComp_Lot_62631-541_62631-541_2_23f0126833\back_notch","D:\KLARFExport\_ArgosReview\C15RUN2\i\BackSide_BowComp_Lot_62631-541_62631-541_2_23f0126833\back_notch"
"BackSide_BowComp\Lot_62631-541\62631-541_20260803113522\Slot18|BACK","SAME_PASS","PASS_REVIEW_ONLY_UNIQUE_BACK_BF_DF_NOTCH","PASS_REVIEW_ONLY_UNIQUE_BACK_BF_DF_NOTCH","89.91724126250304","89.91724126250304","0","0.03448252500612625","0.03448252500612625","D:\KLARFExport\_ArgosReview\C15RUN1\i\BackSide_BowComp_Lot_62631-541_62631-541_2_254a8f8e93\back_notch","D:\KLARFExport\_ArgosReview\C15RUN2\i\BackSide_BowComp_Lot_62631-541_62631-541_2_254a8f8e93\back_notch"
"BackSide_BowComp\Lot_62631-541\62631-541_20260803113522\Slot19|BACK","SAME_PASS","PASS_REVIEW_ONLY_UNIQUE_BACK_BF_DF_NOTCH","PASS_REVIEW_ONLY_UNIQUE_BACK_BF_DF_NOTCH","90.00791220004862","90.00791220004862","0","0.015824400097187663","0.015824400097187663","D:\KLARFExport\_ArgosReview\C15RUN1\i\BackSide_BowComp_Lot_62631-541_62631-541_2_fec8164405\back_notch","D:\KLARFExport\_ArgosReview\C15RUN2\i\BackSide_BowComp_Lot_62631-541_62631-541_2_fec8164405\back_notch"
"BackSide_BowComp\Lot_62631-541\62631-541_20260803113522\Slot20|BACK","SAME_PASS","PASS_REVIEW_ONLY_UNIQUE_BACK_BF_DF_NOTCH","PASS_REVIEW_ONLY_UNIQUE_BACK_BF_DF_NOTCH","89.90242615112234","89.90242615112234","0","0.004852302244700013","0.004852302244700013","D:\KLARFExport\_ArgosReview\C15RUN1\i\BackSide_BowComp_Lot_62631-541_62631-541_2_bd45bf6087\back_notch","D:\KLARFExport\_ArgosReview\C15RUN2\i\BackSide_BowComp_Lot_62631-541_62631-541_2_bd45bf6087\back_notch"
"BackSide_BowComp\Lot_62631-541\62631-541_20260803113522\Slot21|BACK","SAME_PASS","PASS_REVIEW_ONLY_UNIQUE_BACK_BF_DF_NOTCH","PASS_REVIEW_ONLY_UNIQUE_BACK_BF_DF_NOTCH","89.98975176814616","89.98975176814616","0","0.020496463707701196","0.020496463707701196","D:\KLARFExport\_ArgosReview\C15RUN1\i\BackSide_BowComp_Lot_62631-541_62631-541_2_ca58e6164d\back_notch","D:\KLARFExport\_ArgosReview\C15RUN2\i\BackSide_BowComp_Lot_62631-541_62631-541_2_ca58e6164d\back_notch"
"BackSide_BowComp\Lot_62631-541\62631-541_20260803113522\Slot22|BACK","SAME_PASS","PASS_REVIEW_ONLY_UNIQUE_BACK_BF_DF_NOTCH","PASS_REVIEW_ONLY_UNIQUE_BACK_BF_DF_NOTCH","90.00357018849331","90.00357018849331","0","0.00714037698668335","0.00714037698668335","D:\KLARFExport\_ArgosReview\C15RUN1\i\BackSide_BowComp_Lot_62631-541_62631-541_2_c4410cd281\back_notch","D:\KLARFExport\_ArgosReview\C15RUN2\i\BackSide_BowComp_Lot_62631-541_62631-541_2_c4410cd281\back_notch"
"BackSide_BowComp\Lot_62631-541\62631-541_20260803113522\Slot23|BACK","SAME_PASS","PASS_REVIEW_ONLY_UNIQUE_BACK_BF_DF_NOTCH","PASS_REVIEW_ONLY_UNIQUE_BACK_BF_DF_NOTCH","89.8952889167833","89.8952889167833","0","0.009422166433409984","0.009422166433409984","D:\KLARFExport\_ArgosReview\C15RUN1\i\BackSide_BowComp_Lot_62631-541_62631-541_2_19ae087100\back_notch","D:\KLARFExport\_ArgosReview\C15RUN2\i\BackSide_BowComp_Lot_62631-541_62631-541_2_19ae087100\back_notch"
"BackSide_BowComp\Lot_62631-541\62631-541_20260803113522\Slot24|BACK","SAME_PASS","PASS_REVIEW_ONLY_UNIQUE_BACK_BF_DF_NOTCH","PASS_REVIEW_ONLY_UNIQUE_BACK_BF_DF_NOTCH","89.90224033351902","89.90224033351902","0","0.00448066703808081","0.00448066703808081","D:\KLARFExport\_ArgosReview\C15RUN1\i\BackSide_BowComp_Lot_62631-541_62631-541_2_6e8e1eedd7\back_notch","D:\KLARFExport\_ArgosReview\C15RUN2\i\BackSide_BowComp_Lot_62631-541_62631-541_2_6e8e1eedd7\back_notch"
"BackSide_BowComp\Lot_62631-541\62631-541_20260803113522\Slot25|BACK","SAME_PASS","PASS_REVIEW_ONLY_UNIQUE_BACK_BF_DF_NOTCH","PASS_REVIEW_ONLY_UNIQUE_BACK_BF_DF_NOTCH","89.90811874657916","89.90811874657916","0","0.016237493158371308","0.016237493158371308","D:\KLARFExport\_ArgosReview\C15RUN1\i\BackSide_BowComp_Lot_62631-541_62631-541_2_d8aff9d145\back_notch","D:\KLARFExport\_ArgosReview\C15RUN2\i\BackSide_BowComp_Lot_62631-541_62631-541_2_d8aff9d145\back_notch"
"BackSide_BowComp\Lot_62631-544\62631-544_20260803105445\Slot01|BACK","SAME_PASS","PASS_REVIEW_ONLY_UNIQUE_BACK_BF_DF_NOTCH","PASS_REVIEW_ONLY_UNIQUE_BACK_BF_DF_NOTCH","89.89981591317306","89.89981591317306","0","0.0003681736538965197","0.0003681736538965197","D:\KLARFExport\_ArgosReview\C15RUN1\i\BackSide_BowComp_Lot_62631-544_62631-544_2_f6c1ec2f7a\back_notch","D:\KLARFExport\_ArgosReview\C15RUN2\i\BackSide_BowComp_Lot_62631-544_62631-544_2_f6c1ec2f7a\back_notch"
"BackSide_BowComp\Lot_62631-544\62631-544_20260803105445\Slot02|BACK","RESCUED","HOLD_BACK_NOTCH_CHANNEL_ANALYSIS_FAILED","PASS_REVIEW_ONLY_UNIQUE_BACK_BF_DF_NOTCH","","89.88237476704953","","","0.035250465901015104","D:\KLARFExport\_ArgosReview\C15RUN1\i\BackSide_BowComp_Lot_62631-544_62631-544_2_74482fe631\back_notch","D:\KLARFExport\_ArgosReview\C15RUN2\i\BackSide_BowComp_Lot_62631-544_62631-544_2_74482fe631\back_notch"
"BackSide_BowComp\Lot_62631-544\62631-544_20260803105445\Slot03|BACK","RESCUED","HOLD_BACK_NOTCH_CHANNEL_ANALYSIS_FAILED","PASS_REVIEW_ONLY_UNIQUE_BACK_BF_DF_NOTCH","","89.900216409781","","","0.0004328195619507369","D:\KLARFExport\_ArgosReview\C15RUN1\i\BackSide_BowComp_Lot_62631-544_62631-544_2_b38af78ef2\back_notch","D:\KLARFExport\_ArgosReview\C15RUN2\i\BackSide_BowComp_Lot_62631-544_62631-544_2_b38af78ef2\back_notch"
"BackSide_BowComp\Lot_62631-544\62631-544_20260803105445\Slot04|BACK","RESCUED","HOLD_BACK_NOTCH_CHANNEL_ANALYSIS_FAILED","PASS_REVIEW_ONLY_UNIQUE_BACK_BF_DF_NOTCH","","89.80959479092354","","","0.01918958184700159","D:\KLARFExport\_ArgosReview\C15RUN1\i\BackSide_BowComp_Lot_62631-544_62631-544_2_4d656d2157\back_notch","D:\KLARFExport\_ArgosReview\C15RUN2\i\BackSide_BowComp_Lot_62631-544_62631-544_2_4d656d2157\back_notch"
"BackSide_BowComp\Lot_62631-544\62631-544_20260803105445\Slot05|BACK","SAME_PASS","PASS_REVIEW_ONLY_UNIQUE_BACK_BF_DF_NOTCH","PASS_REVIEW_ONLY_UNIQUE_BACK_BF_DF_NOTCH","89.81813615010594","89.81813615010594","0","0.03627230021180594","0.03627230021180594","D:\KLARFExport\_ArgosReview\C15RUN1\i\BackSide_BowComp_Lot_62631-544_62631-544_2_9b25d5163a\back_notch","D:\KLARFExport\_ArgosReview\C15RUN2\i\BackSide_BowComp_Lot_62631-544_62631-544_2_9b25d5163a\back_notch"
"BackSide_BowComp\Lot_62631-544\62631-544_20260803105445\Slot06|BACK","RESCUED","HOLD_BACK_NOTCH_CHANNEL_ANALYSIS_FAILED","PASS_REVIEW_ONLY_UNIQUE_BACK_BF_DF_NOTCH","","90.18187662287029","","","0.03624675425942314","D:\KLARFExport\_ArgosReview\C15RUN1\i\BackSide_BowComp_Lot_62631-544_62631-544_2_415a7cbc77\back_notch","D:\KLARFExport\_ArgosReview\C15RUN2\i\BackSide_BowComp_Lot_62631-544_62631-544_2_415a7cbc77\back_notch"
"BackSide_BowComp\Lot_62631-544\62631-544_20260803105445\Slot07|BACK","RESCUED","HOLD_BACK_NOTCH_CHANNEL_ANALYSIS_FAILED","PASS_REVIEW_ONLY_UNIQUE_BACK_BF_DF_NOTCH","","89.71533504906343","","","0.030670098126904577","D:\KLARFExport\_ArgosReview\C15RUN1\i\BackSide_BowComp_Lot_62631-544_62631-544_2_528eddb1fc\back_notch","D:\KLARFExport\_ArgosReview\C15RUN2\i\BackSide_BowComp_Lot_62631-544_62631-544_2_528eddb1fc\back_notch"
"BackSide_BowComp\Lot_62631-544\62631-544_20260803105445\Slot08|BACK","RESCUED","HOLD_BACK_NOTCH_CHANNEL_ANALYSIS_FAILED","PASS_REVIEW_ONLY_UNIQUE_BACK_BF_DF_NOTCH","","89.89212618365636","","","0.015747632687293844","D:\KLARFExport\_ArgosReview\C15RUN1\i\BackSide_BowComp_Lot_62631-544_62631-544_2_96f0a5a944\back_notch","D:\KLARFExport\_ArgosReview\C15RUN2\i\BackSide_BowComp_Lot_62631-544_62631-544_2_96f0a5a944\back_notch"
"BackSide_BowComp\Lot_62631-544\62631-544_20260803105445\Slot09|BACK","SAME_PASS","PASS_REVIEW_ONLY_UNIQUE_BACK_BF_DF_NOTCH","PASS_REVIEW_ONLY_UNIQUE_BACK_BF_DF_NOTCH","89.81800697000602","89.81800697000602","0","0.036013940011969225","0.036013940011969225","D:\KLARFExport\_ArgosReview\C15RUN1\i\BackSide_BowComp_Lot_62631-544_62631-544_2_a611a3d01f\back_notch","D:\KLARFExport\_ArgosReview\C15RUN2\i\BackSide_BowComp_Lot_62631-544_62631-544_2_a611a3d01f\back_notch"
"BackSide_BowComp\Lot_62631-544\62631-544_20260803105445\Slot10|BACK","RESCUED","HOLD_BACK_NOTCH_CHANNEL_ANALYSIS_FAILED","PASS_REVIEW_ONLY_UNIQUE_BACK_BF_DF_NOTCH","","89.69965729054765","","","0.0006854189046521242","D:\KLARFExport\_ArgosReview\C15RUN1\i\BackSide_BowComp_Lot_62631-544_62631-544_2_6e92e07cab\back_notch","D:\KLARFExport\_ArgosReview\C15RUN2\i\BackSide_BowComp_Lot_62631-544_62631-544_2_6e92e07cab\back_notch"
"BackSide_BowComp\Lot_62631-545\62631-545_20260803104055\Slot01|BACK","SAME_PASS","PASS_REVIEW_ONLY_UNIQUE_BACK_BF_DF_NOTCH","PASS_REVIEW_ONLY_UNIQUE_BACK_BF_DF_NOTCH","89.78324411367282","89.78324411367282","0","0.03351177265437855","0.03351177265437855","D:\KLARFExport\_ArgosReview\C15RUN1\i\BackSide_BowComp_Lot_62631-545_62631-545_2_861a046a19\back_notch","D:\KLARFExport\_ArgosReview\C15RUN2\i\BackSide_BowComp_Lot_62631-545_62631-545_2_861a046a19\back_notch"
"BackSide_BowComp\Lot_62631-545\62631-545_20260803104055\Slot02|BACK","SAME_PASS","PASS_REVIEW_ONLY_UNIQUE_BACK_BF_DF_NOTCH","PASS_REVIEW_ONLY_UNIQUE_BACK_BF_DF_NOTCH","89.78192774636022","89.78192774636022","0","0.03614450727957319","0.03614450727957319","D:\KLARFExport\_ArgosReview\C15RUN1\i\BackSide_BowComp_Lot_62631-545_62631-545_2_b64fbf187b\back_notch","D:\KLARFExport\_ArgosReview\C15RUN2\i\BackSide_BowComp_Lot_62631-545_62631-545_2_b64fbf187b\back_notch"
"BackSide_BowComp\Lot_62631-545\62631-545_20260803104055\Slot03|BACK","SAME_PASS","PASS_REVIEW_ONLY_UNIQUE_BACK_BF_DF_NOTCH","PASS_REVIEW_ONLY_UNIQUE_BACK_BF_DF_NOTCH","89.69784090054243","89.69784090054243","0","0.0043181989151719335","0.0043181989151719335","D:\KLARFExport\_ArgosReview\C15RUN1\i\BackSide_BowComp_Lot_62631-545_62631-545_2_c8797a4f0f\back_notch","D:\KLARFExport\_ArgosReview\C15RUN2\i\BackSide_BowComp_Lot_62631-545_62631-545_2_c8797a4f0f\back_notch"
"BackSide_BowComp\Lot_62631-545\62631-545_20260803104055\Slot04|BACK","SAME_PASS","PASS_REVIEW_ONLY_UNIQUE_BACK_BF_DF_NOTCH","PASS_REVIEW_ONLY_UNIQUE_BACK_BF_DF_NOTCH","89.70859271739978","89.70859271739978","0","0.017185434799557697","0.017185434799557697","D:\KLARFExport\_ArgosReview\C15RUN1\i\BackSide_BowComp_Lot_62631-545_62631-545_2_c9530f2443\back_notch","D:\KLARFExport\_ArgosReview\C15RUN2\i\BackSide_BowComp_Lot_62631-545_62631-545_2_c9530f2443\back_notch"
"BackSide_BowComp\Lot_62631-545\62631-545_20260803104055\Slot05|BACK","SAME_PASS","PASS_REVIEW_ONLY_UNIQUE_BACK_BF_DF_NOTCH","PASS_REVIEW_ONLY_UNIQUE_BACK_BF_DF_NOTCH","89.69120573257926","89.69120573257926","0","0.017588534841479486","0.017588534841479486","D:\KLARFExport\_ArgosReview\C15RUN1\i\BackSide_BowComp_Lot_62631-545_62631-545_2_333c67bef4\back_notch","D:\KLARFExport\_ArgosReview\C15RUN2\i\BackSide_BowComp_Lot_62631-545_62631-545_2_333c67bef4\back_notch"
"BackSide_BowComp\Lot_62631-545\62631-545_20260803104055\Slot06|BACK","SAME_PASS","PASS_REVIEW_ONLY_UNIQUE_BACK_BF_DF_NOTCH","PASS_REVIEW_ONLY_UNIQUE_BACK_BF_DF_NOTCH","90.4163666613725","90.4163666613725","0","0.032733322745002624","0.032733322745002624","D:\KLARFExport\_ArgosReview\C15RUN1\i\BackSide_BowComp_Lot_62631-545_62631-545_2_d91a457fae\back_notch","D:\KLARFExport\_ArgosReview\C15RUN2\i\BackSide_BowComp_Lot_62631-545_62631-545_2_d91a457fae\back_notch"
"BackSide_BowComp\Lot_62631-545\62631-545_20260803104055\Slot07|BACK","SAME_PASS","PASS_REVIEW_ONLY_UNIQUE_BACK_BF_DF_NOTCH","PASS_REVIEW_ONLY_UNIQUE_BACK_BF_DF_NOTCH","89.78359437984602","89.78359437984602","0","0.03281124030797855","0.03281124030797855","D:\KLARFExport\_ArgosReview\C15RUN1\i\BackSide_BowComp_Lot_62631-545_62631-545_2_efb08daa44\back_notch","D:\KLARFExport\_ArgosReview\C15RUN2\i\BackSide_BowComp_Lot_62631-545_62631-545_2_efb08daa44\back_notch"
"BackSide_BowComp\Lot_62631-545\62631-545_20260803104055\Slot08|BACK","SAME_PASS","PASS_REVIEW_ONLY_UNIQUE_BACK_BF_DF_NOTCH","PASS_REVIEW_ONLY_UNIQUE_BACK_BF_DF_NOTCH","89.72956451785548","89.72956451785548","0","0.05912903571100969","0.05912903571100969","D:\KLARFExport\_ArgosReview\C15RUN1\i\BackSide_BowComp_Lot_62631-545_62631-545_2_e414cdfa64\back_notch","D:\KLARFExport\_ArgosReview\C15RUN2\i\BackSide_BowComp_Lot_62631-545_62631-545_2_e414cdfa64\back_notch"
"BackSide_BowComp\Lot_62631-545\62631-545_20260803104055\Slot09|BACK","SAME_PASS","PASS_REVIEW_ONLY_UNIQUE_BACK_BF_DF_NOTCH","PASS_REVIEW_ONLY_UNIQUE_BACK_BF_DF_NOTCH","89.67904177595831","89.67904177595831","0","0.041916448083327396","0.041916448083327396","D:\KLARFExport\_ArgosReview\C15RUN1\i\BackSide_BowComp_Lot_62631-545_62631-545_2_a810b7acd5\back_notch","D:\KLARFExport\_ArgosReview\C15RUN2\i\BackSide_BowComp_Lot_62631-545_62631-545_2_a810b7acd5\back_notch"
"BackSide_BowComp\Lot_62631-545\62631-545_20260803104055\Slot10|BACK","SAME_PASS","PASS_REVIEW_ONLY_UNIQUE_BACK_BF_DF_NOTCH","PASS_REVIEW_ONLY_UNIQUE_BACK_BF_DF_NOTCH","89.70232555869781","89.70232555869781","0","0.004651117395582105","0.004651117395582105","D:\KLARFExport\_ArgosReview\C15RUN1\i\BackSide_BowComp_Lot_62631-545_62631-545_2_02cc455ad1\back_notch","D:\KLARFExport\_ArgosReview\C15RUN2\i\BackSide_BowComp_Lot_62631-545_62631-545_2_02cc455ad1\back_notch"
"Coherent_W2W\Lot_62626-015\62626-015_20260728162412\Slot01|BACK","SAME_HOLD","HOLD_BACK_NOTCH_NOT_FOUND","HOLD_BACK_NOTCH_NOT_FOUND","","","","","","D:\KLARFExport\_ArgosReview\C15RUN1\i\Coherent_W2W_Lot_62626-015_62626-015_20260_bae412133f\back_notch","D:\KLARFExport\_ArgosReview\C15RUN2\i\Coherent_W2W_Lot_62626-015_62626-015_20260_bae412133f\back_notch"
"Coherent_W2W\Lot_62626-015\62626-015_20260728162412\Slot02|BACK","SAME_HOLD","HOLD_BACK_NOTCH_NOT_FOUND","HOLD_BACK_NOTCH_NOT_FOUND","","","","","","D:\KLARFExport\_ArgosReview\C15RUN1\i\Coherent_W2W_Lot_62626-015_62626-015_20260_c6295830de\back_notch","D:\KLARFExport\_ArgosReview\C15RUN2\i\Coherent_W2W_Lot_62626-015_62626-015_20260_c6295830de\back_notch"
"Coherent_W2W\Lot_62626-015\62626-015_20260728162412\Slot03|BACK","SAME_HOLD","HOLD_BACK_NOTCH_NOT_FOUND","HOLD_BACK_NOTCH_NOT_FOUND","","","","","","D:\KLARFExport\_ArgosReview\C15RUN1\i\Coherent_W2W_Lot_62626-015_62626-015_20260_27c13fd63f\back_notch","D:\KLARFExport\_ArgosReview\C15RUN2\i\Coherent_W2W_Lot_62626-015_62626-015_20260_27c13fd63f\back_notch"
"Coherent_W2W\Lot_62626-015\62626-015_20260728162412\Slot04|BACK","SAME_HOLD","HOLD_BACK_NOTCH_NOT_FOUND","HOLD_BACK_NOTCH_NOT_FOUND","","","","","","D:\KLARFExport\_ArgosReview\C15RUN1\i\Coherent_W2W_Lot_62626-015_62626-015_20260_9cbb705356\back_notch","D:\KLARFExport\_ArgosReview\C15RUN2\i\Coherent_W2W_Lot_62626-015_62626-015_20260_9cbb705356\back_notch"
"Coherent_W2W\Lot_62626-015\62626-015_20260728162412\Slot05|BACK","SAME_HOLD","HOLD_BACK_NOTCH_NOT_FOUND","HOLD_BACK_NOTCH_NOT_FOUND","","","","","","D:\KLARFExport\_ArgosReview\C15RUN1\i\Coherent_W2W_Lot_62626-015_62626-015_20260_8d01463ae8\back_notch","D:\KLARFExport\_ArgosReview\C15RUN2\i\Coherent_W2W_Lot_62626-015_62626-015_20260_8d01463ae8\back_notch"
"Coherent_W2W\Lot_62626-015\62626-015_20260728162412\Slot06|BACK","SAME_HOLD","HOLD_BACK_NOTCH_NOT_FOUND","HOLD_BACK_NOTCH_NOT_FOUND","","","","","","D:\KLARFExport\_ArgosReview\C15RUN1\i\Coherent_W2W_Lot_62626-015_62626-015_20260_ecc18ee95b\back_notch","D:\KLARFExport\_ArgosReview\C15RUN2\i\Coherent_W2W_Lot_62626-015_62626-015_20260_ecc18ee95b\back_notch"
"Coherent_W2W\Lot_62626-015\62626-015_20260728162412\Slot07|BACK","SAME_HOLD","HOLD_BACK_NOTCH_NOT_FOUND","HOLD_BACK_NOTCH_NOT_FOUND","","","","","","D:\KLARFExport\_ArgosReview\C15RUN1\i\Coherent_W2W_Lot_62626-015_62626-015_20260_df5002c510\back_notch","D:\KLARFExport\_ArgosReview\C15RUN2\i\Coherent_W2W_Lot_62626-015_62626-015_20260_df5002c510\back_notch"
"Coherent_W2W\Lot_62626-015\62626-015_20260728162412\Slot08|BACK","SAME_HOLD","HOLD_BACK_NOTCH_NOT_FOUND","HOLD_BACK_NOTCH_NOT_FOUND","","","","","","D:\KLARFExport\_ArgosReview\C15RUN1\i\Coherent_W2W_Lot_62626-015_62626-015_20260_91bb58bd14\back_notch","D:\KLARFExport\_ArgosReview\C15RUN2\i\Coherent_W2W_Lot_62626-015_62626-015_20260_91bb58bd14\back_notch"
"Coherent_W2W\Lot_62626-015\62626-015_20260728162412\Slot09|BACK","SAME_HOLD","HOLD_BACK_NOTCH_NOT_FOUND","HOLD_BACK_NOTCH_NOT_FOUND","","","","","","D:\KLARFExport\_ArgosReview\C15RUN1\i\Coherent_W2W_Lot_62626-015_62626-015_20260_bf8369df81\back_notch","D:\KLARFExport\_ArgosReview\C15RUN2\i\Coherent_W2W_Lot_62626-015_62626-015_20260_bf8369df81\back_notch"
"Coherent_W2W\Lot_62626-015\62626-015_20260728162412\Slot10|BACK","SAME_HOLD","HOLD_BACK_NOTCH_NOT_FOUND","HOLD_BACK_NOTCH_NOT_FOUND","","","","","","D:\KLARFExport\_ArgosReview\C15RUN1\i\Coherent_W2W_Lot_62626-015_62626-015_20260_65d9aea69a\back_notch","D:\KLARFExport\_ArgosReview\C15RUN2\i\Coherent_W2W_Lot_62626-015_62626-015_20260_65d9aea69a\back_notch"
"Coherent_W2W\Lot_62626-015\62626-015_20260728180702\Slot01|BACK","SAME_HOLD","HOLD_BACK_NOTCH_NOT_FOUND","HOLD_BACK_NOTCH_NOT_FOUND","","","","","","D:\KLARFExport\_ArgosReview\C15RUN1\i\Coherent_W2W_Lot_62626-015_62626-015_20260_794099018e\back_notch","D:\KLARFExport\_ArgosReview\C15RUN2\i\Coherent_W2W_Lot_62626-015_62626-015_20260_794099018e\back_notch"
"Coherent_W2W\Lot_62626-015\62626-015_20260728180702\Slot02|BACK","SAME_HOLD","HOLD_BACK_NOTCH_NOT_FOUND","HOLD_BACK_NOTCH_NOT_FOUND","","","","","","D:\KLARFExport\_ArgosReview\C15RUN1\i\Coherent_W2W_Lot_62626-015_62626-015_20260_99f72db1f5\back_notch","D:\KLARFExport\_ArgosReview\C15RUN2\i\Coherent_W2W_Lot_62626-015_62626-015_20260_99f72db1f5\back_notch"
"Coherent_W2W\Lot_62626-015\62626-015_20260728180702\Slot03|BACK","SAME_HOLD","HOLD_BACK_NOTCH_NOT_FOUND","HOLD_BACK_NOTCH_NOT_FOUND","","","","","","D:\KLARFExport\_ArgosReview\C15RUN1\i\Coherent_W2W_Lot_62626-015_62626-015_20260_2c0bb1b614\back_notch","D:\KLARFExport\_ArgosReview\C15RUN2\i\Coherent_W2W_Lot_62626-015_62626-015_20260_2c0bb1b614\back_notch"
"Coherent_W2W\Lot_62626-015\62626-015_20260728180702\Slot04|BACK","SAME_HOLD","HOLD_BACK_NOTCH_NOT_FOUND","HOLD_BACK_NOTCH_NOT_FOUND","","","","","","D:\KLARFExport\_ArgosReview\C15RUN1\i\Coherent_W2W_Lot_62626-015_62626-015_20260_3ddd920b89\back_notch","D:\KLARFExport\_ArgosReview\C15RUN2\i\Coherent_W2W_Lot_62626-015_62626-015_20260_3ddd920b89\back_notch"
"Coherent_W2W\Lot_62626-015\62626-015_20260728180702\Slot05|BACK","SAME_HOLD","HOLD_BACK_NOTCH_NOT_FOUND","HOLD_BACK_NOTCH_NOT_FOUND","","","","","","D:\KLARFExport\_ArgosReview\C15RUN1\i\Coherent_W2W_Lot_62626-015_62626-015_20260_6babb68d89\back_notch","D:\KLARFExport\_ArgosReview\C15RUN2\i\Coherent_W2W_Lot_62626-015_62626-015_20260_6babb68d89\back_notch"
"Coherent_W2W\Lot_62626-015\62626-015_20260728180702\Slot06|BACK","SAME_PASS","PASS_REVIEW_ONLY_UNIQUE_BACK_BF_DF_NOTCH","PASS_REVIEW_ONLY_UNIQUE_BACK_BF_DF_NOTCH","179.88452516662667","179.88452516662667","0","0.030949666746607818","0.030949666746607818","D:\KLARFExport\_ArgosReview\C15RUN1\i\Coherent_W2W_Lot_62626-015_62626-015_20260_67e8229bfa\back_notch","D:\KLARFExport\_ArgosReview\C15RUN2\i\Coherent_W2W_Lot_62626-015_62626-015_20260_67e8229bfa\back_notch"
"Coherent_W2W\Lot_62626-015\62626-015_20260728180702\Slot07|BACK","SAME_HOLD","HOLD_BACK_NOTCH_NOT_FOUND","HOLD_BACK_NOTCH_NOT_FOUND","","","","","","D:\KLARFExport\_ArgosReview\C15RUN1\i\Coherent_W2W_Lot_62626-015_62626-015_20260_0707175dad\back_notch","D:\KLARFExport\_ArgosReview\C15RUN2\i\Coherent_W2W_Lot_62626-015_62626-015_20260_0707175dad\back_notch"
"Coherent_W2W\Lot_62626-015\62626-015_20260728180702\Slot08|BACK","SAME_HOLD","HOLD_BACK_NOTCH_NOT_FOUND","HOLD_BACK_NOTCH_NOT_FOUND","","","","","","D:\KLARFExport\_ArgosReview\C15RUN1\i\Coherent_W2W_Lot_62626-015_62626-015_20260_009f35ef13\back_notch","D:\KLARFExport\_ArgosReview\C15RUN2\i\Coherent_W2W_Lot_62626-015_62626-015_20260_009f35ef13\back_notch"
"Coherent_W2W\Lot_62626-015\62626-015_20260728180702\Slot09|BACK","SAME_HOLD","HOLD_BACK_NOTCH_NOT_FOUND","HOLD_BACK_NOTCH_NOT_FOUND","","","","","","D:\KLARFExport\_ArgosReview\C15RUN1\i\Coherent_W2W_Lot_62626-015_62626-015_20260_5cb6fcec38\back_notch","D:\KLARFExport\_ArgosReview\C15RUN2\i\Coherent_W2W_Lot_62626-015_62626-015_20260_5cb6fcec38\back_notch"
"Coherent_W2W\Lot_62626-015\62626-015_20260728180702\Slot10|BACK","SAME_HOLD","HOLD_BACK_NOTCH_NOT_FOUND","HOLD_BACK_NOTCH_NOT_FOUND","","","","","","D:\KLARFExport\_ArgosReview\C15RUN1\i\Coherent_W2W_Lot_62626-015_62626-015_20260_bad528bfc0\back_notch","D:\KLARFExport\_ArgosReview\C15RUN2\i\Coherent_W2W_Lot_62626-015_62626-015_20260_bad528bfc0\back_notch"
"Coherent_W2W\Lot_62627-098\62627-098_20260729055217\Slot16|BACK","RESCUED","HOLD_BACK_NOTCH_NOT_FOUND","PASS_REVIEW_ONLY_UNIQUE_BACK_BF_DF_NOTCH","","179.79241166764092","","","0.01517666471818302","D:\KLARFExport\_ArgosReview\C15RUN1\i\Coherent_W2W_Lot_62627-098_62627-098_20260_cec9b4f5c0\back_notch","D:\KLARFExport\_ArgosReview\C15RUN2\i\Coherent_W2W_Lot_62627-098_62627-098_20260_cec9b4f5c0\back_notch"
"Coherent_W2W\Lot_62627-098\62627-098_20260729055217\Slot17|BACK","RESCUED","HOLD_BACK_NOTCH_NOT_FOUND","PASS_REVIEW_ONLY_UNIQUE_BACK_BF_DF_NOTCH","","179.89863254613957","","","0.0027349077209066763","D:\KLARFExport\_ArgosReview\C15RUN1\i\Coherent_W2W_Lot_62627-098_62627-098_20260_ca6c1cbee3\back_notch","D:\KLARFExport\_ArgosReview\C15RUN2\i\Coherent_W2W_Lot_62627-098_62627-098_20260_ca6c1cbee3\back_notch"
"Coherent_W2W\Lot_62627-098\62627-098_20260729055217\Slot18|BACK","SAME_PASS","PASS_REVIEW_ONLY_UNIQUE_BACK_BF_DF_NOTCH","PASS_REVIEW_ONLY_UNIQUE_BACK_BF_DF_NOTCH","179.8193093068178","179.8193093068178","0","0.03861861363554908","0.03861861363554908","D:\KLARFExport\_ArgosReview\C15RUN1\i\Coherent_W2W_Lot_62627-098_62627-098_20260_b0af76bc96\back_notch","D:\KLARFExport\_ArgosReview\C15RUN2\i\Coherent_W2W_Lot_62627-098_62627-098_20260_b0af76bc96\back_notch"
"Coherent_W2W\Lot_62627-098\62627-098_20260729055217\Slot19|BACK","RESCUED","HOLD_BACK_NOTCH_NOT_FOUND","PASS_REVIEW_ONLY_UNIQUE_BACK_BF_DF_NOTCH","","179.9151314154486","","","0.030262830897157755","D:\KLARFExport\_ArgosReview\C15RUN1\i\Coherent_W2W_Lot_62627-098_62627-098_20260_c229cb44aa\back_notch","D:\KLARFExport\_ArgosReview\C15RUN2\i\Coherent_W2W_Lot_62627-098_62627-098_20260_c229cb44aa\back_notch"
"Coherent_W2W\Lot_62627-098\62627-098_20260729055217\Slot20|BACK","RESCUED","HOLD_BACK_NOTCH_NOT_FOUND","PASS_REVIEW_ONLY_UNIQUE_BACK_BF_DF_NOTCH","","179.91386097907528","","","0.027721958150550563","D:\KLARFExport\_ArgosReview\C15RUN1\i\Coherent_W2W_Lot_62627-098_62627-098_20260_e33e0a1556\back_notch","D:\KLARFExport\_ArgosReview\C15RUN2\i\Coherent_W2W_Lot_62627-098_62627-098_20260_e33e0a1556\back_notch"
"Coherent_W2W\Lot_62627-098\62627-098_20260729055217\Slot21|BACK","SAME_PASS","PASS_REVIEW_ONLY_UNIQUE_BACK_BF_DF_NOTCH","PASS_REVIEW_ONLY_UNIQUE_BACK_BF_DF_NOTCH","179.80660533426266","179.80660533426266","0","0.013210668525317715","0.013210668525317715","D:\KLARFExport\_ArgosReview\C15RUN1\i\Coherent_W2W_Lot_62627-098_62627-098_20260_4a3b6c309e\back_notch","D:\KLARFExport\_ArgosReview\C15RUN2\i\Coherent_W2W_Lot_62627-098_62627-098_20260_4a3b6c309e\back_notch"
"Coherent_W2W\Lot_62627-098\62627-098_20260729055217\Slot22|BACK","SAME_PASS","PASS_REVIEW_ONLY_UNIQUE_BACK_BF_DF_NOTCH","PASS_REVIEW_ONLY_UNIQUE_BACK_BF_DF_NOTCH","179.80974250010013","179.80974250010013","0","0.019485000200234026","0.019485000200234026","D:\KLARFExport\_ArgosReview\C15RUN1\i\Coherent_W2W_Lot_62627-098_62627-098_20260_dd8bf3947e\back_notch","D:\KLARFExport\_ArgosReview\C15RUN2\i\Coherent_W2W_Lot_62627-098_62627-098_20260_dd8bf3947e\back_notch"
"Coherent_W2W\Lot_62627-098\62627-098_20260729055217\Slot23|BACK","RESCUED","HOLD_BACK_NOTCH_NOT_FOUND","PASS_REVIEW_ONLY_UNIQUE_BACK_BF_DF_NOTCH","","179.88650789943168","","","0.026984201136599495","D:\KLARFExport\_ArgosReview\C15RUN1\i\Coherent_W2W_Lot_62627-098_62627-098_20260_e089d1761c\back_notch","D:\KLARFExport\_ArgosReview\C15RUN2\i\Coherent_W2W_Lot_62627-098_62627-098_20260_e089d1761c\back_notch"
"Coherent_W2W\Lot_62627-098\62627-098_20260729055217\Slot24|BACK","RESCUED","HOLD_BACK_NOTCH_NOT_FOUND","PASS_REVIEW_ONLY_UNIQUE_BACK_BF_DF_NOTCH","","179.87510601513512","","","0.04978796972983446","D:\KLARFExport\_ArgosReview\C15RUN1\i\Coherent_W2W_Lot_62627-098_62627-098_20260_1f3282588d\back_notch","D:\KLARFExport\_ArgosReview\C15RUN2\i\Coherent_W2W_Lot_62627-098_62627-098_20260_1f3282588d\back_notch"
"Coherent_W2W\Lot_62627-098\62627-098_20260729055217\Slot25|BACK","RESCUED","HOLD_BACK_NOTCH_NOT_FOUND","PASS_REVIEW_ONLY_UNIQUE_BACK_BF_DF_NOTCH","","179.88830182860985","","","0.023396342780301893","D:\KLARFExport\_ArgosReview\C15RUN1\i\Coherent_W2W_Lot_62627-098_62627-098_20260_1c1ddfcbc0\back_notch","D:\KLARFExport\_ArgosReview\C15RUN2\i\Coherent_W2W_Lot_62627-098_62627-098_20260_1c1ddfcbc0\back_notch"
"Coherent_W2W\Lot_62627-098\62627-098_20260729105955\Slot16|BACK","RESCUED","HOLD_BACK_NOTCH_NOT_FOUND","PASS_REVIEW_ONLY_UNIQUE_BACK_BF_DF_NOTCH","","179.89916708606327","","","0.0016658278734382748","D:\KLARFExport\_ArgosReview\C15RUN1\i\Coherent_W2W_Lot_62627-098_62627-098_20260_678f17d203\back_notch","D:\KLARFExport\_ArgosReview\C15RUN2\i\Coherent_W2W_Lot_62627-098_62627-098_20260_678f17d203\back_notch"
"Coherent_W2W\Lot_62627-098\62627-098_20260729105955\Slot17|BACK","RESCUED","HOLD_BACK_NOTCH_NOT_FOUND","PASS_REVIEW_ONLY_UNIQUE_BACK_BF_DF_NOTCH","","179.38810739236513","","","0.02378521526978261","D:\KLARFExport\_ArgosReview\C15RUN1\i\Coherent_W2W_Lot_62627-098_62627-098_20260_43b3eea677\back_notch","D:\KLARFExport\_ArgosReview\C15RUN2\i\Coherent_W2W_Lot_62627-098_62627-098_20260_43b3eea677\back_notch"
"Coherent_W2W\Lot_62627-098\62627-098_20260729105955\Slot18|BACK","RESCUED","HOLD_BACK_NOTCH_NOT_FOUND","PASS_REVIEW_ONLY_UNIQUE_BACK_BF_DF_NOTCH","","179.99238599923592","","","0.015228001528214463","D:\KLARFExport\_ArgosReview\C15RUN1\i\Coherent_W2W_Lot_62627-098_62627-098_20260_00a540259d\back_notch","D:\KLARFExport\_ArgosReview\C15RUN2\i\Coherent_W2W_Lot_62627-098_62627-098_20260_00a540259d\back_notch"
"Coherent_W2W\Lot_62627-098\62627-098_20260729105955\Slot19|BACK","RESCUED","HOLD_BACK_NOTCH_NOT_FOUND","PASS_REVIEW_ONLY_UNIQUE_BACK_BF_DF_NOTCH","","179.89706649653115","","","0.005867006937762653","D:\KLARFExport\_ArgosReview\C15RUN1\i\Coherent_W2W_Lot_62627-098_62627-098_20260_647175e891\back_notch","D:\KLARFExport\_ArgosReview\C15RUN2\i\Coherent_W2W_Lot_62627-098_62627-098_20260_647175e891\back_notch"
"Coherent_W2W\Lot_62627-098\62627-098_20260729105955\Slot20|BACK","RESCUED","HOLD_BACK_NOTCH_NOT_FOUND","PASS_REVIEW_ONLY_UNIQUE_BACK_BF_DF_NOTCH","","180.1017021889067","","","0.0034043778133252545","D:\KLARFExport\_ArgosReview\C15RUN1\i\Coherent_W2W_Lot_62627-098_62627-098_20260_d5676bcfe3\back_notch","D:\KLARFExport\_ArgosReview\C15RUN2\i\Coherent_W2W_Lot_62627-098_62627-098_20260_d5676bcfe3\back_notch"
"Coherent_W2W\Lot_62627-098\62627-098_20260729105955\Slot21|BACK","SAME_PASS","PASS_REVIEW_ONLY_UNIQUE_BACK_BF_DF_NOTCH","PASS_REVIEW_ONLY_UNIQUE_BACK_BF_DF_NOTCH","180.20040625986806","180.20040625986806","0","0.000812519736058448","0.000812519736058448","D:\KLARFExport\_ArgosReview\C15RUN1\i\Coherent_W2W_Lot_62627-098_62627-098_20260_8a30e746e3\back_notch","D:\KLARFExport\_ArgosReview\C15RUN2\i\Coherent_W2W_Lot_62627-098_62627-098_20260_8a30e746e3\back_notch"
"Coherent_W2W\Lot_62627-098\62627-098_20260729105955\Slot22|BACK","SAME_PASS","PASS_REVIEW_ONLY_UNIQUE_BACK_BF_DF_NOTCH","PASS_REVIEW_ONLY_UNIQUE_BACK_BF_DF_NOTCH","179.70683202054252","179.70683202054252","0","0.013664041085007739","0.013664041085007739","D:\KLARFExport\_ArgosReview\C15RUN1\i\Coherent_W2W_Lot_62627-098_62627-098_20260_fc1c6c4f7b\back_notch","D:\KLARFExport\_ArgosReview\C15RUN2\i\Coherent_W2W_Lot_62627-098_62627-098_20260_fc1c6c4f7b\back_notch"
"Coherent_W2W\Lot_62627-098\62627-098_20260729105955\Slot23|BACK","RESCUED","HOLD_BACK_NOTCH_NOT_FOUND","PASS_REVIEW_ONLY_UNIQUE_BACK_BF_DF_NOTCH","","179.58776824307523","","","0.02446351384955392","D:\KLARFExport\_ArgosReview\C15RUN1\i\Coherent_W2W_Lot_62627-098_62627-098_20260_7e68ce3f02\back_notch","D:\KLARFExport\_ArgosReview\C15RUN2\i\Coherent_W2W_Lot_62627-098_62627-098_20260_7e68ce3f02\back_notch"
"Coherent_W2W\Lot_62627-098\62627-098_20260729105955\Slot24|BACK","RESCUED","HOLD_BACK_NOTCH_NOT_FOUND","PASS_REVIEW_ONLY_UNIQUE_BACK_BF_DF_NOTCH","","179.9251060261926","","","0.05021205238517723","D:\KLARFExport\_ArgosReview\C15RUN1\i\Coherent_W2W_Lot_62627-098_62627-098_20260_3493a169c9\back_notch","D:\KLARFExport\_ArgosReview\C15RUN2\i\Coherent_W2W_Lot_62627-098_62627-098_20260_3493a169c9\back_notch"
"Coherent_W2W\Lot_62627-098\62627-098_20260729105955\Slot25|BACK","RESCUED","HOLD_BACK_NOTCH_NOT_FOUND","PASS_REVIEW_ONLY_UNIQUE_BACK_BF_DF_NOTCH","","179.28957098088603","","","0.020858038227913767","D:\KLARFExport\_ArgosReview\C15RUN1\i\Coherent_W2W_Lot_62627-098_62627-098_20260_9905ba9501\back_notch","D:\KLARFExport\_ArgosReview\C15RUN2\i\Coherent_W2W_Lot_62627-098_62627-098_20260_9905ba9501\back_notch"
"Coherent_W2W\Lot_62627-127\62627-127_20260729061029\Slot16|BACK","RESCUED","HOLD_BACK_NOTCH_NOT_FOUND","PASS_REVIEW_ONLY_UNIQUE_BACK_BF_DF_NOTCH","","179.7260732006923","","","0.05214640138450477","D:\KLARFExport\_ArgosReview\C15RUN1\i\Coherent_W2W_Lot_62627-127_62627-127_20260_63e2019b09\back_notch","D:\KLARFExport\_ArgosReview\C15RUN2\i\Coherent_W2W_Lot_62627-127_62627-127_20260_63e2019b09\back_notch"
"Coherent_W2W\Lot_62627-127\62627-127_20260729061029\Slot17|BACK","RESCUED","HOLD_BACK_NOTCH_NOT_FOUND","PASS_REVIEW_ONLY_UNIQUE_BACK_BF_DF_NOTCH","","179.79429507983463","","","0.01140984033079917","D:\KLARFExport\_ArgosReview\C15RUN1\i\Coherent_W2W_Lot_62627-127_62627-127_20260_6150550ef7\back_notch","D:\KLARFExport\_ArgosReview\C15RUN2\i\Coherent_W2W_Lot_62627-127_62627-127_20260_6150550ef7\back_notch"
"Coherent_W2W\Lot_62627-127\62627-127_20260729061029\Slot18|BACK","REGRESSED","PASS_REVIEW_ONLY_UNIQUE_BACK_BF_DF_NOTCH","HOLD_BACK_NOTCH_NOT_FOUND","179.77835731486954","","","0.04328537026088952","","D:\KLARFExport\_ArgosReview\C15RUN1\i\Coherent_W2W_Lot_62627-127_62627-127_20260_15e9df8974\back_notch","D:\KLARFExport\_ArgosReview\C15RUN2\i\Coherent_W2W_Lot_62627-127_62627-127_20260_15e9df8974\back_notch"
"Coherent_W2W\Lot_62627-127\62627-127_20260729061029\Slot19|BACK","RESCUED","HOLD_BACK_NOTCH_NOT_FOUND","PASS_REVIEW_ONLY_UNIQUE_BACK_BF_DF_NOTCH","","179.70689039161616","","","0.013780783232306248","D:\KLARFExport\_ArgosReview\C15RUN1\i\Coherent_W2W_Lot_62627-127_62627-127_20260_be13e2df01\back_notch","D:\KLARFExport\_ArgosReview\C15RUN2\i\Coherent_W2W_Lot_62627-127_62627-127_20260_be13e2df01\back_notch"
"Coherent_W2W\Lot_62627-127\62627-127_20260729061029\Slot20|BACK","SAME_PASS","PASS_REVIEW_ONLY_UNIQUE_BACK_BF_DF_NOTCH","PASS_REVIEW_ONLY_UNIQUE_BACK_BF_DF_NOTCH","179.71759146353574","179.71759146353574","0","0.035182927071502945","0.035182927071502945","D:\KLARFExport\_ArgosReview\C15RUN1\i\Coherent_W2W_Lot_62627-127_62627-127_20260_74e0a7b677\back_notch","D:\KLARFExport\_ArgosReview\C15RUN2\i\Coherent_W2W_Lot_62627-127_62627-127_20260_74e0a7b677\back_notch"
"Coherent_W2W\Lot_62627-127\62627-127_20260729061029\Slot21|BACK","SAME_PASS","PASS_REVIEW_ONLY_UNIQUE_BACK_BF_DF_NOTCH","PASS_REVIEW_ONLY_UNIQUE_BACK_BF_DF_NOTCH","179.77834599308557","179.77834599308557","0","0.04330801382889149","0.04330801382889149","D:\KLARFExport\_ArgosReview\C15RUN1\i\Coherent_W2W_Lot_62627-127_62627-127_20260_592bcfed1f\back_notch","D:\KLARFExport\_ArgosReview\C15RUN2\i\Coherent_W2W_Lot_62627-127_62627-127_20260_592bcfed1f\back_notch"
"Coherent_W2W\Lot_62627-127\62627-127_20260729061029\Slot22|BACK","RESCUED","HOLD_BACK_NOTCH_NOT_FOUND","PASS_REVIEW_ONLY_UNIQUE_BACK_BF_DF_NOTCH","","179.81281521924694","","","0.025630438493806196","D:\KLARFExport\_ArgosReview\C15RUN1\i\Coherent_W2W_Lot_62627-127_62627-127_20260_74b1a3a388\back_notch","D:\KLARFExport\_ArgosReview\C15RUN2\i\Coherent_W2W_Lot_62627-127_62627-127_20260_74b1a3a388\back_notch"
"Coherent_W2W\Lot_62627-127\62627-127_20260729061029\Slot23|BACK","RESCUED","HOLD_BACK_NOTCH_NOT_FOUND","PASS_REVIEW_ONLY_UNIQUE_BACK_BF_DF_NOTCH","","179.79562361833126","","","0.008752763337440683","D:\KLARFExport\_ArgosReview\C15RUN1\i\Coherent_W2W_Lot_62627-127_62627-127_20260_db60960bbb\back_notch","D:\KLARFExport\_ArgosReview\C15RUN2\i\Coherent_W2W_Lot_62627-127_62627-127_20260_db60960bbb\back_notch"
"Coherent_W2W\Lot_62627-127\62627-127_20260729061029\Slot24|BACK","RESCUED","HOLD_BACK_NOTCH_NOT_FOUND","PASS_REVIEW_ONLY_UNIQUE_BACK_BF_DF_NOTCH","","179.88439562202822","","","0.03120875594359518","D:\KLARFExport\_ArgosReview\C15RUN1\i\Coherent_W2W_Lot_62627-127_62627-127_20260_8b8d961b79\back_notch","D:\KLARFExport\_ArgosReview\C15RUN2\i\Coherent_W2W_Lot_62627-127_62627-127_20260_8b8d961b79\back_notch"
"Coherent_W2W\Lot_62627-127\62627-127_20260729061029\Slot25|BACK","RESCUED","HOLD_BACK_NOTCH_NOT_FOUND","PASS_REVIEW_ONLY_UNIQUE_BACK_BF_DF_NOTCH","","179.77463367894148","","","0.05073264211711148","D:\KLARFExport\_ArgosReview\C15RUN1\i\Coherent_W2W_Lot_62627-127_62627-127_20260_4dd4f7f320\back_notch","D:\KLARFExport\_ArgosReview\C15RUN2\i\Coherent_W2W_Lot_62627-127_62627-127_20260_4dd4f7f320\back_notch"
"Coherent_W2W\Lot_62627-127\62627-127_20260729091739\Slot16|BACK","RESCUED","HOLD_BACK_NOTCH_NOT_FOUND","PASS_REVIEW_ONLY_UNIQUE_BACK_BF_DF_NOTCH","","179.08098624419438","","","0.03802751161123297","D:\KLARFExport\_ArgosReview\C15RUN1\i\Coherent_W2W_Lot_62627-127_62627-127_20260_26302258f2\back_notch","D:\KLARFExport\_ArgosReview\C15RUN2\i\Coherent_W2W_Lot_62627-127_62627-127_20260_26302258f2\back_notch"
"Coherent_W2W\Lot_62627-127\62627-127_20260729091739\Slot17|BACK","RESCUED","HOLD_BACK_NOTCH_NOT_FOUND","PASS_REVIEW_ONLY_UNIQUE_BACK_BF_DF_NOTCH","","179.22809740829766","","","0.05619481659530834","D:\KLARFExport\_ArgosReview\C15RUN1\i\Coherent_W2W_Lot_62627-127_62627-127_20260_e91019e5e9\back_notch","D:\KLARFExport\_ArgosReview\C15RUN2\i\Coherent_W2W_Lot_62627-127_62627-127_20260_e91019e5e9\back_notch"
"Coherent_W2W\Lot_62627-127\62627-127_20260729091739\Slot18|BACK","SAME_PASS","PASS_REVIEW_ONLY_UNIQUE_BACK_BF_DF_NOTCH","PASS_REVIEW_ONLY_UNIQUE_BACK_BF_DF_NOTCH","179.20775222292863","179.20775222292863","0","0.015504445857203564","0.015504445857203564","D:\KLARFExport\_ArgosReview\C15RUN1\i\Coherent_W2W_Lot_62627-127_62627-127_20260_e35afa367c\back_notch","D:\KLARFExport\_ArgosReview\C15RUN2\i\Coherent_W2W_Lot_62627-127_62627-127_20260_e35afa367c\back_notch"
"Coherent_W2W\Lot_62627-127\62627-127_20260729091739\Slot19|BACK","RESCUED","HOLD_BACK_NOTCH_NOT_FOUND","PASS_REVIEW_ONLY_UNIQUE_BACK_BF_DF_NOTCH","","179.30507027912728","","","0.01014055825450555","D:\KLARFExport\_ArgosReview\C15RUN1\i\Coherent_W2W_Lot_62627-127_62627-127_20260_e6c6581acb\back_notch","D:\KLARFExport\_ArgosReview\C15RUN2\i\Coherent_W2W_Lot_62627-127_62627-127_20260_e6c6581acb\back_notch"
"Coherent_W2W\Lot_62627-127\62627-127_20260729091739\Slot20|BACK","RESCUED","HOLD_BACK_NOTCH_NOT_FOUND","PASS_REVIEW_ONLY_UNIQUE_BACK_BF_DF_NOTCH","","179.29087624112213","","","0.01824751775581035","D:\KLARFExport\_ArgosReview\C15RUN1\i\Coherent_W2W_Lot_62627-127_62627-127_20260_edde40b7b6\back_notch","D:\KLARFExport\_ArgosReview\C15RUN2\i\Coherent_W2W_Lot_62627-127_62627-127_20260_edde40b7b6\back_notch"
"Coherent_W2W\Lot_62627-127\62627-127_20260729091739\Slot21|BACK","RESCUED","HOLD_BACK_NOTCH_NOT_FOUND","PASS_REVIEW_ONLY_UNIQUE_BACK_BF_DF_NOTCH","","179.07852411868458","","","0.042951762630849544","D:\KLARFExport\_ArgosReview\C15RUN1\i\Coherent_W2W_Lot_62627-127_62627-127_20260_3d43f3cebb\back_notch","D:\KLARFExport\_ArgosReview\C15RUN2\i\Coherent_W2W_Lot_62627-127_62627-127_20260_3d43f3cebb\back_notch"
"Coherent_W2W\Lot_62627-127\62627-127_20260729091739\Slot22|BACK","RESCUED","HOLD_BACK_NOTCH_NOT_FOUND","PASS_REVIEW_ONLY_UNIQUE_BACK_BF_DF_NOTCH","","178.98793557523516","","","0.0241288495296601","D:\KLARFExport\_ArgosReview\C15RUN1\i\Coherent_W2W_Lot_62627-127_62627-127_20260_a57f36edba\back_notch","D:\KLARFExport\_ArgosReview\C15RUN2\i\Coherent_W2W_Lot_62627-127_62627-127_20260_a57f36edba\back_notch"
"Coherent_W2W\Lot_62627-127\62627-127_20260729091739\Slot23|BACK","RESCUED","HOLD_BACK_NOTCH_NOT_FOUND","PASS_REVIEW_ONLY_UNIQUE_BACK_BF_DF_NOTCH","","179.12398715765073","","","0.04797431530147378","D:\KLARFExport\_ArgosReview\C15RUN1\i\Coherent_W2W_Lot_62627-127_62627-127_20260_02f57e690b\back_notch","D:\KLARFExport\_ArgosReview\C15RUN2\i\Coherent_W2W_Lot_62627-127_62627-127_20260_02f57e690b\back_notch"
"Coherent_W2W\Lot_62627-127\62627-127_20260729091739\Slot24|BACK","RESCUED","HOLD_BACK_NOTCH_NOT_FOUND","PASS_REVIEW_ONLY_UNIQUE_BACK_BF_DF_NOTCH","","179.60723438688706","","","0.01446877377404121","D:\KLARFExport\_ArgosReview\C15RUN1\i\Coherent_W2W_Lot_62627-127_62627-127_20260_8eb87155f4\back_notch","D:\KLARFExport\_ArgosReview\C15RUN2\i\Coherent_W2W_Lot_62627-127_62627-127_20260_8eb87155f4\back_notch"
"Coherent_W2W\Lot_62627-127\62627-127_20260729091739\Slot25|BACK","RESCUED","HOLD_BACK_NOTCH_NOT_FOUND","PASS_REVIEW_ONLY_UNIQUE_BACK_BF_DF_NOTCH","","179.1076440806691","","","0.015288161338190775","D:\KLARFExport\_ArgosReview\C15RUN1\i\Coherent_W2W_Lot_62627-127_62627-127_20260_da0e45b35f\back_notch","D:\KLARFExport\_ArgosReview\C15RUN2\i\Coherent_W2W_Lot_62627-127_62627-127_20260_da0e45b35f\back_notch"
"Coherent_W2W\Lot_62627-195\62627-195_20260728145720\Slot16|BACK","RESCUED","HOLD_BACK_NOTCH_NOT_FOUND","PASS_REVIEW_ONLY_UNIQUE_BACK_BF_DF_NOTCH","","179.79223033208274","","","0.015539335834546364","D:\KLARFExport\_ArgosReview\C15RUN1\i\Coherent_W2W_Lot_62627-195_62627-195_20260_9c1b9dcf6f\back_notch","D:\KLARFExport\_ArgosReview\C15RUN2\i\Coherent_W2W_Lot_62627-195_62627-195_20260_9c1b9dcf6f\back_notch"
"Coherent_W2W\Lot_62627-195\62627-195_20260728145720\Slot17|BACK","RESCUED","HOLD_BACK_NOTCH_NOT_FOUND","PASS_REVIEW_ONLY_UNIQUE_BACK_BF_DF_NOTCH","","179.88017884068566","","","0.03964231862872225","D:\KLARFExport\_ArgosReview\C15RUN1\i\Coherent_W2W_Lot_62627-195_62627-195_20260_6a2dc1c90e\back_notch","D:\KLARFExport\_ArgosReview\C15RUN2\i\Coherent_W2W_Lot_62627-195_62627-195_20260_6a2dc1c90e\back_notch"
"Coherent_W2W\Lot_62627-195\62627-195_20260728145720\Slot18|BACK","RESCUED","HOLD_BACK_NOTCH_NOT_FOUND","PASS_REVIEW_ONLY_UNIQUE_BACK_BF_DF_NOTCH","","179.9761164430205","","","0.04776711395899724","D:\KLARFExport\_ArgosReview\C15RUN1\i\Coherent_W2W_Lot_62627-195_62627-195_20260_68cc6458b3\back_notch","D:\KLARFExport\_ArgosReview\C15RUN2\i\Coherent_W2W_Lot_62627-195_62627-195_20260_68cc6458b3\back_notch"
"Coherent_W2W\Lot_62627-195\62627-195_20260728145720\Slot19|BACK","RESCUED","HOLD_BACK_NOTCH_NOT_FOUND","PASS_REVIEW_ONLY_UNIQUE_BACK_BF_DF_NOTCH","","179.5196772958152","","","0.03935459163042765","D:\KLARFExport\_ArgosReview\C15RUN1\i\Coherent_W2W_Lot_62627-195_62627-195_20260_7f642fffc8\back_notch","D:\KLARFExport\_ArgosReview\C15RUN2\i\Coherent_W2W_Lot_62627-195_62627-195_20260_7f642fffc8\back_notch"
"Coherent_W2W\Lot_62627-195\62627-195_20260728145720\Slot20|BACK","REGRESSED","PASS_REVIEW_ONLY_UNIQUE_BACK_BF_DF_NOTCH","HOLD_BACK_NOTCH_MULTIPLE_BF_DF_MATCHES","179.70053027195976","","","0.0010605439195501276","","D:\KLARFExport\_ArgosReview\C15RUN1\i\Coherent_W2W_Lot_62627-195_62627-195_20260_15d283a585\back_notch","D:\KLARFExport\_ArgosReview\C15RUN2\i\Coherent_W2W_Lot_62627-195_62627-195_20260_15d283a585\back_notch"
"Coherent_W2W\Lot_62627-195\62627-195_20260728145720\Slot21|BACK","SAME_PASS","PASS_REVIEW_ONLY_UNIQUE_BACK_BF_DF_NOTCH","PASS_REVIEW_ONLY_UNIQUE_BACK_BF_DF_NOTCH","179.60611884796594","179.60611884796594","0","0.01223769593187285","0.01223769593187285","D:\KLARFExport\_ArgosReview\C15RUN1\i\Coherent_W2W_Lot_62627-195_62627-195_20260_fe5f72d034\back_notch","D:\KLARFExport\_ArgosReview\C15RUN2\i\Coherent_W2W_Lot_62627-195_62627-195_20260_fe5f72d034\back_notch"
"Coherent_W2W\Lot_62627-195\62627-195_20260728145720\Slot22|BACK","RESCUED","HOLD_BACK_NOTCH_NOT_FOUND","PASS_REVIEW_ONLY_UNIQUE_BACK_BF_DF_NOTCH","","179.92346415816863","","","0.046928316337243814","D:\KLARFExport\_ArgosReview\C15RUN1\i\Coherent_W2W_Lot_62627-195_62627-195_20260_47ffb4db01\back_notch","D:\KLARFExport\_ArgosReview\C15RUN2\i\Coherent_W2W_Lot_62627-195_62627-195_20260_47ffb4db01\back_notch"
"Coherent_W2W\Lot_62627-195\62627-195_20260728145720\Slot23|BACK","RESCUED","HOLD_BACK_NOTCH_NOT_FOUND","PASS_REVIEW_ONLY_UNIQUE_BACK_BF_DF_NOTCH","","179.4173794591725","","","0.0347589183449486","D:\KLARFExport\_ArgosReview\C15RUN1\i\Coherent_W2W_Lot_62627-195_62627-195_20260_45d46a26d7\back_notch","D:\KLARFExport\_ArgosReview\C15RUN2\i\Coherent_W2W_Lot_62627-195_62627-195_20260_45d46a26d7\back_notch"
"Coherent_W2W\Lot_62627-195\62627-195_20260728145720\Slot24|BACK","RESCUED","HOLD_BACK_NOTCH_NOT_FOUND","PASS_REVIEW_ONLY_UNIQUE_BACK_BF_DF_NOTCH","","180.1154899277645","","","0.030979855528926237","D:\KLARFExport\_ArgosReview\C15RUN1\i\Coherent_W2W_Lot_62627-195_62627-195_20260_edabadb1d4\back_notch","D:\KLARFExport\_ArgosReview\C15RUN2\i\Coherent_W2W_Lot_62627-195_62627-195_20260_edabadb1d4\back_notch"
"Coherent_W2W\Lot_62627-195\62627-195_20260728145720\Slot25|BACK","SAME_HOLD","HOLD_BACK_NOTCH_NOT_FOUND","HOLD_BACK_NOTCH_NOT_FOUND","","","","","","D:\KLARFExport\_ArgosReview\C15RUN1\i\Coherent_W2W_Lot_62627-195_62627-195_20260_88af2ba59c\back_notch","D:\KLARFExport\_ArgosReview\C15RUN2\i\Coherent_W2W_Lot_62627-195_62627-195_20260_88af2ba59c\back_notch"
"Coherent_W2W\Lot_62627-195\62627-195_20260729054031\Slot16|BACK","RESCUED","HOLD_BACK_NOTCH_NOT_FOUND","PASS_REVIEW_ONLY_UNIQUE_BACK_BF_DF_NOTCH","","179.87575385503462","","","0.04849228993080601","D:\KLARFExport\_ArgosReview\C15RUN1\i\Coherent_W2W_Lot_62627-195_62627-195_20260_0ba26098fd\back_notch","D:\KLARFExport\_ArgosReview\C15RUN2\i\Coherent_W2W_Lot_62627-195_62627-195_20260_0ba26098fd\back_notch"
"Coherent_W2W\Lot_62627-195\62627-195_20260729054031\Slot17|BACK","RESCUED","HOLD_BACK_NOTCH_NOT_FOUND","PASS_REVIEW_ONLY_UNIQUE_BACK_BF_DF_NOTCH","","179.71453786719556","","","0.02907573439108546","D:\KLARFExport\_ArgosReview\C15RUN1\i\Coherent_W2W_Lot_62627-195_62627-195_20260_b07b00e9c5\back_notch","D:\KLARFExport\_ArgosReview\C15RUN2\i\Coherent_W2W_Lot_62627-195_62627-195_20260_b07b00e9c5\back_notch"
"Coherent_W2W\Lot_62627-195\62627-195_20260729054031\Slot18|BACK","RESCUED","HOLD_BACK_NOTCH_NOT_FOUND","PASS_REVIEW_ONLY_UNIQUE_BACK_BF_DF_NOTCH","","179.79281894104628","","","0.014362117907438687","D:\KLARFExport\_ArgosReview\C15RUN1\i\Coherent_W2W_Lot_62627-195_62627-195_20260_b98b3caf82\back_notch","D:\KLARFExport\_ArgosReview\C15RUN2\i\Coherent_W2W_Lot_62627-195_62627-195_20260_b98b3caf82\back_notch"
"Coherent_W2W\Lot_62627-195\62627-195_20260729054031\Slot19|BACK","SAME_PASS","PASS_REVIEW_ONLY_UNIQUE_BACK_BF_DF_NOTCH","PASS_REVIEW_ONLY_UNIQUE_BACK_BF_DF_NOTCH","179.803039936189","179.803039936189","0","0.006079872377966922","0.006079872377966922","D:\KLARFExport\_ArgosReview\C15RUN1\i\Coherent_W2W_Lot_62627-195_62627-195_20260_cbf851f018\back_notch","D:\KLARFExport\_ArgosReview\C15RUN2\i\Coherent_W2W_Lot_62627-195_62627-195_20260_cbf851f018\back_notch"
"Coherent_W2W\Lot_62627-195\62627-195_20260729054031\Slot20|BACK","SAME_PASS","PASS_REVIEW_ONLY_UNIQUE_BACK_BF_DF_NOTCH","PASS_REVIEW_ONLY_UNIQUE_BACK_BF_DF_NOTCH","179.8140936033364","179.8140936033364","0","0.02818720667278285","0.02818720667278285","D:\KLARFExport\_ArgosReview\C15RUN1\i\Coherent_W2W_Lot_62627-195_62627-195_20260_ae355c4c0c\back_notch","D:\KLARFExport\_ArgosReview\C15RUN2\i\Coherent_W2W_Lot_62627-195_62627-195_20260_ae355c4c0c\back_notch"
"Coherent_W2W\Lot_62627-195\62627-195_20260729054031\Slot21|BACK","SAME_PASS","PASS_REVIEW_ONLY_UNIQUE_BACK_BF_DF_NOTCH","PASS_REVIEW_ONLY_UNIQUE_BACK_BF_DF_NOTCH","179.8751787848403","179.8751787848403","0","0.04964243031938054","0.04964243031938054","D:\KLARFExport\_ArgosReview\C15RUN1\i\Coherent_W2W_Lot_62627-195_62627-195_20260_546f786a7f\back_notch","D:\KLARFExport\_ArgosReview\C15RUN2\i\Coherent_W2W_Lot_62627-195_62627-195_20260_546f786a7f\back_notch"
"Coherent_W2W\Lot_62627-195\62627-195_20260729054031\Slot22|BACK","RESCUED","HOLD_BACK_NOTCH_NOT_FOUND","PASS_REVIEW_ONLY_UNIQUE_BACK_BF_DF_NOTCH","","179.87431122067792","","","0.05137755864413407","D:\KLARFExport\_ArgosReview\C15RUN1\i\Coherent_W2W_Lot_62627-195_62627-195_20260_c83f3971ac\back_notch","D:\KLARFExport\_ArgosReview\C15RUN2\i\Coherent_W2W_Lot_62627-195_62627-195_20260_c83f3971ac\back_notch"
"Coherent_W2W\Lot_62627-195\62627-195_20260729054031\Slot23|BACK","RESCUED","HOLD_BACK_NOTCH_NOT_FOUND","PASS_REVIEW_ONLY_UNIQUE_BACK_BF_DF_NOTCH","","179.81353717613575","","","0.027074352271512225","D:\KLARFExport\_ArgosReview\C15RUN1\i\Coherent_W2W_Lot_62627-195_62627-195_20260_e24cde7a24\back_notch","D:\KLARFExport\_ArgosReview\C15RUN2\i\Coherent_W2W_Lot_62627-195_62627-195_20260_e24cde7a24\back_notch"
"Coherent_W2W\Lot_62627-195\62627-195_20260729054031\Slot24|BACK","RESCUED","HOLD_BACK_NOTCH_NOT_FOUND","PASS_REVIEW_ONLY_UNIQUE_BACK_BF_DF_NOTCH","","179.87859774121213","","","0.042804517575746104","D:\KLARFExport\_ArgosReview\C15RUN1\i\Coherent_W2W_Lot_62627-195_62627-195_20260_cf5e8b665e\back_notch","D:\KLARFExport\_ArgosReview\C15RUN2\i\Coherent_W2W_Lot_62627-195_62627-195_20260_cf5e8b665e\back_notch"
"Coherent_W2W\Lot_62627-195\62627-195_20260729054031\Slot25|BACK","SAME_HOLD","HOLD_BACK_NOTCH_NOT_FOUND","HOLD_BACK_NOTCH_NOT_FOUND","","","","","","D:\KLARFExport\_ArgosReview\C15RUN1\i\Coherent_W2W_Lot_62627-195_62627-195_20260_89c4596db1\back_notch","D:\KLARFExport\_ArgosReview\C15RUN2\i\Coherent_W2W_Lot_62627-195_62627-195_20260_89c4596db1\back_notch"
"Coherent_W2W\Lot_62627-195\62627-195_20260729081657\Slot16|BACK","RESCUED","HOLD_BACK_NOTCH_NOT_FOUND","PASS_REVIEW_ONLY_UNIQUE_BACK_BF_DF_NOTCH","","180.07065315861547","","","0.05869368276913178","D:\KLARFExport\_ArgosReview\C15RUN1\i\Coherent_W2W_Lot_62627-195_62627-195_20260_294b4e1c11\back_notch","D:\KLARFExport\_ArgosReview\C15RUN2\i\Coherent_W2W_Lot_62627-195_62627-195_20260_294b4e1c11\back_notch"
"Coherent_W2W\Lot_62627-195\62627-195_20260729081657\Slot17|BACK","RESCUED","HOLD_BACK_NOTCH_NOT_FOUND","PASS_REVIEW_ONLY_UNIQUE_BACK_BF_DF_NOTCH","","180.0848842703781","","","0.030231459243879044","D:\KLARFExport\_ArgosReview\C15RUN1\i\Coherent_W2W_Lot_62627-195_62627-195_20260_7e88268c03\back_notch","D:\KLARFExport\_ArgosReview\C15RUN2\i\Coherent_W2W_Lot_62627-195_62627-195_20260_7e88268c03\back_notch"
"Coherent_W2W\Lot_62627-195\62627-195_20260729081657\Slot18|BACK","RESCUED","HOLD_BACK_NOTCH_NOT_FOUND","PASS_REVIEW_ONLY_UNIQUE_BACK_BF_DF_NOTCH","","180.084390623932","","","0.031218752136027206","D:\KLARFExport\_ArgosReview\C15RUN1\i\Coherent_W2W_Lot_62627-195_62627-195_20260_6450bbc609\back_notch","D:\KLARFExport\_ArgosReview\C15RUN2\i\Coherent_W2W_Lot_62627-195_62627-195_20260_6450bbc609\back_notch"
"Coherent_W2W\Lot_62627-195\62627-195_20260729081657\Slot19|BACK","SAME_PASS","PASS_REVIEW_ONLY_UNIQUE_BACK_BF_DF_NOTCH","PASS_REVIEW_ONLY_UNIQUE_BACK_BF_DF_NOTCH","180.08865247367737","180.08865247367737","0","0.022695052645275382","0.022695052645275382","D:\KLARFExport\_ArgosReview\C15RUN1\i\Coherent_W2W_Lot_62627-195_62627-195_20260_c52a060ce5\back_notch","D:\KLARFExport\_ArgosReview\C15RUN2\i\Coherent_W2W_Lot_62627-195_62627-195_20260_c52a060ce5\back_notch"
"Coherent_W2W\Lot_62627-195\62627-195_20260729081657\Slot20|BACK","SAME_PASS","PASS_REVIEW_ONLY_UNIQUE_BACK_BF_DF_NOTCH","PASS_REVIEW_ONLY_UNIQUE_BACK_BF_DF_NOTCH","180.09418319388914","180.09418319388914","0","0.011633612221743306","0.011633612221743306","D:\KLARFExport\_ArgosReview\C15RUN1\i\Coherent_W2W_Lot_62627-195_62627-195_20260_598ee8aa97\back_notch","D:\KLARFExport\_ArgosReview\C15RUN2\i\Coherent_W2W_Lot_62627-195_62627-195_20260_598ee8aa97\back_notch"
"Coherent_W2W\Lot_62627-195\62627-195_20260729081657\Slot21|BACK","SAME_PASS","PASS_REVIEW_ONLY_UNIQUE_BACK_BF_DF_NOTCH","PASS_REVIEW_ONLY_UNIQUE_BACK_BF_DF_NOTCH","180.08459180854015","180.08459180854015","0","0.030816382919709895","0.030816382919709895","D:\KLARFExport\_ArgosReview\C15RUN1\i\Coherent_W2W_Lot_62627-195_62627-195_20260_0c29eaf601\back_notch","D:\KLARFExport\_ArgosReview\C15RUN2\i\Coherent_W2W_Lot_62627-195_62627-195_20260_0c29eaf601\back_notch"
"Coherent_W2W\Lot_62627-195\62627-195_20260729081657\Slot22|BACK","RESCUED","HOLD_BACK_NOTCH_NOT_FOUND","PASS_REVIEW_ONLY_UNIQUE_BACK_BF_DF_NOTCH","","180.11341491239477","","","0.026829824789473378","D:\KLARFExport\_ArgosReview\C15RUN1\i\Coherent_W2W_Lot_62627-195_62627-195_20260_3083b13305\back_notch","D:\KLARFExport\_ArgosReview\C15RUN2\i\Coherent_W2W_Lot_62627-195_62627-195_20260_3083b13305\back_notch"
"Coherent_W2W\Lot_62627-195\62627-195_20260729081657\Slot23|BACK","SAME_PASS","PASS_REVIEW_ONLY_UNIQUE_BACK_BF_DF_NOTCH","PASS_REVIEW_ONLY_UNIQUE_BACK_BF_DF_NOTCH","180.07230033166485","180.07230033166485","0","0.05539933667034802","0.05539933667034802","D:\KLARFExport\_ArgosReview\C15RUN1\i\Coherent_W2W_Lot_62627-195_62627-195_20260_d79578c489\back_notch","D:\KLARFExport\_ArgosReview\C15RUN2\i\Coherent_W2W_Lot_62627-195_62627-195_20260_d79578c489\back_notch"
"Coherent_W2W\Lot_62627-195\62627-195_20260729081657\Slot24|BACK","RESCUED","HOLD_BACK_NOTCH_NOT_FOUND","PASS_REVIEW_ONLY_UNIQUE_BACK_BF_DF_NOTCH","","180.07931169453872","","","0.04137661092258327","D:\KLARFExport\_ArgosReview\C15RUN1\i\Coherent_W2W_Lot_62627-195_62627-195_20260_0f66840340\back_notch","D:\KLARFExport\_ArgosReview\C15RUN2\i\Coherent_W2W_Lot_62627-195_62627-195_20260_0f66840340\back_notch"
"Coherent_W2W\Lot_62627-195\62627-195_20260729081657\Slot25|BACK","SAME_HOLD","HOLD_BACK_NOTCH_NOT_FOUND","HOLD_BACK_NOTCH_NOT_FOUND","","","","","","D:\KLARFExport\_ArgosReview\C15RUN1\i\Coherent_W2W_Lot_62627-195_62627-195_20260_348cc352d6\back_notch","D:\KLARFExport\_ArgosReview\C15RUN2\i\Coherent_W2W_Lot_62627-195_62627-195_20260_348cc352d6\back_notch"
"Coherent_W2W\Lot_62628-233\62628-233_20260729052723\Slot16|BACK","SAME_HOLD","HOLD_BACK_NOTCH_NOT_FOUND","HOLD_BACK_NOTCH_NOT_FOUND","","","","","","D:\KLARFExport\_ArgosReview\C15RUN1\i\Coherent_W2W_Lot_62628-233_62628-233_20260_802ed9f90e\back_notch","D:\KLARFExport\_ArgosReview\C15RUN2\i\Coherent_W2W_Lot_62628-233_62628-233_20260_802ed9f90e\back_notch"
"Coherent_W2W\Lot_62628-233\62628-233_20260729052723\Slot17|BACK","RESCUED","HOLD_BACK_NOTCH_NOT_FOUND","PASS_REVIEW_ONLY_UNIQUE_BACK_BF_DF_NOTCH","","179.9302760606474","","","0.06055212129476217","D:\KLARFExport\_ArgosReview\C15RUN1\i\Coherent_W2W_Lot_62628-233_62628-233_20260_301882a989\back_notch","D:\KLARFExport\_ArgosReview\C15RUN2\i\Coherent_W2W_Lot_62628-233_62628-233_20260_301882a989\back_notch"
"Coherent_W2W\Lot_62628-233\62628-233_20260729052723\Slot18|BACK","SAME_HOLD","HOLD_BACK_NOTCH_NOT_FOUND","HOLD_BACK_NOTCH_NOT_FOUND","","","","","","D:\KLARFExport\_ArgosReview\C15RUN1\i\Coherent_W2W_Lot_62628-233_62628-233_20260_7f7d64f386\back_notch","D:\KLARFExport\_ArgosReview\C15RUN2\i\Coherent_W2W_Lot_62628-233_62628-233_20260_7f7d64f386\back_notch"
"Coherent_W2W\Lot_62628-233\62628-233_20260729052723\Slot19|BACK","SAME_PASS","PASS_REVIEW_ONLY_UNIQUE_BACK_BF_DF_NOTCH","PASS_REVIEW_ONLY_UNIQUE_BACK_BF_DF_NOTCH","179.66759380472735","179.98238663106986","0.314792826","0.664812390545336","0.03522673786028463","D:\KLARFExport\_ArgosReview\C15RUN1\i\Coherent_W2W_Lot_62628-233_62628-233_20260_c6dd93de7c\back_notch","D:\KLARFExport\_ArgosReview\C15RUN2\i\Coherent_W2W_Lot_62628-233_62628-233_20260_c6dd93de7c\back_notch"
"Coherent_W2W\Lot_62628-233\62628-233_20260729052723\Slot20|BACK","SAME_HOLD","HOLD_BACK_NOTCH_NOT_FOUND","HOLD_BACK_NOTCH_NOT_FOUND","","","","","","D:\KLARFExport\_ArgosReview\C15RUN1\i\Coherent_W2W_Lot_62628-233_62628-233_20260_c8c29ee2d4\back_notch","D:\KLARFExport\_ArgosReview\C15RUN2\i\Coherent_W2W_Lot_62628-233_62628-233_20260_c8c29ee2d4\back_notch"
"Coherent_W2W\Lot_62628-233\62628-233_20260729052723\Slot21|BACK","SAME_HOLD","HOLD_BACK_NOTCH_NOT_FOUND","HOLD_BACK_NOTCH_NOT_FOUND","","","","","","D:\KLARFExport\_ArgosReview\C15RUN1\i\Coherent_W2W_Lot_62628-233_62628-233_20260_6bbdcca9d3\back_notch","D:\KLARFExport\_ArgosReview\C15RUN2\i\Coherent_W2W_Lot_62628-233_62628-233_20260_6bbdcca9d3\back_notch"
"Coherent_W2W\Lot_62628-233\62628-233_20260729052723\Slot22|BACK","SAME_HOLD","HOLD_BACK_NOTCH_NOT_FOUND","HOLD_BACK_NOTCH_NOT_FOUND","","","","","","D:\KLARFExport\_ArgosReview\C15RUN1\i\Coherent_W2W_Lot_62628-233_62628-233_20260_4d8c407f5d\back_notch","D:\KLARFExport\_ArgosReview\C15RUN2\i\Coherent_W2W_Lot_62628-233_62628-233_20260_4d8c407f5d\back_notch"
"Coherent_W2W\Lot_62628-233\62628-233_20260729052723\Slot23|BACK","RESCUED","HOLD_BACK_NOTCH_NOT_FOUND","PASS_REVIEW_ONLY_UNIQUE_BACK_BF_DF_NOTCH","","179.90643866772635","","","0.012877335452657235","D:\KLARFExport\_ArgosReview\C15RUN1\i\Coherent_W2W_Lot_62628-233_62628-233_20260_474e200068\back_notch","D:\KLARFExport\_ArgosReview\C15RUN2\i\Coherent_W2W_Lot_62628-233_62628-233_20260_474e200068\back_notch"
"Coherent_W2W\Lot_62628-233\62628-233_20260729052723\Slot24|BACK","SAME_PASS","PASS_REVIEW_ONLY_UNIQUE_BACK_BF_DF_NOTCH","PASS_REVIEW_ONLY_UNIQUE_BACK_BF_DF_NOTCH","179.78265711801953","179.78265711801953","0","0.03468576396093681","0.03468576396093681","D:\KLARFExport\_ArgosReview\C15RUN1\i\Coherent_W2W_Lot_62628-233_62628-233_20260_dd1ce7ec58\back_notch","D:\KLARFExport\_ArgosReview\C15RUN2\i\Coherent_W2W_Lot_62628-233_62628-233_20260_dd1ce7ec58\back_notch"
"Coherent_W2W\Lot_62628-233\62628-233_20260729052723\Slot25|BACK","RESCUED","HOLD_BACK_NOTCH_NOT_FOUND","PASS_REVIEW_ONLY_UNIQUE_BACK_BF_DF_NOTCH","","179.41525616067938","","","0.030512321358770578","D:\KLARFExport\_ArgosReview\C15RUN1\i\Coherent_W2W_Lot_62628-233_62628-233_20260_f0f6e2aaec\back_notch","D:\KLARFExport\_ArgosReview\C15RUN2\i\Coherent_W2W_Lot_62628-233_62628-233_20260_f0f6e2aaec\back_notch"
"Coherent_W2W\Lot_62628-233\62628-233_20260729063218\Slot16|BACK","SAME_PASS","PASS_REVIEW_ONLY_UNIQUE_BACK_BF_DF_NOTCH","PASS_REVIEW_ONLY_UNIQUE_BACK_BF_DF_NOTCH","178.43615402953176","178.43615402953176","0","0.07230805906354476","0.07230805906354476","D:\KLARFExport\_ArgosReview\C15RUN1\i\Coherent_W2W_Lot_62628-233_62628-233_20260_3683cc6f41\back_notch","D:\KLARFExport\_ArgosReview\C15RUN2\i\Coherent_W2W_Lot_62628-233_62628-233_20260_3683cc6f41\back_notch"
"Coherent_W2W\Lot_62628-233\62628-233_20260729063218\Slot17|BACK","RESCUED","HOLD_BACK_NOTCH_NOT_FOUND","PASS_REVIEW_ONLY_UNIQUE_BACK_BF_DF_NOTCH","","178.70247516253434","","","0.0049503250686484535","D:\KLARFExport\_ArgosReview\C15RUN1\i\Coherent_W2W_Lot_62628-233_62628-233_20260_be15731d30\back_notch","D:\KLARFExport\_ArgosReview\C15RUN2\i\Coherent_W2W_Lot_62628-233_62628-233_20260_be15731d30\back_notch"
"Coherent_W2W\Lot_62628-233\62628-233_20260729063218\Slot18|BACK","SAME_PASS","PASS_REVIEW_ONLY_UNIQUE_BACK_BF_DF_NOTCH","PASS_REVIEW_ONLY_UNIQUE_BACK_BF_DF_NOTCH","178.14446068147856","178.48874182640907","0.344281145","0.7110786370428457","0.02251634718186324","D:\KLARFExport\_ArgosReview\C15RUN1\i\Coherent_W2W_Lot_62628-233_62628-233_20260_710fb516bc\back_notch","D:\KLARFExport\_ArgosReview\C15RUN2\i\Coherent_W2W_Lot_62628-233_62628-233_20260_710fb516bc\back_notch"
"Coherent_W2W\Lot_62628-233\62628-233_20260729063218\Slot19|BACK","SAME_HOLD","HOLD_BACK_NOTCH_NOT_FOUND","HOLD_BACK_NOTCH_NOT_FOUND","","","","","","D:\KLARFExport\_ArgosReview\C15RUN1\i\Coherent_W2W_Lot_62628-233_62628-233_20260_6be4485d4e\back_notch","D:\KLARFExport\_ArgosReview\C15RUN2\i\Coherent_W2W_Lot_62628-233_62628-233_20260_6be4485d4e\back_notch"
"Coherent_W2W\Lot_62628-233\62628-233_20260729063218\Slot20|BACK","SAME_HOLD","HOLD_BACK_NOTCH_NOT_FOUND","HOLD_BACK_NOTCH_NOT_FOUND","","","","","","D:\KLARFExport\_ArgosReview\C15RUN1\i\Coherent_W2W_Lot_62628-233_62628-233_20260_8adf6f40fd\back_notch","D:\KLARFExport\_ArgosReview\C15RUN2\i\Coherent_W2W_Lot_62628-233_62628-233_20260_8adf6f40fd\back_notch"
"Coherent_W2W\Lot_62628-233\62628-233_20260729063218\Slot21|BACK","SAME_HOLD","HOLD_BACK_NOTCH_NOT_FOUND","HOLD_BACK_NOTCH_NOT_FOUND","","","","","","D:\KLARFExport\_ArgosReview\C15RUN1\i\Coherent_W2W_Lot_62628-233_62628-233_20260_3923c7cab0\back_notch","D:\KLARFExport\_ArgosReview\C15RUN2\i\Coherent_W2W_Lot_62628-233_62628-233_20260_3923c7cab0\back_notch"
"Coherent_W2W\Lot_62628-233\62628-233_20260729063218\Slot22|BACK","SAME_PASS","PASS_REVIEW_ONLY_UNIQUE_BACK_BF_DF_NOTCH","PASS_REVIEW_ONLY_UNIQUE_BACK_BF_DF_NOTCH","178.63260385960925","178.89945437761398","0.266850518","0.5347922807814882","0.00109124477208411","D:\KLARFExport\_ArgosReview\C15RUN1\i\Coherent_W2W_Lot_62628-233_62628-233_20260_303fe00907\back_notch","D:\KLARFExport\_ArgosReview\C15RUN2\i\Coherent_W2W_Lot_62628-233_62628-233_20260_303fe00907\back_notch"
"Coherent_W2W\Lot_62628-233\62628-233_20260729063218\Slot23|BACK","RESCUED","HOLD_BACK_NOTCH_NOT_FOUND","PASS_REVIEW_ONLY_UNIQUE_BACK_BF_DF_NOTCH","","178.71322055147343","","","0.026441102946790807","D:\KLARFExport\_ArgosReview\C15RUN1\i\Coherent_W2W_Lot_62628-233_62628-233_20260_d77d1be98b\back_notch","D:\KLARFExport\_ArgosReview\C15RUN2\i\Coherent_W2W_Lot_62628-233_62628-233_20260_d77d1be98b\back_notch"
"Coherent_W2W\Lot_62628-233\62628-233_20260729063218\Slot24|BACK","RESCUED","HOLD_BACK_NOTCH_NOT_FOUND","PASS_REVIEW_ONLY_UNIQUE_BACK_BF_DF_NOTCH","","179.104679581122","","","0.009359162243924857","D:\KLARFExport\_ArgosReview\C15RUN1\i\Coherent_W2W_Lot_62628-233_62628-233_20260_c5ab648e7b\back_notch","D:\KLARFExport\_ArgosReview\C15RUN2\i\Coherent_W2W_Lot_62628-233_62628-233_20260_c5ab648e7b\back_notch"
"Coherent_W2W\Lot_62628-233\62628-233_20260729063218\Slot25|BACK","RESCUED","HOLD_BACK_NOTCH_NOT_FOUND","PASS_REVIEW_ONLY_UNIQUE_BACK_BF_DF_NOTCH","","178.5883126998989","","","0.023374600202203055","D:\KLARFExport\_ArgosReview\C15RUN1\i\Coherent_W2W_Lot_62628-233_62628-233_20260_23b5a2f220\back_notch","D:\KLARFExport\_ArgosReview\C15RUN2\i\Coherent_W2W_Lot_62628-233_62628-233_20260_23b5a2f220\back_notch"
"Coherent_W2W\Lot-62627-127\62627-127_20260728152158\Slot16|BACK","RESCUED","HOLD_BACK_NOTCH_NOT_FOUND","PASS_REVIEW_ONLY_UNIQUE_BACK_BF_DF_NOTCH","","180.0960569358208","","","0.007886128358506994","D:\KLARFExport\_ArgosReview\C15RUN1\i\Coherent_W2W_Lot-62627-127_62627-127_20260_dc96232416\back_notch","D:\KLARFExport\_ArgosReview\C15RUN2\i\Coherent_W2W_Lot-62627-127_62627-127_20260_dc96232416\back_notch"
"Coherent_W2W\Lot-62627-127\62627-127_20260728152158\Slot17|BACK","RESCUED","HOLD_BACK_NOTCH_NOT_FOUND","PASS_REVIEW_ONLY_UNIQUE_BACK_BF_DF_NOTCH","","179.7001304851012","","","0.0002609702023050886","D:\KLARFExport\_ArgosReview\C15RUN1\i\Coherent_W2W_Lot-62627-127_62627-127_20260_00a2382efd\back_notch","D:\KLARFExport\_ArgosReview\C15RUN2\i\Coherent_W2W_Lot-62627-127_62627-127_20260_00a2382efd\back_notch"
"Coherent_W2W\Lot-62627-127\62627-127_20260728152158\Slot18|BACK","SAME_HOLD","HOLD_BACK_NOTCH_NOT_FOUND","HOLD_BACK_NOTCH_NOT_FOUND","","","","","","D:\KLARFExport\_ArgosReview\C15RUN1\i\Coherent_W2W_Lot-62627-127_62627-127_20260_564ddc94e4\back_notch","D:\KLARFExport\_ArgosReview\C15RUN2\i\Coherent_W2W_Lot-62627-127_62627-127_20260_564ddc94e4\back_notch"
"Coherent_W2W\Lot-62627-127\62627-127_20260728152158\Slot19|BACK","RESCUED","HOLD_BACK_NOTCH_NOT_FOUND","PASS_REVIEW_ONLY_UNIQUE_BACK_BF_DF_NOTCH","","179.7041821662082","","","0.008364332416391562","D:\KLARFExport\_ArgosReview\C15RUN1\i\Coherent_W2W_Lot-62627-127_62627-127_20260_dfbba9faac\back_notch","D:\KLARFExport\_ArgosReview\C15RUN2\i\Coherent_W2W_Lot-62627-127_62627-127_20260_dfbba9faac\back_notch"
"Coherent_W2W\Lot-62627-127\62627-127_20260728152158\Slot20|BACK","SAME_PASS","PASS_REVIEW_ONLY_UNIQUE_BACK_BF_DF_NOTCH","PASS_REVIEW_ONLY_UNIQUE_BACK_BF_DF_NOTCH","180.1201601528096","180.1201601528096","0","0.040320305619161445","0.040320305619161445","D:\KLARFExport\_ArgosReview\C15RUN1\i\Coherent_W2W_Lot-62627-127_62627-127_20260_5ba178a896\back_notch","D:\KLARFExport\_ArgosReview\C15RUN2\i\Coherent_W2W_Lot-62627-127_62627-127_20260_5ba178a896\back_notch"
"Coherent_W2W\Lot-62627-127\62627-127_20260728152158\Slot21|BACK","RESCUED","HOLD_BACK_NOTCH_NOT_FOUND","PASS_REVIEW_ONLY_UNIQUE_BACK_BF_DF_NOTCH","","179.78833374428956","","","0.023332511420875335","D:\KLARFExport\_ArgosReview\C15RUN1\i\Coherent_W2W_Lot-62627-127_62627-127_20260_b364e6cfd8\back_notch","D:\KLARFExport\_ArgosReview\C15RUN2\i\Coherent_W2W_Lot-62627-127_62627-127_20260_b364e6cfd8\back_notch"
"Coherent_W2W\Lot-62627-127\62627-127_20260728152158\Slot22|BACK","SAME_PASS","PASS_REVIEW_ONLY_UNIQUE_BACK_BF_DF_NOTCH","PASS_REVIEW_ONLY_UNIQUE_BACK_BF_DF_NOTCH","179.59336392210457","179.59336392210457","0","0.013272155790900797","0.013272155790900797","D:\KLARFExport\_ArgosReview\C15RUN1\i\Coherent_W2W_Lot-62627-127_62627-127_20260_3705a489b6\back_notch","D:\KLARFExport\_ArgosReview\C15RUN2\i\Coherent_W2W_Lot-62627-127_62627-127_20260_3705a489b6\back_notch"
"Coherent_W2W\Lot-62627-127\62627-127_20260728152158\Slot23|BACK","RESCUED","HOLD_BACK_NOTCH_NOT_FOUND","PASS_REVIEW_ONLY_UNIQUE_BACK_BF_DF_NOTCH","","179.5189935337209","","","0.037987067441804356","D:\KLARFExport\_ArgosReview\C15RUN1\i\Coherent_W2W_Lot-62627-127_62627-127_20260_52845631e8\back_notch","D:\KLARFExport\_ArgosReview\C15RUN2\i\Coherent_W2W_Lot-62627-127_62627-127_20260_52845631e8\back_notch"
"Coherent_W2W\Lot-62627-127\62627-127_20260728152158\Slot24|BACK","RESCUED","HOLD_BACK_NOTCH_NOT_FOUND","PASS_REVIEW_ONLY_UNIQUE_BACK_BF_DF_NOTCH","","178.29170334760693","","","0.016593304786169938","D:\KLARFExport\_ArgosReview\C15RUN1\i\Coherent_W2W_Lot-62627-127_62627-127_20260_dad8591c5d\back_notch","D:\KLARFExport\_ArgosReview\C15RUN2\i\Coherent_W2W_Lot-62627-127_62627-127_20260_dad8591c5d\back_notch"
"Coherent_W2W\Lot-62627-127\62627-127_20260728152158\Slot25|BACK","RESCUED","HOLD_BACK_NOTCH_NOT_FOUND","PASS_REVIEW_ONLY_UNIQUE_BACK_BF_DF_NOTCH","","178.10596836213438","","","0.011936724268707621","D:\KLARFExport\_ArgosReview\C15RUN1\i\Coherent_W2W_Lot-62627-127_62627-127_20260_5c406535aa\back_notch","D:\KLARFExport\_ArgosReview\C15RUN2\i\Coherent_W2W_Lot-62627-127_62627-127_20260_5c406535aa\back_notch"
"PatternedFront\Lot_62616-131\62616-131_20260825233731\Slot01|BACK","SAME_PASS","PASS_REVIEW_ONLY_UNIQUE_BACK_BF_DF_NOTCH","PASS_REVIEW_ONLY_UNIQUE_BACK_BF_DF_NOTCH","89.72329129943195","89.72329129943195","0","0.04658259886394944","0.04658259886394944","D:\KLARFExport\_ArgosReview\C15RUN1\i\PatternedFront_Lot_62616-131_62616-131_202_b1feb57880\back_notch","D:\KLARFExport\_ArgosReview\C15RUN2\i\PatternedFront_Lot_62616-131_62616-131_202_b1feb57880\back_notch"
"PatternedFront\Lot_62616-131\62616-131_20260825233731\Slot02|BACK","SAME_PASS","PASS_REVIEW_ONLY_UNIQUE_BACK_BF_DF_NOTCH","PASS_REVIEW_ONLY_UNIQUE_BACK_BF_DF_NOTCH","89.7403793751546","89.7403793751546","0","0.08075875030925772","0.08075875030925772","D:\KLARFExport\_ArgosReview\C15RUN1\i\PatternedFront_Lot_62616-131_62616-131_202_9cec40bfa3\back_notch","D:\KLARFExport\_ArgosReview\C15RUN2\i\PatternedFront_Lot_62616-131_62616-131_202_9cec40bfa3\back_notch"
"PatternedFront\Lot_62616-131\62616-131_20260825233731\Slot03|BACK","SAME_PASS","PASS_REVIEW_ONLY_UNIQUE_BACK_BF_DF_NOTCH","PASS_REVIEW_ONLY_UNIQUE_BACK_BF_DF_NOTCH","89.79601012569344","89.79601012569344","0","0.007979748613138327","0.007979748613138327","D:\KLARFExport\_ArgosReview\C15RUN1\i\PatternedFront_Lot_62616-131_62616-131_202_1e4e6e9393\back_notch","D:\KLARFExport\_ArgosReview\C15RUN2\i\PatternedFront_Lot_62616-131_62616-131_202_1e4e6e9393\back_notch"
"PatternedFront\Lot_62616-131\62616-131_20260825233731\Slot04|BACK","SAME_PASS","PASS_REVIEW_ONLY_UNIQUE_BACK_BF_DF_NOTCH","PASS_REVIEW_ONLY_UNIQUE_BACK_BF_DF_NOTCH","89.88332283408036","89.88332283408036","0","0.03335433183929126","0.03335433183929126","D:\KLARFExport\_ArgosReview\C15RUN1\i\PatternedFront_Lot_62616-131_62616-131_202_6938970106\back_notch","D:\KLARFExport\_ArgosReview\C15RUN2\i\PatternedFront_Lot_62616-131_62616-131_202_6938970106\back_notch"
"PatternedFront\Lot_62616-131\62616-131_20260825233731\Slot05|BACK","SAME_PASS","PASS_REVIEW_ONLY_UNIQUE_BACK_BF_DF_NOTCH","PASS_REVIEW_ONLY_UNIQUE_BACK_BF_DF_NOTCH","89.77355082745663","89.77355082745663","0","0.052898345086759946","0.052898345086759946","D:\KLARFExport\_ArgosReview\C15RUN1\i\PatternedFront_Lot_62616-131_62616-131_202_b5fbfe364c\back_notch","D:\KLARFExport\_ArgosReview\C15RUN2\i\PatternedFront_Lot_62616-131_62616-131_202_b5fbfe364c\back_notch"
"PatternedFront\Lot_62616-131\62616-131_20260825233731\Slot06|BACK","SAME_PASS","PASS_REVIEW_ONLY_UNIQUE_BACK_BF_DF_NOTCH","PASS_REVIEW_ONLY_UNIQUE_BACK_BF_DF_NOTCH","89.8080492829477","89.8080492829477","0","0.016098565895390493","0.016098565895390493","D:\KLARFExport\_ArgosReview\C15RUN1\i\PatternedFront_Lot_62616-131_62616-131_202_4c7691be0c\back_notch","D:\KLARFExport\_ArgosReview\C15RUN2\i\PatternedFront_Lot_62616-131_62616-131_202_4c7691be0c\back_notch"
"PatternedFront\Lot_62616-131\62616-131_20260825233731\Slot07|BACK","SAME_PASS","PASS_REVIEW_ONLY_UNIQUE_BACK_BF_DF_NOTCH","PASS_REVIEW_ONLY_UNIQUE_BACK_BF_DF_NOTCH","89.81599134963386","89.81599134963386","0","0.03198269926775765","0.03198269926775765","D:\KLARFExport\_ArgosReview\C15RUN1\i\PatternedFront_Lot_62616-131_62616-131_202_deb9da09d4\back_notch","D:\KLARFExport\_ArgosReview\C15RUN2\i\PatternedFront_Lot_62616-131_62616-131_202_deb9da09d4\back_notch"
"PatternedFront\Lot_62616-131\62616-131_20260825233731\Slot08|BACK","SAME_PASS","PASS_REVIEW_ONLY_UNIQUE_BACK_BF_DF_NOTCH","PASS_REVIEW_ONLY_UNIQUE_BACK_BF_DF_NOTCH","89.86144436299682","89.86144436299682","0","0.07711127400634155","0.07711127400634155","D:\KLARFExport\_ArgosReview\C15RUN1\i\PatternedFront_Lot_62616-131_62616-131_202_58b713495d\back_notch","D:\KLARFExport\_ArgosReview\C15RUN2\i\PatternedFront_Lot_62616-131_62616-131_202_58b713495d\back_notch"
"PatternedFront\Lot_62616-131\62616-131_20260825233731\Slot09|BACK","SAME_PASS","PASS_REVIEW_ONLY_UNIQUE_BACK_BF_DF_NOTCH","PASS_REVIEW_ONLY_UNIQUE_BACK_BF_DF_NOTCH","89.7184000902616","89.7184000902616","0","0.03680018052324385","0.03680018052324385","D:\KLARFExport\_ArgosReview\C15RUN1\i\PatternedFront_Lot_62616-131_62616-131_202_a6d9f7d8e2\back_notch","D:\KLARFExport\_ArgosReview\C15RUN2\i\PatternedFront_Lot_62616-131_62616-131_202_a6d9f7d8e2\back_notch"
"PatternedFront\Lot_62616-131\62616-131_20260825233731\Slot10|BACK","SAME_PASS","PASS_REVIEW_ONLY_UNIQUE_BACK_BF_DF_NOTCH","PASS_REVIEW_ONLY_UNIQUE_BACK_BF_DF_NOTCH","89.72321422564302","89.72321422564302","0","0.0464284512860047","0.0464284512860047","D:\KLARFExport\_ArgosReview\C15RUN1\i\PatternedFront_Lot_62616-131_62616-131_202_ab55f44220\back_notch","D:\KLARFExport\_ArgosReview\C15RUN2\i\PatternedFront_Lot_62616-131_62616-131_202_ab55f44220\back_notch"
"PatternedFront\Lot_62618-283\62618-283_20260811051510\Slot01|BACK","SAME_PASS","PASS_REVIEW_ONLY_UNIQUE_BACK_BF_DF_NOTCH","PASS_REVIEW_ONLY_UNIQUE_BACK_BF_DF_NOTCH","89.91000986280116","89.91000986280116","0","0.020019725602310245","0.020019725602310245","D:\KLARFExport\_ArgosReview\C15RUN1\i\PatternedFront_Lot_62618-283_62618-283_202_1219d539e0\back_notch","D:\KLARFExport\_ArgosReview\C15RUN2\i\PatternedFront_Lot_62618-283_62618-283_202_1219d539e0\back_notch"
"PatternedFront\Lot_62618-283\62618-283_20260811051510\Slot02|BACK","SAME_PASS","PASS_REVIEW_ONLY_UNIQUE_BACK_BF_DF_NOTCH","PASS_REVIEW_ONLY_UNIQUE_BACK_BF_DF_NOTCH","90.00584817964375","90.00584817964375","0","0.011696359287498126","0.011696359287498126","D:\KLARFExport\_ArgosReview\C15RUN1\i\PatternedFront_Lot_62618-283_62618-283_202_a3100e1705\back_notch","D:\KLARFExport\_ArgosReview\C15RUN2\i\PatternedFront_Lot_62618-283_62618-283_202_a3100e1705\back_notch"
"PatternedFront\Lot_62618-283\62618-283_20260811051510\Slot03|BACK","SAME_PASS","PASS_REVIEW_ONLY_UNIQUE_BACK_BF_DF_NOTCH","PASS_REVIEW_ONLY_UNIQUE_BACK_BF_DF_NOTCH","89.92265774296496","89.92265774296496","0","0.04531548592984791","0.04531548592984791","D:\KLARFExport\_ArgosReview\C15RUN1\i\PatternedFront_Lot_62618-283_62618-283_202_f13e929f48\back_notch","D:\KLARFExport\_ArgosReview\C15RUN2\i\PatternedFront_Lot_62618-283_62618-283_202_f13e929f48\back_notch"
"PatternedFront\Lot_62618-283\62618-283_20260811051510\Slot04|BACK","SAME_PASS","PASS_REVIEW_ONLY_UNIQUE_BACK_BF_DF_NOTCH","PASS_REVIEW_ONLY_UNIQUE_BACK_BF_DF_NOTCH","89.90301913462994","89.90301913462994","0","0.006038269259875051","0.006038269259875051","D:\KLARFExport\_ArgosReview\C15RUN1\i\PatternedFront_Lot_62618-283_62618-283_202_e53094df84\back_notch","D:\KLARFExport\_ArgosReview\C15RUN2\i\PatternedFront_Lot_62618-283_62618-283_202_e53094df84\back_notch"
"PatternedFront\Lot_62618-283\62618-283_20260811051510\Slot05|BACK","SAME_PASS","PASS_REVIEW_ONLY_UNIQUE_BACK_BF_DF_NOTCH","PASS_REVIEW_ONLY_UNIQUE_BACK_BF_DF_NOTCH","89.98732940016407","89.98732940016407","0","0.025341199671856884","0.025341199671856884","D:\KLARFExport\_ArgosReview\C15RUN1\i\PatternedFront_Lot_62618-283_62618-283_202_9c2997a65f\back_notch","D:\KLARFExport\_ArgosReview\C15RUN2\i\PatternedFront_Lot_62618-283_62618-283_202_9c2997a65f\back_notch"
"PatternedFront\Lot_62618-283\62618-283_20260811051510\Slot06|BACK","SAME_PASS","PASS_REVIEW_ONLY_UNIQUE_BACK_BF_DF_NOTCH","PASS_REVIEW_ONLY_UNIQUE_BACK_BF_DF_NOTCH","89.9776496214634","89.9776496214634","0","0.04470075707317278","0.04470075707317278","D:\KLARFExport\_ArgosReview\C15RUN1\i\PatternedFront_Lot_62618-283_62618-283_202_a8970c4948\back_notch","D:\KLARFExport\_ArgosReview\C15RUN2\i\PatternedFront_Lot_62618-283_62618-283_202_a8970c4948\back_notch"
"PatternedFront\Lot_62618-283\62618-283_20260811051510\Slot07|BACK","SAME_PASS","PASS_REVIEW_ONLY_UNIQUE_BACK_BF_DF_NOTCH","PASS_REVIEW_ONLY_UNIQUE_BACK_BF_DF_NOTCH","89.98614247212333","89.98614247212333","0","0.027715055753304796","0.027715055753304796","D:\KLARFExport\_ArgosReview\C15RUN1\i\PatternedFront_Lot_62618-283_62618-283_202_e066c6b620\back_notch","D:\KLARFExport\_ArgosReview\C15RUN2\i\PatternedFront_Lot_62618-283_62618-283_202_e066c6b620\back_notch"
"PatternedFront\Lot_62618-283\62618-283_20260811051510\Slot08|BACK","SAME_PASS","PASS_REVIEW_ONLY_UNIQUE_BACK_BF_DF_NOTCH","PASS_REVIEW_ONLY_UNIQUE_BACK_BF_DF_NOTCH","89.97571412521222","89.97571412521222","0","0.048571749575529566","0.048571749575529566","D:\KLARFExport\_ArgosReview\C15RUN1\i\PatternedFront_Lot_62618-283_62618-283_202_c6fca2c31e\back_notch","D:\KLARFExport\_ArgosReview\C15RUN2\i\PatternedFront_Lot_62618-283_62618-283_202_c6fca2c31e\back_notch"
"PatternedFront\Lot_62618-283\62618-283_20260811051510\Slot09|BACK","SAME_PASS","PASS_REVIEW_ONLY_UNIQUE_BACK_BF_DF_NOTCH","PASS_REVIEW_ONLY_UNIQUE_BACK_BF_DF_NOTCH","89.90259545284928","89.90259545284928","0","0.005190905698498227","0.005190905698498227","D:\KLARFExport\_ArgosReview\C15RUN1\i\PatternedFront_Lot_62618-283_62618-283_202_97cfff02b6\back_notch","D:\KLARFExport\_ArgosReview\C15RUN2\i\PatternedFront_Lot_62618-283_62618-283_202_97cfff02b6\back_notch"
"PatternedFront\Lot_62618-283\62618-283_20260811051510\Slot10|BACK","SAME_PASS","PASS_REVIEW_ONLY_UNIQUE_BACK_BF_DF_NOTCH","PASS_REVIEW_ONLY_UNIQUE_BACK_BF_DF_NOTCH","90.20541414660029","90.20541414660029","0","0.01082829320057499","0.01082829320057499","D:\KLARFExport\_ArgosReview\C15RUN1\i\PatternedFront_Lot_62618-283_62618-283_202_6efd41bca3\back_notch","D:\KLARFExport\_ArgosReview\C15RUN2\i\PatternedFront_Lot_62618-283_62618-283_202_6efd41bca3\back_notch"
"PatternedFront\Lot_62619-433\62619-433_20260824005735\Slot16|BACK","SAME_PASS","PASS_REVIEW_ONLY_UNIQUE_BACK_BF_DF_NOTCH","PASS_REVIEW_ONLY_UNIQUE_BACK_BF_DF_NOTCH","89.71426078407008","89.71426078407008","0","0.028521568140178033","0.028521568140178033","D:\KLARFExport\_ArgosReview\C15RUN1\i\PatternedFront_Lot_62619-433_62619-433_202_c8701bd3cd\back_notch","D:\KLARFExport\_ArgosReview\C15RUN2\i\PatternedFront_Lot_62619-433_62619-433_202_c8701bd3cd\back_notch"
"PatternedFront\Lot_62619-433\62619-433_20260824005735\Slot17|BACK","SAME_PASS","PASS_REVIEW_ONLY_UNIQUE_BACK_BF_DF_NOTCH","PASS_REVIEW_ONLY_UNIQUE_BACK_BF_DF_NOTCH","89.68793454204588","89.68793454204588","0","0.02413091590827321","0.02413091590827321","D:\KLARFExport\_ArgosReview\C15RUN1\i\PatternedFront_Lot_62619-433_62619-433_202_a876157337\back_notch","D:\KLARFExport\_ArgosReview\C15RUN2\i\PatternedFront_Lot_62619-433_62619-433_202_a876157337\back_notch"
"PatternedFront\Lot_62619-433\62619-433_20260824005735\Slot18|BACK","SAME_PASS","PASS_REVIEW_ONLY_UNIQUE_BACK_BF_DF_NOTCH","PASS_REVIEW_ONLY_UNIQUE_BACK_BF_DF_NOTCH","89.68995539916331","89.68995539916331","0","0.020089201673386015","0.020089201673386015","D:\KLARFExport\_ArgosReview\C15RUN1\i\PatternedFront_Lot_62619-433_62619-433_202_59ea5b8d91\back_notch","D:\KLARFExport\_ArgosReview\C15RUN2\i\PatternedFront_Lot_62619-433_62619-433_202_59ea5b8d91\back_notch"
"PatternedFront\Lot_62619-433\62619-433_20260824005735\Slot19|BACK","SAME_PASS","PASS_REVIEW_ONLY_UNIQUE_BACK_BF_DF_NOTCH","PASS_REVIEW_ONLY_UNIQUE_BACK_BF_DF_NOTCH","89.79034702832911","89.79034702832911","0","0.01930594334186253","0.01930594334186253","D:\KLARFExport\_ArgosReview\C15RUN1\i\PatternedFront_Lot_62619-433_62619-433_202_32f8c1cbe2\back_notch","D:\KLARFExport\_ArgosReview\C15RUN2\i\PatternedFront_Lot_62619-433_62619-433_202_32f8c1cbe2\back_notch"
"PatternedFront\Lot_62619-433\62619-433_20260824005735\Slot20|BACK","SAME_PASS","PASS_REVIEW_ONLY_UNIQUE_BACK_BF_DF_NOTCH","PASS_REVIEW_ONLY_UNIQUE_BACK_BF_DF_NOTCH","89.7683157584375","89.7683157584375","0","0.06336848312500365","0.06336848312500365","D:\KLARFExport\_ArgosReview\C15RUN1\i\PatternedFront_Lot_62619-433_62619-433_202_ed1d0d06f2\back_notch","D:\KLARFExport\_ArgosReview\C15RUN2\i\PatternedFront_Lot_62619-433_62619-433_202_ed1d0d06f2\back_notch"
"PatternedFront\Lot_62619-433\62619-433_20260824005735\Slot21|BACK","SAME_PASS","PASS_REVIEW_ONLY_UNIQUE_BACK_BF_DF_NOTCH","PASS_REVIEW_ONLY_UNIQUE_BACK_BF_DF_NOTCH","89.70995489519807","89.70995489519807","0","0.01990979039609897","0.01990979039609897","D:\KLARFExport\_ArgosReview\C15RUN1\i\PatternedFront_Lot_62619-433_62619-433_202_7c433d826b\back_notch","D:\KLARFExport\_ArgosReview\C15RUN2\i\PatternedFront_Lot_62619-433_62619-433_202_7c433d826b\back_notch"
"PatternedFront\Lot_62619-433\62619-433_20260824005735\Slot22|BACK","SAME_PASS","PASS_REVIEW_ONLY_UNIQUE_BACK_BF_DF_NOTCH","PASS_REVIEW_ONLY_UNIQUE_BACK_BF_DF_NOTCH","89.67925407808879","89.67925407808879","0","0.041491843822427654","0.041491843822427654","D:\KLARFExport\_ArgosReview\C15RUN1\i\PatternedFront_Lot_62619-433_62619-433_202_3caf183464\back_notch","D:\KLARFExport\_ArgosReview\C15RUN2\i\PatternedFront_Lot_62619-433_62619-433_202_3caf183464\back_notch"
"PatternedFront\Lot_62619-433\62619-433_20260824005735\Slot23|BACK","SAME_PASS","PASS_REVIEW_ONLY_UNIQUE_BACK_BF_DF_NOTCH","PASS_REVIEW_ONLY_UNIQUE_BACK_BF_DF_NOTCH","89.8000357936287","89.8000357936287","0","7.158725730960214e-05","7.158725730960214e-05","D:\KLARFExport\_ArgosReview\C15RUN1\i\PatternedFront_Lot_62619-433_62619-433_202_24cce41a27\back_notch","D:\KLARFExport\_ArgosReview\C15RUN2\i\PatternedFront_Lot_62619-433_62619-433_202_24cce41a27\back_notch"
"PatternedFront\Lot_62619-433\62619-433_20260824005735\Slot24|BACK","SAME_PASS","PASS_REVIEW_ONLY_UNIQUE_BACK_BF_DF_NOTCH","PASS_REVIEW_ONLY_UNIQUE_BACK_BF_DF_NOTCH","89.70043466562994","89.70043466562994","0","0.0008693312598779812","0.0008693312598779812","D:\KLARFExport\_ArgosReview\C15RUN1\i\PatternedFront_Lot_62619-433_62619-433_202_b2cd646fcd\back_notch","D:\KLARFExport\_ArgosReview\C15RUN2\i\PatternedFront_Lot_62619-433_62619-433_202_b2cd646fcd\back_notch"
"PatternedFront\Lot_62619-433\62619-433_20260824005735\Slot25|BACK","SAME_PASS","PASS_REVIEW_ONLY_UNIQUE_BACK_BF_DF_NOTCH","PASS_REVIEW_ONLY_UNIQUE_BACK_BF_DF_NOTCH","89.77955599411183","89.77955599411183","0","0.040888011776360145","0.040888011776360145","D:\KLARFExport\_ArgosReview\C15RUN1\i\PatternedFront_Lot_62619-433_62619-433_202_c8a3006e63\back_notch","D:\KLARFExport\_ArgosReview\C15RUN2\i\PatternedFront_Lot_62619-433_62619-433_202_c8a3006e63\back_notch"
"PatternedFront\Lot_62620-548\62620-548_20260810154124\Slot01|BACK","SAME_PASS","PASS_REVIEW_ONLY_UNIQUE_BACK_BF_DF_NOTCH","PASS_REVIEW_ONLY_UNIQUE_BACK_BF_DF_NOTCH","89.68624914539772","89.68624914539772","0","0.0275017092045573","0.0275017092045573","D:\KLARFExport\_ArgosReview\C15RUN1\i\PatternedFront_Lot_62620-548_62620-548_202_ac68acaf56\back_notch","D:\KLARFExport\_ArgosReview\C15RUN2\i\PatternedFront_Lot_62620-548_62620-548_202_ac68acaf56\back_notch"
"PatternedFront\Lot_62620-548\62620-548_20260810154124\Slot02|BACK","SAME_PASS","PASS_REVIEW_ONLY_UNIQUE_BACK_BF_DF_NOTCH","PASS_REVIEW_ONLY_UNIQUE_BACK_BF_DF_NOTCH","89.70739365341792","89.70739365341792","0","0.014787306835813752","0.014787306835813752","D:\KLARFExport\_ArgosReview\C15RUN1\i\PatternedFront_Lot_62620-548_62620-548_202_dad50078e3\back_notch","D:\KLARFExport\_ArgosReview\C15RUN2\i\PatternedFront_Lot_62620-548_62620-548_202_dad50078e3\back_notch"
"PatternedFront\Lot_62620-548\62620-548_20260810154124\Slot03|BACK","SAME_PASS","PASS_REVIEW_ONLY_UNIQUE_BACK_BF_DF_NOTCH","PASS_REVIEW_ONLY_UNIQUE_BACK_BF_DF_NOTCH","89.76695507199105","89.76695507199105","0","0.06608985601786799","0.06608985601786799","D:\KLARFExport\_ArgosReview\C15RUN1\i\PatternedFront_Lot_62620-548_62620-548_202_843983ae30\back_notch","D:\KLARFExport\_ArgosReview\C15RUN2\i\PatternedFront_Lot_62620-548_62620-548_202_843983ae30\back_notch"
"PatternedFront\Lot_62620-548\62620-548_20260810154124\Slot04|BACK","SAME_PASS","PASS_REVIEW_ONLY_UNIQUE_BACK_BF_DF_NOTCH","PASS_REVIEW_ONLY_UNIQUE_BACK_BF_DF_NOTCH","89.80176458680057","89.80176458680057","0","0.0035291736011515695","0.0035291736011515695","D:\KLARFExport\_ArgosReview\C15RUN1\i\PatternedFront_Lot_62620-548_62620-548_202_528029bfc7\back_notch","D:\KLARFExport\_ArgosReview\C15RUN2\i\PatternedFront_Lot_62620-548_62620-548_202_528029bfc7\back_notch"
"PatternedFront\Lot_62620-548\62620-548_20260810154124\Slot05|BACK","SAME_PASS","PASS_REVIEW_ONLY_UNIQUE_BACK_BF_DF_NOTCH","PASS_REVIEW_ONLY_UNIQUE_BACK_BF_DF_NOTCH","89.79223894798946","89.79223894798946","0","0.015522104021158611","0.015522104021158611","D:\KLARFExport\_ArgosReview\C15RUN1\i\PatternedFront_Lot_62620-548_62620-548_202_efa6b1bf93\back_notch","D:\KLARFExport\_ArgosReview\C15RUN2\i\PatternedFront_Lot_62620-548_62620-548_202_efa6b1bf93\back_notch"
"PatternedFront\Lot_62621-582\62621-582_20260817090150\Slot19|BACK","SAME_PASS","PASS_REVIEW_ONLY_UNIQUE_BACK_BF_DF_NOTCH","PASS_REVIEW_ONLY_UNIQUE_BACK_BF_DF_NOTCH","89.80746708323386","89.80746708323386","0","0.014934166467696741","0.014934166467696741","D:\KLARFExport\_ArgosReview\C15RUN1\i\PatternedFront_Lot_62621-582_62621-582_202_a07a9dccc3\back_notch","D:\KLARFExport\_ArgosReview\C15RUN2\i\PatternedFront_Lot_62621-582_62621-582_202_a07a9dccc3\back_notch"
"PatternedFront\Lot_62621-582\62621-582_20260817090150\Slot20|BACK","SAME_PASS","PASS_REVIEW_ONLY_UNIQUE_BACK_BF_DF_NOTCH","PASS_REVIEW_ONLY_UNIQUE_BACK_BF_DF_NOTCH","89.69617046942194","89.69617046942194","0","0.0076590611561755395","0.0076590611561755395","D:\KLARFExport\_ArgosReview\C15RUN1\i\PatternedFront_Lot_62621-582_62621-582_202_4d745a1f01\back_notch","D:\KLARFExport\_ArgosReview\C15RUN2\i\PatternedFront_Lot_62621-582_62621-582_202_4d745a1f01\back_notch"
"PatternedFront\Lot_62621-582\62621-582_20260817090150\Slot21|BACK","SAME_PASS","PASS_REVIEW_ONLY_UNIQUE_BACK_BF_DF_NOTCH","PASS_REVIEW_ONLY_UNIQUE_BACK_BF_DF_NOTCH","89.70711503615446","89.70711503615446","0","0.014230072308947683","0.014230072308947683","D:\KLARFExport\_ArgosReview\C15RUN1\i\PatternedFront_Lot_62621-582_62621-582_202_569f234f9a\back_notch","D:\KLARFExport\_ArgosReview\C15RUN2\i\PatternedFront_Lot_62621-582_62621-582_202_569f234f9a\back_notch"
"PatternedFront\Lot_62621-582\62621-582_20260817090150\Slot22|BACK","SAME_PASS","PASS_REVIEW_ONLY_UNIQUE_BACK_BF_DF_NOTCH","PASS_REVIEW_ONLY_UNIQUE_BACK_BF_DF_NOTCH","89.69300552954606","89.69300552954606","0","0.013988940907836422","0.013988940907836422","D:\KLARFExport\_ArgosReview\C15RUN1\i\PatternedFront_Lot_62621-582_62621-582_202_9fd878d866\back_notch","D:\KLARFExport\_ArgosReview\C15RUN2\i\PatternedFront_Lot_62621-582_62621-582_202_9fd878d866\back_notch"
"PatternedFront\Lot_62621-582\62621-582_20260817090150\Slot23|BACK","SAME_PASS","PASS_REVIEW_ONLY_UNIQUE_BACK_BF_DF_NOTCH","PASS_REVIEW_ONLY_UNIQUE_BACK_BF_DF_NOTCH","89.77512970540852","89.77512970540852","0","0.04974058918301694","0.04974058918301694","D:\KLARFExport\_ArgosReview\C15RUN1\i\PatternedFront_Lot_62621-582_62621-582_202_3a63f75343\back_notch","D:\KLARFExport\_ArgosReview\C15RUN2\i\PatternedFront_Lot_62621-582_62621-582_202_3a63f75343\back_notch"
"PatternedFront\Lot_62621-582\62621-582_20260817090150\Slot24|BACK","SAME_PASS","PASS_REVIEW_ONLY_UNIQUE_BACK_BF_DF_NOTCH","PASS_REVIEW_ONLY_UNIQUE_BACK_BF_DF_NOTCH","89.69930093963366","89.69930093963366","0","0.001398120732631014","0.001398120732631014","D:\KLARFExport\_ArgosReview\C15RUN1\i\PatternedFront_Lot_62621-582_62621-582_202_685d757237\back_notch","D:\KLARFExport\_ArgosReview\C15RUN2\i\PatternedFront_Lot_62621-582_62621-582_202_685d757237\back_notch"
"PatternedFront\Lot_62621-582\62621-582_20260817090150\Slot25|BACK","SAME_PASS","PASS_REVIEW_ONLY_UNIQUE_BACK_BF_DF_NOTCH","PASS_REVIEW_ONLY_UNIQUE_BACK_BF_DF_NOTCH","89.49324799817617","89.49324799817617","0","0.01350400364771076","0.01350400364771076","D:\KLARFExport\_ArgosReview\C15RUN1\i\PatternedFront_Lot_62621-582_62621-582_202_cf0f65d6d2\back_notch","D:\KLARFExport\_ArgosReview\C15RUN2\i\PatternedFront_Lot_62621-582_62621-582_202_cf0f65d6d2\back_notch"
"PatternedFront\Lot_62624-871\62624-871_20260819103210\Slot21|BACK","SAME_PASS","PASS_REVIEW_ONLY_UNIQUE_BACK_BF_DF_NOTCH","PASS_REVIEW_ONLY_UNIQUE_BACK_BF_DF_NOTCH","89.69217790249736","89.69217790249736","0","0.01564419500527947","0.01564419500527947","D:\KLARFExport\_ArgosReview\C15RUN1\i\PatternedFront_Lot_62624-871_62624-871_202_2811ee0d45\back_notch","D:\KLARFExport\_ArgosReview\C15RUN2\i\PatternedFront_Lot_62624-871_62624-871_202_2811ee0d45\back_notch"
"PatternedFront\Lot_62624-871\62624-871_20260819103210\Slot22|BACK","SAME_PASS","PASS_REVIEW_ONLY_UNIQUE_BACK_BF_DF_NOTCH","PASS_REVIEW_ONLY_UNIQUE_BACK_BF_DF_NOTCH","89.77719359130504","89.77719359130504","0","0.04561281738995149","0.04561281738995149","D:\KLARFExport\_ArgosReview\C15RUN1\i\PatternedFront_Lot_62624-871_62624-871_202_9b3297cc69\back_notch","D:\KLARFExport\_ArgosReview\C15RUN2\i\PatternedFront_Lot_62624-871_62624-871_202_9b3297cc69\back_notch"
"PatternedFront\Lot_62624-871\62624-871_20260819103210\Slot23|BACK","SAME_PASS","PASS_REVIEW_ONLY_UNIQUE_BACK_BF_DF_NOTCH","PASS_REVIEW_ONLY_UNIQUE_BACK_BF_DF_NOTCH","89.62702139024934","89.62702139024934","0","0.05404278049866207","0.05404278049866207","D:\KLARFExport\_ArgosReview\C15RUN1\i\PatternedFront_Lot_62624-871_62624-871_202_c164b1e9c6\back_notch","D:\KLARFExport\_ArgosReview\C15RUN2\i\PatternedFront_Lot_62624-871_62624-871_202_c164b1e9c6\back_notch"
"PatternedFront\Lot_62624-871\62624-871_20260819103210\Slot24|BACK","SAME_PASS","PASS_REVIEW_ONLY_UNIQUE_BACK_BF_DF_NOTCH","PASS_REVIEW_ONLY_UNIQUE_BACK_BF_DF_NOTCH","89.69322219624048","89.69322219624048","0","0.01355560751906637","0.01355560751906637","D:\KLARFExport\_ArgosReview\C15RUN1\i\PatternedFront_Lot_62624-871_62624-871_202_74bec39f9a\back_notch","D:\KLARFExport\_ArgosReview\C15RUN2\i\PatternedFront_Lot_62624-871_62624-871_202_74bec39f9a\back_notch"
"PatternedFront\Lot_62624-871\62624-871_20260819103210\Slot25|BACK","SAME_PASS","PASS_REVIEW_ONLY_UNIQUE_BACK_BF_DF_NOTCH","PASS_REVIEW_ONLY_UNIQUE_BACK_BF_DF_NOTCH","89.71674213885986","89.71674213885986","0","0.03348427771970819","0.03348427771970819","D:\KLARFExport\_ArgosReview\C15RUN1\i\PatternedFront_Lot_62624-871_62624-871_202_9f8a05325f\back_notch","D:\KLARFExport\_ArgosReview\C15RUN2\i\PatternedFront_Lot_62624-871_62624-871_202_9f8a05325f\back_notch"
"PatternedFront\Lot_62626-043\62626-043_20260810160500\Slot01|BACK","SAME_PASS","PASS_REVIEW_ONLY_UNIQUE_BACK_BF_DF_NOTCH","PASS_REVIEW_ONLY_UNIQUE_BACK_BF_DF_NOTCH","89.8106969442361","89.8106969442361","0","0.02139388847211876","0.02139388847211876","D:\KLARFExport\_ArgosReview\C15RUN1\i\PatternedFront_Lot_62626-043_62626-043_202_1f279d2f9d\back_notch","D:\KLARFExport\_ArgosReview\C15RUN2\i\PatternedFront_Lot_62626-043_62626-043_202_1f279d2f9d\back_notch"
"PatternedFront\Lot_62626-043\62626-043_20260810160500\Slot02|BACK","SAME_PASS","PASS_REVIEW_ONLY_UNIQUE_BACK_BF_DF_NOTCH","PASS_REVIEW_ONLY_UNIQUE_BACK_BF_DF_NOTCH","89.5942122567652","89.5942122567652","0","0.011575486469610041","0.011575486469610041","D:\KLARFExport\_ArgosReview\C15RUN1\i\PatternedFront_Lot_62626-043_62626-043_202_61da173b2e\back_notch","D:\KLARFExport\_ArgosReview\C15RUN2\i\PatternedFront_Lot_62626-043_62626-043_202_61da173b2e\back_notch"
"PatternedFront\Lot_62626-043\62626-043_20260810160500\Slot03|BACK","SAME_PASS","PASS_REVIEW_ONLY_UNIQUE_BACK_BF_DF_NOTCH","PASS_REVIEW_ONLY_UNIQUE_BACK_BF_DF_NOTCH","89.68278051376019","89.68278051376019","0","0.034438972479620134","0.034438972479620134","D:\KLARFExport\_ArgosReview\C15RUN1\i\PatternedFront_Lot_62626-043_62626-043_202_564343433d\back_notch","D:\KLARFExport\_ArgosReview\C15RUN2\i\PatternedFront_Lot_62626-043_62626-043_202_564343433d\back_notch"
"PatternedFront\Lot_62626-043\62626-043_20260810160500\Slot04|BACK","SAME_PASS","PASS_REVIEW_ONLY_UNIQUE_BACK_BF_DF_NOTCH","PASS_REVIEW_ONLY_UNIQUE_BACK_BF_DF_NOTCH","89.58942255142402","89.58942255142402","0","0.021154897152030117","0.021154897152030117","D:\KLARFExport\_ArgosReview\C15RUN1\i\PatternedFront_Lot_62626-043_62626-043_202_402ab9c32a\back_notch","D:\KLARFExport\_ArgosReview\C15RUN2\i\PatternedFront_Lot_62626-043_62626-043_202_402ab9c32a\back_notch"
"PatternedFront\Lot_62626-043\62626-043_20260810160500\Slot05|BACK","SAME_PASS","PASS_REVIEW_ONLY_UNIQUE_BACK_BF_DF_NOTCH","PASS_REVIEW_ONLY_UNIQUE_BACK_BF_DF_NOTCH","89.66966084595533","89.66966084595533","0","0.0606783080893365","0.0606783080893365","D:\KLARFExport\_ArgosReview\C15RUN1\i\PatternedFront_Lot_62626-043_62626-043_202_5fa055d9ab\back_notch","D:\KLARFExport\_ArgosReview\C15RUN2\i\PatternedFront_Lot_62626-043_62626-043_202_5fa055d9ab\back_notch"
"PatternedFront\Lot_62627-182\62627-182_20260810050905\Slot23|BACK","SAME_PASS","PASS_REVIEW_ONLY_UNIQUE_BACK_BF_DF_NOTCH","PASS_REVIEW_ONLY_UNIQUE_BACK_BF_DF_NOTCH","89.69342504513789","89.69342504513789","0","0.013149909724290865","0.013149909724290865","D:\KLARFExport\_ArgosReview\C15RUN1\i\PatternedFront_Lot_62627-182_62627-182_202_714129658a\back_notch","D:\KLARFExport\_ArgosReview\C15RUN2\i\PatternedFront_Lot_62627-182_62627-182_202_714129658a\back_notch"
"PatternedFront\Lot_62627-182\62627-182_20260810050905\Slot24|BACK","SAME_PASS","PASS_REVIEW_ONLY_UNIQUE_BACK_BF_DF_NOTCH","PASS_REVIEW_ONLY_UNIQUE_BACK_BF_DF_NOTCH","89.6917368836912","89.6917368836912","0","0.01652623261759345","0.01652623261759345","D:\KLARFExport\_ArgosReview\C15RUN1\i\PatternedFront_Lot_62627-182_62627-182_202_7857d15570\back_notch","D:\KLARFExport\_ArgosReview\C15RUN2\i\PatternedFront_Lot_62627-182_62627-182_202_7857d15570\back_notch"
"PatternedFront\Lot_62627-182\62627-182_20260810050905\Slot25|BACK","SAME_PASS","PASS_REVIEW_ONLY_UNIQUE_BACK_BF_DF_NOTCH","PASS_REVIEW_ONLY_UNIQUE_BACK_BF_DF_NOTCH","89.69365120004586","89.69365120004586","0","0.012697599908335633","0.012697599908335633","D:\KLARFExport\_ArgosReview\C15RUN1\i\PatternedFront_Lot_62627-182_62627-182_202_22fd920ddd\back_notch","D:\KLARFExport\_ArgosReview\C15RUN2\i\PatternedFront_Lot_62627-182_62627-182_202_22fd920ddd\back_notch"
"PatternedFront\Lot_62627-193\62627-193_20260820124250\Slot01|BACK","SAME_PASS","PASS_REVIEW_ONLY_UNIQUE_BACK_BF_DF_NOTCH","PASS_REVIEW_ONLY_UNIQUE_BACK_BF_DF_NOTCH","89.99311847289931","89.99311847289931","0","0.01376305420137669","0.01376305420137669","D:\KLARFExport\_ArgosReview\C15RUN1\i\PatternedFront_Lot_62627-193_62627-193_202_1dcefb0aeb\back_notch","D:\KLARFExport\_ArgosReview\C15RUN2\i\PatternedFront_Lot_62627-193_62627-193_202_1dcefb0aeb\back_notch"
"PatternedFront\Lot_62628-281\62628-281_20260813112015\Slot02|BACK","SAME_HOLD","HOLD_BACK_NOTCH_CHANNEL_ANALYSIS_FAILED","HOLD_BACK_NOTCH_CHANNEL_ANALYSIS_FAILED","","","","","","D:\KLARFExport\_ArgosReview\C15RUN1\i\PatternedFront_Lot_62628-281_62628-281_202_a6ac72e796\back_notch","D:\KLARFExport\_ArgosReview\C15RUN2\i\PatternedFront_Lot_62628-281_62628-281_202_a6ac72e796\back_notch"
"PatternedFront\Lot_62628-281\62628-281_20260813112015\Slot03|BACK","SAME_PASS","PASS_REVIEW_ONLY_UNIQUE_BACK_BF_DF_NOTCH","PASS_REVIEW_ONLY_UNIQUE_BACK_BF_DF_NOTCH","89.99146604649371","89.99146604649371","0","0.017067907012631167","0.017067907012631167","D:\KLARFExport\_ArgosReview\C15RUN1\i\PatternedFront_Lot_62628-281_62628-281_202_a9aa834f49\back_notch","D:\KLARFExport\_ArgosReview\C15RUN2\i\PatternedFront_Lot_62628-281_62628-281_202_a9aa834f49\back_notch"
"PatternedFront\Lot_62628-281\62628-281_20260813112015\Slot04|BACK","SAME_PASS","PASS_REVIEW_ONLY_UNIQUE_BACK_BF_DF_NOTCH","PASS_REVIEW_ONLY_UNIQUE_BACK_BF_DF_NOTCH","89.62071784872431","89.62071784872431","0","0.041435697448577","0.041435697448577","D:\KLARFExport\_ArgosReview\C15RUN1\i\PatternedFront_Lot_62628-281_62628-281_202_edc1dd8ae7\back_notch","D:\KLARFExport\_ArgosReview\C15RUN2\i\PatternedFront_Lot_62628-281_62628-281_202_edc1dd8ae7\back_notch"
"PatternedFront\Lot_62628-281\62628-281_20260813112015\Slot05|BACK","SAME_PASS","PASS_REVIEW_ONLY_UNIQUE_BACK_BF_DF_NOTCH","PASS_REVIEW_ONLY_UNIQUE_BACK_BF_DF_NOTCH","90.23438673408874","90.23438673408874","0","0.0687734681775396","0.0687734681775396","D:\KLARFExport\_ArgosReview\C15RUN1\i\PatternedFront_Lot_62628-281_62628-281_202_c5a9e413b9\back_notch","D:\KLARFExport\_ArgosReview\C15RUN2\i\PatternedFront_Lot_62628-281_62628-281_202_c5a9e413b9\back_notch"
"PatternedFront\Lot_62628-301\62628-301_20260818050927\Slot02|BACK","SAME_HOLD","HOLD_BACK_NOTCH_CHANNEL_ANALYSIS_FAILED","HOLD_BACK_NOTCH_CHANNEL_ANALYSIS_FAILED","","","","","","D:\KLARFExport\_ArgosReview\C15RUN1\i\PatternedFront_Lot_62628-301_62628-301_202_eb1fa806a6\back_notch","D:\KLARFExport\_ArgosReview\C15RUN2\i\PatternedFront_Lot_62628-301_62628-301_202_eb1fa806a6\back_notch"
"PatternedFront\Lot_62628-301\62628-301_20260818050927\Slot04|BACK","SAME_PASS","PASS_REVIEW_ONLY_UNIQUE_BACK_BF_DF_NOTCH","PASS_REVIEW_ONLY_UNIQUE_BACK_BF_DF_NOTCH","89.92005690402297","89.92005690402297","0","0.040113808045958876","0.040113808045958876","D:\KLARFExport\_ArgosReview\C15RUN1\i\PatternedFront_Lot_62628-301_62628-301_202_e1cc866f9a\back_notch","D:\KLARFExport\_ArgosReview\C15RUN2\i\PatternedFront_Lot_62628-301_62628-301_202_e1cc866f9a\back_notch"
"PatternedFront\Lot_62628-301\62628-301_20260818050927\Slot06|BACK","SAME_HOLD","HOLD_BACK_NOTCH_CHANNEL_ANALYSIS_FAILED","HOLD_BACK_NOTCH_CHANNEL_ANALYSIS_FAILED","","","","","","D:\KLARFExport\_ArgosReview\C15RUN1\i\PatternedFront_Lot_62628-301_62628-301_202_cefc523705\back_notch","D:\KLARFExport\_ArgosReview\C15RUN2\i\PatternedFront_Lot_62628-301_62628-301_202_cefc523705\back_notch"
"PatternedFront\Lot_62628-301\62628-301_20260818050927\Slot08|BACK","SAME_HOLD","HOLD_BACK_NOTCH_CHANNEL_ANALYSIS_FAILED","HOLD_BACK_NOTCH_CHANNEL_ANALYSIS_FAILED","","","","","","D:\KLARFExport\_ArgosReview\C15RUN1\i\PatternedFront_Lot_62628-301_62628-301_202_85913976ab\back_notch","D:\KLARFExport\_ArgosReview\C15RUN2\i\PatternedFront_Lot_62628-301_62628-301_202_85913976ab\back_notch"
"PatternedFront\Lot_62628-301\62628-301_20260818050927\Slot10|BACK","SAME_HOLD","HOLD_BACK_NOTCH_CHANNEL_ANALYSIS_FAILED","HOLD_BACK_NOTCH_CHANNEL_ANALYSIS_FAILED","","","","","","D:\KLARFExport\_ArgosReview\C15RUN1\i\PatternedFront_Lot_62628-301_62628-301_202_f4a1c66f53\back_notch","D:\KLARFExport\_ArgosReview\C15RUN2\i\PatternedFront_Lot_62628-301_62628-301_202_f4a1c66f53\back_notch"
"PatternedFront\Lot_62628-301\62628-301_20260818050927\Slot12|BACK","SAME_HOLD","HOLD_BACK_NOTCH_CHANNEL_ANALYSIS_FAILED","HOLD_BACK_NOTCH_CHANNEL_ANALYSIS_FAILED","","","","","","D:\KLARFExport\_ArgosReview\C15RUN1\i\PatternedFront_Lot_62628-301_62628-301_202_c49343e0ab\back_notch","D:\KLARFExport\_ArgosReview\C15RUN2\i\PatternedFront_Lot_62628-301_62628-301_202_c49343e0ab\back_notch"
"PatternedFront\Lot_62628-301\62628-301_20260818050927\Slot14|BACK","SAME_HOLD","HOLD_BACK_NOTCH_CHANNEL_ANALYSIS_FAILED","HOLD_BACK_NOTCH_CHANNEL_ANALYSIS_FAILED","","","","","","D:\KLARFExport\_ArgosReview\C15RUN1\i\PatternedFront_Lot_62628-301_62628-301_202_a165d8522d\back_notch","D:\KLARFExport\_ArgosReview\C15RUN2\i\PatternedFront_Lot_62628-301_62628-301_202_a165d8522d\back_notch"
"PatternedFront\Lot_62628-301\62628-301_20260818050927\Slot16|BACK","SAME_PASS","PASS_REVIEW_ONLY_UNIQUE_BACK_BF_DF_NOTCH","PASS_REVIEW_ONLY_UNIQUE_BACK_BF_DF_NOTCH","90.01584755764316","90.01584755764316","0","0.03169511528625435","0.03169511528625435","D:\KLARFExport\_ArgosReview\C15RUN1\i\PatternedFront_Lot_62628-301_62628-301_202_1ff0b4eb15\back_notch","D:\KLARFExport\_ArgosReview\C15RUN2\i\PatternedFront_Lot_62628-301_62628-301_202_1ff0b4eb15\back_notch"
"PatternedFront\Lot_62628-301\62628-301_20260818050927\Slot18|BACK","RESCUED","HOLD_BACK_NOTCH_CHANNEL_ANALYSIS_FAILED","PASS_REVIEW_ONLY_UNIQUE_BACK_BF_DF_NOTCH","","90.02041269457908","","","0.04082538915812961","D:\KLARFExport\_ArgosReview\C15RUN1\i\PatternedFront_Lot_62628-301_62628-301_202_689bf7104a\back_notch","D:\KLARFExport\_ArgosReview\C15RUN2\i\PatternedFront_Lot_62628-301_62628-301_202_689bf7104a\back_notch"
"PatternedFront\Lot_62628-301\62628-301_20260818050927\Slot20|BACK","SAME_PASS","PASS_REVIEW_ONLY_UNIQUE_BACK_BF_DF_NOTCH","PASS_REVIEW_ONLY_UNIQUE_BACK_BF_DF_NOTCH","89.73938885540919","89.73938885540919","0","0.07877771081831497","0.07877771081831497","D:\KLARFExport\_ArgosReview\C15RUN1\i\PatternedFront_Lot_62628-301_62628-301_202_15828d06f4\back_notch","D:\KLARFExport\_ArgosReview\C15RUN2\i\PatternedFront_Lot_62628-301_62628-301_202_15828d06f4\back_notch"
"PatternedFront\Lot_62628-317\62628-317_20260819030236\Slot01|BACK","SAME_PASS","PASS_REVIEW_ONLY_UNIQUE_BACK_BF_DF_NOTCH","PASS_REVIEW_ONLY_UNIQUE_BACK_BF_DF_NOTCH","89.78524087367168","89.78524087367168","0","0.02951825265662933","0.02951825265662933","D:\KLARFExport\_ArgosReview\C15RUN1\i\PatternedFront_Lot_62628-317_62628-317_202_3cd70d0881\back_notch","D:\KLARFExport\_ArgosReview\C15RUN2\i\PatternedFront_Lot_62628-317_62628-317_202_3cd70d0881\back_notch"
"PatternedFront\Lot_62628-317\62628-317_20260819030236\Slot02|BACK","SAME_PASS","PASS_REVIEW_ONLY_UNIQUE_BACK_BF_DF_NOTCH","PASS_REVIEW_ONLY_UNIQUE_BACK_BF_DF_NOTCH","89.69176916039727","89.69176916039727","0","0.0164616792054062","0.0164616792054062","D:\KLARFExport\_ArgosReview\C15RUN1\i\PatternedFront_Lot_62628-317_62628-317_202_c9a5c884f0\back_notch","D:\KLARFExport\_ArgosReview\C15RUN2\i\PatternedFront_Lot_62628-317_62628-317_202_c9a5c884f0\back_notch"
"PatternedFront\Lot_62628-317\62628-317_20260819030236\Slot03|BACK","SAME_PASS","PASS_REVIEW_ONLY_UNIQUE_BACK_BF_DF_NOTCH","PASS_REVIEW_ONLY_UNIQUE_BACK_BF_DF_NOTCH","89.79848972285839","89.79848972285839","0","0.003020554283267529","0.003020554283267529","D:\KLARFExport\_ArgosReview\C15RUN1\i\PatternedFront_Lot_62628-317_62628-317_202_4c7c81be39\back_notch","D:\KLARFExport\_ArgosReview\C15RUN2\i\PatternedFront_Lot_62628-317_62628-317_202_4c7c81be39\back_notch"
"PatternedFront\Lot_62628-317\62628-317_20260819030236\Slot04|BACK","SAME_PASS","PASS_REVIEW_ONLY_UNIQUE_BACK_BF_DF_NOTCH","PASS_REVIEW_ONLY_UNIQUE_BACK_BF_DF_NOTCH","89.72299524281517","89.72299524281517","0","0.045990485630312605","0.045990485630312605","D:\KLARFExport\_ArgosReview\C15RUN1\i\PatternedFront_Lot_62628-317_62628-317_202_eb01fb8eef\back_notch","D:\KLARFExport\_ArgosReview\C15RUN2\i\PatternedFront_Lot_62628-317_62628-317_202_eb01fb8eef\back_notch"
"PatternedFront\Lot_62628-317\62628-317_20260819030236\Slot05|BACK","SAME_PASS","PASS_REVIEW_ONLY_UNIQUE_BACK_BF_DF_NOTCH","PASS_REVIEW_ONLY_UNIQUE_BACK_BF_DF_NOTCH","89.80205315651921","89.80205315651921","0","0.004106313038363396","0.004106313038363396","D:\KLARFExport\_ArgosReview\C15RUN1\i\PatternedFront_Lot_62628-317_62628-317_202_b440895313\back_notch","D:\KLARFExport\_ArgosReview\C15RUN2\i\PatternedFront_Lot_62628-317_62628-317_202_b440895313\back_notch"
"PatternedFront\Lot_62628-318\62628-318_20260810152358\Slot01|BACK","SAME_PASS","PASS_REVIEW_ONLY_UNIQUE_BACK_BF_DF_NOTCH","PASS_REVIEW_ONLY_UNIQUE_BACK_BF_DF_NOTCH","89.79799530305058","89.79799530305058","0","0.004009393898826374","0.004009393898826374","D:\KLARFExport\_ArgosReview\C15RUN1\i\PatternedFront_Lot_62628-318_62628-318_202_82a381fa00\back_notch","D:\KLARFExport\_ArgosReview\C15RUN2\i\PatternedFront_Lot_62628-318_62628-318_202_82a381fa00\back_notch"
"PatternedFront\Lot_62628-318\62628-318_20260810152358\Slot02|BACK","SAME_PASS","PASS_REVIEW_ONLY_UNIQUE_BACK_BF_DF_NOTCH","PASS_REVIEW_ONLY_UNIQUE_BACK_BF_DF_NOTCH","89.51657305120159","89.51657305120159","0","0.03314610240315119","0.03314610240315119","D:\KLARFExport\_ArgosReview\C15RUN1\i\PatternedFront_Lot_62628-318_62628-318_202_fe8496fda9\back_notch","D:\KLARFExport\_ArgosReview\C15RUN2\i\PatternedFront_Lot_62628-318_62628-318_202_fe8496fda9\back_notch"
"PatternedFront\Lot_62628-318\62628-318_20260810152358\Slot03|BACK","SAME_PASS","PASS_REVIEW_ONLY_UNIQUE_BACK_BF_DF_NOTCH","PASS_REVIEW_ONLY_UNIQUE_BACK_BF_DF_NOTCH","89.99642699107108","89.99642699107108","0","0.007146017857849074","0.007146017857849074","D:\KLARFExport\_ArgosReview\C15RUN1\i\PatternedFront_Lot_62628-318_62628-318_202_2702e0b7eb\back_notch","D:\KLARFExport\_ArgosReview\C15RUN2\i\PatternedFront_Lot_62628-318_62628-318_202_2702e0b7eb\back_notch"
"PatternedFront\Lot_62628-318\62628-318_20260810152358\Slot04|BACK","SAME_PASS","PASS_REVIEW_ONLY_UNIQUE_BACK_BF_DF_NOTCH","PASS_REVIEW_ONLY_UNIQUE_BACK_BF_DF_NOTCH","90.09721497481637","90.09721497481637","0","0.00557005036728242","0.00557005036728242","D:\KLARFExport\_ArgosReview\C15RUN1\i\PatternedFront_Lot_62628-318_62628-318_202_0552b6b881\back_notch","D:\KLARFExport\_ArgosReview\C15RUN2\i\PatternedFront_Lot_62628-318_62628-318_202_0552b6b881\back_notch"
"PatternedFront\Lot_62628-318\62628-318_20260810152358\Slot05|BACK","SAME_PASS","PASS_REVIEW_ONLY_UNIQUE_BACK_BF_DF_NOTCH","PASS_REVIEW_ONLY_UNIQUE_BACK_BF_DF_NOTCH","89.68033716443576","89.68033716443576","0","0.03932567112843799","0.03932567112843799","D:\KLARFExport\_ArgosReview\C15RUN1\i\PatternedFront_Lot_62628-318_62628-318_202_be989109ad\back_notch","D:\KLARFExport\_ArgosReview\C15RUN2\i\PatternedFront_Lot_62628-318_62628-318_202_be989109ad\back_notch"
"PatternedFront\Lot_62629-419_NotchBad_Hotspot\62629-419_20260824112405\Slot16|BACK","SAME_PASS","PASS_REVIEW_ONLY_UNIQUE_BACK_BF_DF_NOTCH","PASS_REVIEW_ONLY_UNIQUE_BACK_BF_DF_NOTCH","205.78063446652067","205.78063446652067","0","0.03873106695863271","0.03873106695863271","D:\KLARFExport\_ArgosReview\C15RUN1\i\PatternedFront_Lot_62629-419_NotchBad_Hots_0653ead297\back_notch","D:\KLARFExport\_ArgosReview\C15RUN2\i\PatternedFront_Lot_62629-419_NotchBad_Hots_0653ead297\back_notch"
"PatternedFront\Lot_62629-419_NotchBad_Hotspot\62629-419_20260824112405\Slot17|BACK","SAME_PASS","PASS_REVIEW_ONLY_UNIQUE_BACK_BF_DF_NOTCH","PASS_REVIEW_ONLY_UNIQUE_BACK_BF_DF_NOTCH","89.80993919089735","89.80993919089735","0","0.019878381794683264","0.019878381794683264","D:\KLARFExport\_ArgosReview\C15RUN1\i\PatternedFront_Lot_62629-419_NotchBad_Hots_a4eecc9eff\back_notch","D:\KLARFExport\_ArgosReview\C15RUN2\i\PatternedFront_Lot_62629-419_NotchBad_Hots_a4eecc9eff\back_notch"
"PatternedFront\Lot_62629-419_NotchBad_Hotspot\62629-419_20260824112405\Slot18|BACK","SAME_PASS","PASS_REVIEW_ONLY_UNIQUE_BACK_BF_DF_NOTCH","PASS_REVIEW_ONLY_UNIQUE_BACK_BF_DF_NOTCH","89.69439645112205","89.69439645112205","0","0.011207097755971063","0.011207097755971063","D:\KLARFExport\_ArgosReview\C15RUN1\i\PatternedFront_Lot_62629-419_NotchBad_Hots_d383e2cdcc\back_notch","D:\KLARFExport\_ArgosReview\C15RUN2\i\PatternedFront_Lot_62629-419_NotchBad_Hots_d383e2cdcc\back_notch"
"PatternedFront\Lot_62629-419_NotchBad_Hotspot\62629-419_20260824112405\Slot19|BACK","SAME_PASS","PASS_REVIEW_ONLY_UNIQUE_BACK_BF_DF_NOTCH","PASS_REVIEW_ONLY_UNIQUE_BACK_BF_DF_NOTCH","89.77672868271827","89.77672868271827","0","0.04654263456342278","0.04654263456342278","D:\KLARFExport\_ArgosReview\C15RUN1\i\PatternedFront_Lot_62629-419_NotchBad_Hots_593f6feab9\back_notch","D:\KLARFExport\_ArgosReview\C15RUN2\i\PatternedFront_Lot_62629-419_NotchBad_Hots_593f6feab9\back_notch"
"PatternedFront\Lot_62629-419_NotchBad_Hotspot\62629-419_20260824112405\Slot20|BACK","SAME_PASS","PASS_REVIEW_ONLY_UNIQUE_BACK_BF_DF_NOTCH","PASS_REVIEW_ONLY_UNIQUE_BACK_BF_DF_NOTCH","89.79285466613413","89.79285466613413","0","0.014290667731700069","0.014290667731700069","D:\KLARFExport\_ArgosReview\C15RUN1\i\PatternedFront_Lot_62629-419_NotchBad_Hots_28f031b0d7\back_notch","D:\KLARFExport\_ArgosReview\C15RUN2\i\PatternedFront_Lot_62629-419_NotchBad_Hots_28f031b0d7\back_notch"
"PatternedFront\Lot_62629-419_NotchBad_Hotspot\62629-419_20260824112405\Slot21|BACK","SAME_PASS","PASS_REVIEW_ONLY_UNIQUE_BACK_BF_DF_NOTCH","PASS_REVIEW_ONLY_UNIQUE_BACK_BF_DF_NOTCH","89.78761527076028","89.78761527076028","0","0.02476945847942602","0.02476945847942602","D:\KLARFExport\_ArgosReview\C15RUN1\i\PatternedFront_Lot_62629-419_NotchBad_Hots_897cd2ca37\back_notch","D:\KLARFExport\_ArgosReview\C15RUN2\i\PatternedFront_Lot_62629-419_NotchBad_Hots_897cd2ca37\back_notch"
"PatternedFront\Lot_62629-419_NotchBad_Hotspot\62629-419_20260824112405\Slot22|BACK","SAME_PASS","PASS_REVIEW_ONLY_UNIQUE_BACK_BF_DF_NOTCH","PASS_REVIEW_ONLY_UNIQUE_BACK_BF_DF_NOTCH","89.71863658329234","89.71863658329234","0","0.037273166584668616","0.037273166584668616","D:\KLARFExport\_ArgosReview\C15RUN1\i\PatternedFront_Lot_62629-419_NotchBad_Hots_7a0e2e1865\back_notch","D:\KLARFExport\_ArgosReview\C15RUN2\i\PatternedFront_Lot_62629-419_NotchBad_Hots_7a0e2e1865\back_notch"
"PatternedFront\Lot_62629-419_NotchBad_Hotspot\62629-419_20260824112405\Slot23|BACK","SAME_PASS","PASS_REVIEW_ONLY_UNIQUE_BACK_BF_DF_NOTCH","PASS_REVIEW_ONLY_UNIQUE_BACK_BF_DF_NOTCH","89.7777203730991","89.7777203730991","0","0.04455925380185022","0.04455925380185022","D:\KLARFExport\_ArgosReview\C15RUN1\i\PatternedFront_Lot_62629-419_NotchBad_Hots_05cd3fe6ef\back_notch","D:\KLARFExport\_ArgosReview\C15RUN2\i\PatternedFront_Lot_62629-419_NotchBad_Hots_05cd3fe6ef\back_notch"
"PatternedFront\Lot_62629-419_NotchBad_Hotspot\62629-419_20260824112405\Slot24|BACK","SAME_PASS","PASS_REVIEW_ONLY_UNIQUE_BACK_BF_DF_NOTCH","PASS_REVIEW_ONLY_UNIQUE_BACK_BF_DF_NOTCH","89.71024174598848","89.71024174598848","0","0.020483491976960977","0.020483491976960977","D:\KLARFExport\_ArgosReview\C15RUN1\i\PatternedFront_Lot_62629-419_NotchBad_Hots_269f3fa92a\back_notch","D:\KLARFExport\_ArgosReview\C15RUN2\i\PatternedFront_Lot_62629-419_NotchBad_Hots_269f3fa92a\back_notch"
"PatternedFront\Lot_62629-419_NotchBad_Hotspot\62629-419_20260824112405\Slot25|BACK","SAME_PASS","PASS_REVIEW_ONLY_UNIQUE_BACK_BF_DF_NOTCH","PASS_REVIEW_ONLY_UNIQUE_BACK_BF_DF_NOTCH","89.77486894435191","89.77486894435191","0","0.050262111296177636","0.050262111296177636","D:\KLARFExport\_ArgosReview\C15RUN1\i\PatternedFront_Lot_62629-419_NotchBad_Hots_4de07f2486\back_notch","D:\KLARFExport\_ArgosReview\C15RUN2\i\PatternedFront_Lot_62629-419_NotchBad_Hots_4de07f2486\back_notch"
"PatternedFront\Lot_62630-452\62630-452_20260824003542\Slot16|BACK","SAME_PASS","PASS_REVIEW_ONLY_UNIQUE_BACK_BF_DF_NOTCH","PASS_REVIEW_ONLY_UNIQUE_BACK_BF_DF_NOTCH","89.70713186237732","89.70713186237732","0","0.014263724754641771","0.014263724754641771","D:\KLARFExport\_ArgosReview\C15RUN1\i\PatternedFront_Lot_62630-452_62630-452_202_2a141e92f9\back_notch","D:\KLARFExport\_ArgosReview\C15RUN2\i\PatternedFront_Lot_62630-452_62630-452_202_2a141e92f9\back_notch"
"PatternedFront\Lot_62630-452\62630-452_20260824003542\Slot17|BACK","SAME_PASS","PASS_REVIEW_ONLY_UNIQUE_BACK_BF_DF_NOTCH","PASS_REVIEW_ONLY_UNIQUE_BACK_BF_DF_NOTCH","90.00313616014279","90.00313616014279","0","0.006272320285575006","0.006272320285575006","D:\KLARFExport\_ArgosReview\C15RUN1\i\PatternedFront_Lot_62630-452_62630-452_202_506fea4044\back_notch","D:\KLARFExport\_ArgosReview\C15RUN2\i\PatternedFront_Lot_62630-452_62630-452_202_506fea4044\back_notch"
"PatternedFront\Lot_62630-452\62630-452_20260824003542\Slot18|BACK","SAME_PASS","PASS_REVIEW_ONLY_UNIQUE_BACK_BF_DF_NOTCH","PASS_REVIEW_ONLY_UNIQUE_BACK_BF_DF_NOTCH","89.71992220523136","89.71992220523136","0","0.03984441046270604","0.03984441046270604","D:\KLARFExport\_ArgosReview\C15RUN1\i\PatternedFront_Lot_62630-452_62630-452_202_dd0e5d04ac\back_notch","D:\KLARFExport\_ArgosReview\C15RUN2\i\PatternedFront_Lot_62630-452_62630-452_202_dd0e5d04ac\back_notch"
"PatternedFront\Lot_62630-452\62630-452_20260824003542\Slot19|BACK","SAME_PASS","PASS_REVIEW_ONLY_UNIQUE_BACK_BF_DF_NOTCH","PASS_REVIEW_ONLY_UNIQUE_BACK_BF_DF_NOTCH","90.01255959055686","90.01255959055686","0","0.025119181113751665","0.025119181113751665","D:\KLARFExport\_ArgosReview\C15RUN1\i\PatternedFront_Lot_62630-452_62630-452_202_0ae827ff88\back_notch","D:\KLARFExport\_ArgosReview\C15RUN2\i\PatternedFront_Lot_62630-452_62630-452_202_0ae827ff88\back_notch"
"PatternedFront\Lot_62630-452\62630-452_20260824003542\Slot20|BACK","SAME_PASS","PASS_REVIEW_ONLY_UNIQUE_BACK_BF_DF_NOTCH","PASS_REVIEW_ONLY_UNIQUE_BACK_BF_DF_NOTCH","89.70947254865264","89.70947254865264","0","0.018945097305220315","0.018945097305220315","D:\KLARFExport\_ArgosReview\C15RUN1\i\PatternedFront_Lot_62630-452_62630-452_202_00aedc513d\back_notch","D:\KLARFExport\_ArgosReview\C15RUN2\i\PatternedFront_Lot_62630-452_62630-452_202_00aedc513d\back_notch"
"PatternedFront\Lot_62630-452\62630-452_20260824003542\Slot21|BACK","SAME_PASS","PASS_REVIEW_ONLY_UNIQUE_BACK_BF_DF_NOTCH","PASS_REVIEW_ONLY_UNIQUE_BACK_BF_DF_NOTCH","89.90870613330443","89.90870613330443","0","0.017412266608886284","0.017412266608886284","D:\KLARFExport\_ArgosReview\C15RUN1\i\PatternedFront_Lot_62630-452_62630-452_202_878df3a838\back_notch","D:\KLARFExport\_ArgosReview\C15RUN2\i\PatternedFront_Lot_62630-452_62630-452_202_878df3a838\back_notch"
"PatternedFront\Lot_62630-452\62630-452_20260824003542\Slot22|BACK","SAME_PASS","PASS_REVIEW_ONLY_UNIQUE_BACK_BF_DF_NOTCH","PASS_REVIEW_ONLY_UNIQUE_BACK_BF_DF_NOTCH","89.68052808347063","89.68052808347063","0","0.03894383305870974","0.03894383305870974","D:\KLARFExport\_ArgosReview\C15RUN1\i\PatternedFront_Lot_62630-452_62630-452_202_4e16583bf1\back_notch","D:\KLARFExport\_ArgosReview\C15RUN2\i\PatternedFront_Lot_62630-452_62630-452_202_4e16583bf1\back_notch"
"PatternedFront\Lot_62630-452\62630-452_20260824003542\Slot23|BACK","SAME_PASS","PASS_REVIEW_ONLY_UNIQUE_BACK_BF_DF_NOTCH","PASS_REVIEW_ONLY_UNIQUE_BACK_BF_DF_NOTCH","90.00437144858176","90.00437144858176","0","0.008742897163472207","0.008742897163472207","D:\KLARFExport\_ArgosReview\C15RUN1\i\PatternedFront_Lot_62630-452_62630-452_202_2b5b02d2f2\back_notch","D:\KLARFExport\_ArgosReview\C15RUN2\i\PatternedFront_Lot_62630-452_62630-452_202_2b5b02d2f2\back_notch"
"PatternedFront\Lot_62630-452\62630-452_20260824003542\Slot24|BACK","SAME_PASS","PASS_REVIEW_ONLY_UNIQUE_BACK_BF_DF_NOTCH","PASS_REVIEW_ONLY_UNIQUE_BACK_BF_DF_NOTCH","89.77189293082654","89.77189293082654","0","0.05621413834694522","0.05621413834694522","D:\KLARFExport\_ArgosReview\C15RUN1\i\PatternedFront_Lot_62630-452_62630-452_202_5918cacb9e\back_notch","D:\KLARFExport\_ArgosReview\C15RUN2\i\PatternedFront_Lot_62630-452_62630-452_202_5918cacb9e\back_notch"
"PatternedFront\Lot_62630-452\62630-452_20260824003542\Slot25|BACK","SAME_PASS","PASS_REVIEW_ONLY_UNIQUE_BACK_BF_DF_NOTCH","PASS_REVIEW_ONLY_UNIQUE_BACK_BF_DF_NOTCH","90.01712463560767","90.01712463560767","0","0.03424927121534438","0.03424927121534438","D:\KLARFExport\_ArgosReview\C15RUN1\i\PatternedFront_Lot_62630-452_62630-452_202_e38422d67e\back_notch","D:\KLARFExport\_ArgosReview\C15RUN2\i\PatternedFront_Lot_62630-452_62630-452_202_e38422d67e\back_notch"
"PatternedFront\Lot_62630-456\62630-456_20260812224804\Slot01|BACK","SAME_PASS","PASS_REVIEW_ONLY_UNIQUE_BACK_BF_DF_NOTCH","PASS_REVIEW_ONLY_UNIQUE_BACK_BF_DF_NOTCH","89.7724299968782","89.7724299968782","0","0.05514000624359028","0.05514000624359028","D:\KLARFExport\_ArgosReview\C15RUN1\i\PatternedFront_Lot_62630-456_62630-456_202_30dc684541\back_notch","D:\KLARFExport\_ArgosReview\C15RUN2\i\PatternedFront_Lot_62630-456_62630-456_202_30dc684541\back_notch"
"PatternedFront\Lot_62630-456\62630-456_20260812224804\Slot02|BACK","SAME_PASS","PASS_REVIEW_ONLY_UNIQUE_BACK_BF_DF_NOTCH","PASS_REVIEW_ONLY_UNIQUE_BACK_BF_DF_NOTCH","89.7129722378739","89.7129722378739","0","0.025944475747763818","0.025944475747763818","D:\KLARFExport\_ArgosReview\C15RUN1\i\PatternedFront_Lot_62630-456_62630-456_202_be67a01942\back_notch","D:\KLARFExport\_ArgosReview\C15RUN2\i\PatternedFront_Lot_62630-456_62630-456_202_be67a01942\back_notch"
"PatternedFront\Lot_62630-456\62630-456_20260812224804\Slot03|BACK","SAME_PASS","PASS_REVIEW_ONLY_UNIQUE_BACK_BF_DF_NOTCH","PASS_REVIEW_ONLY_UNIQUE_BACK_BF_DF_NOTCH","89.70778372136546","89.70778372136546","0","0.015567442730969105","0.015567442730969105","D:\KLARFExport\_ArgosReview\C15RUN1\i\PatternedFront_Lot_62630-456_62630-456_202_b3a8c00809\back_notch","D:\KLARFExport\_ArgosReview\C15RUN2\i\PatternedFront_Lot_62630-456_62630-456_202_b3a8c00809\back_notch"
"PatternedFront\Lot_62630-456\62630-456_20260812224804\Slot04|BACK","SAME_PASS","PASS_REVIEW_ONLY_UNIQUE_BACK_BF_DF_NOTCH","PASS_REVIEW_ONLY_UNIQUE_BACK_BF_DF_NOTCH","89.68348491939328","89.68348491939328","0","0.03303016121344626","0.03303016121344626","D:\KLARFExport\_ArgosReview\C15RUN1\i\PatternedFront_Lot_62630-456_62630-456_202_230d06456f\back_notch","D:\KLARFExport\_ArgosReview\C15RUN2\i\PatternedFront_Lot_62630-456_62630-456_202_230d06456f\back_notch"
"PatternedFront\Lot_62630-456\62630-456_20260812224804\Slot05|BACK","SAME_PASS","PASS_REVIEW_ONLY_UNIQUE_BACK_BF_DF_NOTCH","PASS_REVIEW_ONLY_UNIQUE_BACK_BF_DF_NOTCH","89.71389751912723","89.71389751912723","0","0.02779503825451002","0.02779503825451002","D:\KLARFExport\_ArgosReview\C15RUN1\i\PatternedFront_Lot_62630-456_62630-456_202_1c3e995a45\back_notch","D:\KLARFExport\_ArgosReview\C15RUN2\i\PatternedFront_Lot_62630-456_62630-456_202_1c3e995a45\back_notch"
"PatternedFront\Lot_62630-465\62630-465_20260818084011\Slot01|BACK","SAME_PASS","PASS_REVIEW_ONLY_UNIQUE_BACK_BF_DF_NOTCH","PASS_REVIEW_ONLY_UNIQUE_BACK_BF_DF_NOTCH","89.89410410227507","89.89410410227507","0","0.011791795449937581","0.011791795449937581","D:\KLARFExport\_ArgosReview\C15RUN1\i\PatternedFront_Lot_62630-465_62630-465_202_efddddbce4\back_notch","D:\KLARFExport\_ArgosReview\C15RUN2\i\PatternedFront_Lot_62630-465_62630-465_202_efddddbce4\back_notch"
"PatternedFront\Lot_62630-465\62630-465_20260818084011\Slot02|BACK","SAME_PASS","PASS_REVIEW_ONLY_UNIQUE_BACK_BF_DF_NOTCH","PASS_REVIEW_ONLY_UNIQUE_BACK_BF_DF_NOTCH","89.87763478229701","89.87763478229701","0","0.04473043540596677","0.04473043540596677","D:\KLARFExport\_ArgosReview\C15RUN1\i\PatternedFront_Lot_62630-465_62630-465_202_3cf9f62074\back_notch","D:\KLARFExport\_ArgosReview\C15RUN2\i\PatternedFront_Lot_62630-465_62630-465_202_3cf9f62074\back_notch"
"PatternedFront\Lot_62630-465\62630-465_20260818084011\Slot03|BACK","SAME_PASS","PASS_REVIEW_ONLY_UNIQUE_BACK_BF_DF_NOTCH","PASS_REVIEW_ONLY_UNIQUE_BACK_BF_DF_NOTCH","89.92412787157465","89.92412787157465","0","0.048255743149297814","0.048255743149297814","D:\KLARFExport\_ArgosReview\C15RUN1\i\PatternedFront_Lot_62630-465_62630-465_202_8c83954823\back_notch","D:\KLARFExport\_ArgosReview\C15RUN2\i\PatternedFront_Lot_62630-465_62630-465_202_8c83954823\back_notch"
"PatternedFront\Lot_62630-465\62630-465_20260818084011\Slot04|BACK","SAME_PASS","PASS_REVIEW_ONLY_UNIQUE_BACK_BF_DF_NOTCH","PASS_REVIEW_ONLY_UNIQUE_BACK_BF_DF_NOTCH","89.82529045202011","89.82529045202011","0","0.050580904040174346","0.050580904040174346","D:\KLARFExport\_ArgosReview\C15RUN1\i\PatternedFront_Lot_62630-465_62630-465_202_f33e452387\back_notch","D:\KLARFExport\_ArgosReview\C15RUN2\i\PatternedFront_Lot_62630-465_62630-465_202_f33e452387\back_notch"
"PatternedFront\Lot_62630-465\62630-465_20260818084011\Slot05|BACK","SAME_PASS","PASS_REVIEW_ONLY_UNIQUE_BACK_BF_DF_NOTCH","PASS_REVIEW_ONLY_UNIQUE_BACK_BF_DF_NOTCH","90.07475103326367","90.07475103326367","0","0.05049793347262721","0.05049793347262721","D:\KLARFExport\_ArgosReview\C15RUN1\i\PatternedFront_Lot_62630-465_62630-465_202_5a63b05196\back_notch","D:\KLARFExport\_ArgosReview\C15RUN2\i\PatternedFront_Lot_62630-465_62630-465_202_5a63b05196\back_notch"
"PatternedFront\Lot_62630-510\62630-510_20260814104825\Slot01|BACK","SAME_PASS","PASS_REVIEW_ONLY_UNIQUE_BACK_BF_DF_NOTCH","PASS_REVIEW_ONLY_UNIQUE_BACK_BF_DF_NOTCH","89.97723604630886","89.97723604630886","0","0.04552790738227941","0.04552790738227941","D:\KLARFExport\_ArgosReview\C15RUN1\i\PatternedFront_Lot_62630-510_62630-510_202_18c9ec59bb\back_notch","D:\KLARFExport\_ArgosReview\C15RUN2\i\PatternedFront_Lot_62630-510_62630-510_202_18c9ec59bb\back_notch"
"PatternedFront\Lot_62630-510\62630-510_20260814104825\Slot02|BACK","SAME_PASS","PASS_REVIEW_ONLY_UNIQUE_BACK_BF_DF_NOTCH","PASS_REVIEW_ONLY_UNIQUE_BACK_BF_DF_NOTCH","89.78268185457284","89.78268185457284","0","0.03463629085430853","0.03463629085430853","D:\KLARFExport\_ArgosReview\C15RUN1\i\PatternedFront_Lot_62630-510_62630-510_202_aa70727d51\back_notch","D:\KLARFExport\_ArgosReview\C15RUN2\i\PatternedFront_Lot_62630-510_62630-510_202_aa70727d51\back_notch"
"PatternedFront\Lot_62630-510\62630-510_20260814104825\Slot03|BACK","SAME_PASS","PASS_REVIEW_ONLY_UNIQUE_BACK_BF_DF_NOTCH","PASS_REVIEW_ONLY_UNIQUE_BACK_BF_DF_NOTCH","90.10379967776508","90.10379967776508","0","0.007599355530089724","0.007599355530089724","D:\KLARFExport\_ArgosReview\C15RUN1\i\PatternedFront_Lot_62630-510_62630-510_202_edb9f88b43\back_notch","D:\KLARFExport\_ArgosReview\C15RUN2\i\PatternedFront_Lot_62630-510_62630-510_202_edb9f88b43\back_notch"
"PatternedFront\Lot_62630-510\62630-510_20260814104825\Slot04|BACK","SAME_PASS","PASS_REVIEW_ONLY_UNIQUE_BACK_BF_DF_NOTCH","PASS_REVIEW_ONLY_UNIQUE_BACK_BF_DF_NOTCH","89.70237602799473","89.70237602799473","0","0.004752055989513337","0.004752055989513337","D:\KLARFExport\_ArgosReview\C15RUN1\i\PatternedFront_Lot_62630-510_62630-510_202_a3e9091638\back_notch","D:\KLARFExport\_ArgosReview\C15RUN2\i\PatternedFront_Lot_62630-510_62630-510_202_a3e9091638\back_notch"
"PatternedFront\Lot_62630-510\62630-510_20260814104825\Slot05|BACK","SAME_PASS","PASS_REVIEW_ONLY_UNIQUE_BACK_BF_DF_NOTCH","PASS_REVIEW_ONLY_UNIQUE_BACK_BF_DF_NOTCH","89.7938972627519","89.7938972627519","0","0.012205474496226998","0.012205474496226998","D:\KLARFExport\_ArgosReview\C15RUN1\i\PatternedFront_Lot_62630-510_62630-510_202_fd5b78c610\back_notch","D:\KLARFExport\_ArgosReview\C15RUN2\i\PatternedFront_Lot_62630-510_62630-510_202_fd5b78c610\back_notch"
"PatternedFront\Lot_62630-518\62630-518_20260824033207\Slot01|BACK","SAME_PASS","PASS_REVIEW_ONLY_UNIQUE_BACK_BF_DF_NOTCH","PASS_REVIEW_ONLY_UNIQUE_BACK_BF_DF_NOTCH","89.79445495216072","89.79445495216072","0","0.011090095678554235","0.011090095678554235","D:\KLARFExport\_ArgosReview\C15RUN1\i\PatternedFront_Lot_62630-518_62630-518_202_d7cf4fbec3\back_notch","D:\KLARFExport\_ArgosReview\C15RUN2\i\PatternedFront_Lot_62630-518_62630-518_202_d7cf4fbec3\back_notch"
"PatternedFront\Lot_62630-518\62630-518_20260824033207\Slot02|BACK","SAME_PASS","PASS_REVIEW_ONLY_UNIQUE_BACK_BF_DF_NOTCH","PASS_REVIEW_ONLY_UNIQUE_BACK_BF_DF_NOTCH","89.80392305390126","89.80392305390126","0","0.007846107802492952","0.007846107802492952","D:\KLARFExport\_ArgosReview\C15RUN1\i\PatternedFront_Lot_62630-518_62630-518_202_fee3d52514\back_notch","D:\KLARFExport\_ArgosReview\C15RUN2\i\PatternedFront_Lot_62630-518_62630-518_202_fee3d52514\back_notch"
"PatternedFront\Lot_62630-518\62630-518_20260824033207\Slot03|BACK","SAME_PASS","PASS_REVIEW_ONLY_UNIQUE_BACK_BF_DF_NOTCH","PASS_REVIEW_ONLY_UNIQUE_BACK_BF_DF_NOTCH","89.78476122142206","89.78476122142206","0","0.030477557155961676","0.030477557155961676","D:\KLARFExport\_ArgosReview\C15RUN1\i\PatternedFront_Lot_62630-518_62630-518_202_a40f7677ec\back_notch","D:\KLARFExport\_ArgosReview\C15RUN2\i\PatternedFront_Lot_62630-518_62630-518_202_a40f7677ec\back_notch"
"PatternedFront\Lot_62630-518\62630-518_20260824033207\Slot04|BACK","SAME_PASS","PASS_REVIEW_ONLY_UNIQUE_BACK_BF_DF_NOTCH","PASS_REVIEW_ONLY_UNIQUE_BACK_BF_DF_NOTCH","89.71952228705517","89.71952228705517","0","0.039044574110306485","0.039044574110306485","D:\KLARFExport\_ArgosReview\C15RUN1\i\PatternedFront_Lot_62630-518_62630-518_202_d625d03884\back_notch","D:\KLARFExport\_ArgosReview\C15RUN2\i\PatternedFront_Lot_62630-518_62630-518_202_d625d03884\back_notch"
"PatternedFront\Lot_62630-518\62630-518_20260824033207\Slot05|BACK","SAME_PASS","PASS_REVIEW_ONLY_UNIQUE_BACK_BF_DF_NOTCH","PASS_REVIEW_ONLY_UNIQUE_BACK_BF_DF_NOTCH","89.91904289692454","89.91904289692454","0","0.03808579384909194","0.03808579384909194","D:\KLARFExport\_ArgosReview\C15RUN1\i\PatternedFront_Lot_62630-518_62630-518_202_26134c14d5\back_notch","D:\KLARFExport\_ArgosReview\C15RUN2\i\PatternedFront_Lot_62630-518_62630-518_202_26134c14d5\back_notch"
"PatternedFront\Lot_62631-535\62631-535_20260810121122\Slot16|BACK","SAME_PASS","PASS_REVIEW_ONLY_UNIQUE_BACK_BF_DF_NOTCH","PASS_REVIEW_ONLY_UNIQUE_BACK_BF_DF_NOTCH","90.0054551025624","90.0054551025624","0","0.01091020512473051","0.01091020512473051","D:\KLARFExport\_ArgosReview\C15RUN1\i\PatternedFront_Lot_62631-535_62631-535_202_0eb696a2f1\back_notch","D:\KLARFExport\_ArgosReview\C15RUN2\i\PatternedFront_Lot_62631-535_62631-535_202_0eb696a2f1\back_notch"
"PatternedFront\Lot_62631-535\62631-535_20260810121122\Slot17|BACK","SAME_PASS","PASS_REVIEW_ONLY_UNIQUE_BACK_BF_DF_NOTCH","PASS_REVIEW_ONLY_UNIQUE_BACK_BF_DF_NOTCH","90.02050972755922","90.02050972755922","0","0.041019455118430415","0.041019455118430415","D:\KLARFExport\_ArgosReview\C15RUN1\i\PatternedFront_Lot_62631-535_62631-535_202_46d2fb83b3\back_notch","D:\KLARFExport\_ArgosReview\C15RUN2\i\PatternedFront_Lot_62631-535_62631-535_202_46d2fb83b3\back_notch"
"PatternedFront\Lot_62631-535\62631-535_20260810121122\Slot18|BACK","SAME_PASS","PASS_REVIEW_ONLY_UNIQUE_BACK_BF_DF_NOTCH","PASS_REVIEW_ONLY_UNIQUE_BACK_BF_DF_NOTCH","90.0203533003783","90.0203533003783","0","0.04070660075660726","0.04070660075660726","D:\KLARFExport\_ArgosReview\C15RUN1\i\PatternedFront_Lot_62631-535_62631-535_202_1be87d236b\back_notch","D:\KLARFExport\_ArgosReview\C15RUN2\i\PatternedFront_Lot_62631-535_62631-535_202_1be87d236b\back_notch"
"PatternedFront\Lot_62631-535\62631-535_20260810121122\Slot19|BACK","SAME_PASS","PASS_REVIEW_ONLY_UNIQUE_BACK_BF_DF_NOTCH","PASS_REVIEW_ONLY_UNIQUE_BACK_BF_DF_NOTCH","89.99854928955568","89.99854928955568","0","0.0029014208886337656","0.0029014208886337656","D:\KLARFExport\_ArgosReview\C15RUN1\i\PatternedFront_Lot_62631-535_62631-535_202_c8627f0673\back_notch","D:\KLARFExport\_ArgosReview\C15RUN2\i\PatternedFront_Lot_62631-535_62631-535_202_c8627f0673\back_notch"
"PatternedFront\Lot_62631-535\62631-535_20260810121122\Slot20|BACK","SAME_PASS","PASS_REVIEW_ONLY_UNIQUE_BACK_BF_DF_NOTCH","PASS_REVIEW_ONLY_UNIQUE_BACK_BF_DF_NOTCH","90.00552957759317","90.00552957759317","0","0.011059155186330827","0.011059155186330827","D:\KLARFExport\_ArgosReview\C15RUN1\i\PatternedFront_Lot_62631-535_62631-535_202_e710c0b79d\back_notch","D:\KLARFExport\_ArgosReview\C15RUN2\i\PatternedFront_Lot_62631-535_62631-535_202_e710c0b79d\back_notch"
"PatternedFront\Lot_62631-535\62631-535_20260810121122\Slot21|BACK","SAME_PASS","PASS_REVIEW_ONLY_UNIQUE_BACK_BF_DF_NOTCH","PASS_REVIEW_ONLY_UNIQUE_BACK_BF_DF_NOTCH","90.10694112901955","90.10694112901955","0","0.013882258039075168","0.013882258039075168","D:\KLARFExport\_ArgosReview\C15RUN1\i\PatternedFront_Lot_62631-535_62631-535_202_279e7b1ecd\back_notch","D:\KLARFExport\_ArgosReview\C15RUN2\i\PatternedFront_Lot_62631-535_62631-535_202_279e7b1ecd\back_notch"
"PatternedFront\Lot_62631-535\62631-535_20260810121122\Slot22|BACK","SAME_PASS","PASS_REVIEW_ONLY_UNIQUE_BACK_BF_DF_NOTCH","PASS_REVIEW_ONLY_UNIQUE_BACK_BF_DF_NOTCH","90.00927795693559","90.00927795693559","0","0.018555913871153962","0.018555913871153962","D:\KLARFExport\_ArgosReview\C15RUN1\i\PatternedFront_Lot_62631-535_62631-535_202_7f7fe1f720\back_notch","D:\KLARFExport\_ArgosReview\C15RUN2\i\PatternedFront_Lot_62631-535_62631-535_202_7f7fe1f720\back_notch"
"PatternedFront\Lot_62631-535\62631-535_20260810121122\Slot23|BACK","SAME_PASS","PASS_REVIEW_ONLY_UNIQUE_BACK_BF_DF_NOTCH","PASS_REVIEW_ONLY_UNIQUE_BACK_BF_DF_NOTCH","90.0043956336965","90.0043956336965","0","0.008791267392950886","0.008791267392950886","D:\KLARFExport\_ArgosReview\C15RUN1\i\PatternedFront_Lot_62631-535_62631-535_202_f041e64b9c\back_notch","D:\KLARFExport\_ArgosReview\C15RUN2\i\PatternedFront_Lot_62631-535_62631-535_202_f041e64b9c\back_notch"
"PatternedFront\Lot_62631-535\62631-535_20260810121122\Slot24|BACK","SAME_PASS","PASS_REVIEW_ONLY_UNIQUE_BACK_BF_DF_NOTCH","PASS_REVIEW_ONLY_UNIQUE_BACK_BF_DF_NOTCH","90.20781058271093","90.20781058271093","0","0.015621165421805472","0.015621165421805472","D:\KLARFExport\_ArgosReview\C15RUN1\i\PatternedFront_Lot_62631-535_62631-535_202_44c86294e7\back_notch","D:\KLARFExport\_ArgosReview\C15RUN2\i\PatternedFront_Lot_62631-535_62631-535_202_44c86294e7\back_notch"
"PatternedFront\Lot_62631-535\62631-535_20260810121122\Slot25|BACK","SAME_PASS","PASS_REVIEW_ONLY_UNIQUE_BACK_BF_DF_NOTCH","PASS_REVIEW_ONLY_UNIQUE_BACK_BF_DF_NOTCH","89.9060109705471","89.9060109705471","0","0.01202194109418997","0.01202194109418997","D:\KLARFExport\_ArgosReview\C15RUN1\i\PatternedFront_Lot_62631-535_62631-535_202_d890a60d44\back_notch","D:\KLARFExport\_ArgosReview\C15RUN2\i\PatternedFront_Lot_62631-535_62631-535_202_d890a60d44\back_notch"
"PatternedFront\Lot_62631-535\62631-535_20260814172220\Slot01|BACK","SAME_PASS","PASS_REVIEW_ONLY_UNIQUE_BACK_BF_DF_NOTCH","PASS_REVIEW_ONLY_UNIQUE_BACK_BF_DF_NOTCH","89.8930407245945","89.8930407245945","0","0.01391855081101312","0.01391855081101312","D:\KLARFExport\_ArgosReview\C15RUN1\i\PatternedFront_Lot_62631-535_62631-535_202_2c1560713b\back_notch","D:\KLARFExport\_ArgosReview\C15RUN2\i\PatternedFront_Lot_62631-535_62631-535_202_2c1560713b\back_notch"
"PatternedFront\Lot_62631-535\62631-535_20260814172220\Slot02|BACK","SAME_PASS","PASS_REVIEW_ONLY_UNIQUE_BACK_BF_DF_NOTCH","PASS_REVIEW_ONLY_UNIQUE_BACK_BF_DF_NOTCH","89.71986072016786","89.71986072016786","0","0.039721440335739544","0.039721440335739544","D:\KLARFExport\_ArgosReview\C15RUN1\i\PatternedFront_Lot_62631-535_62631-535_202_6b5e1529fa\back_notch","D:\KLARFExport\_ArgosReview\C15RUN2\i\PatternedFront_Lot_62631-535_62631-535_202_6b5e1529fa\back_notch"
"PatternedFront\Lot_62631-535\62631-535_20260814172220\Slot03|BACK","SAME_PASS","PASS_REVIEW_ONLY_UNIQUE_BACK_BF_DF_NOTCH","PASS_REVIEW_ONLY_UNIQUE_BACK_BF_DF_NOTCH","89.69344049788738","89.69344049788738","0","0.01311900422524559","0.01311900422524559","D:\KLARFExport\_ArgosReview\C15RUN1\i\PatternedFront_Lot_62631-535_62631-535_202_d2b89c900e\back_notch","D:\KLARFExport\_ArgosReview\C15RUN2\i\PatternedFront_Lot_62631-535_62631-535_202_d2b89c900e\back_notch"
"PatternedFront\Lot_62631-535\62631-535_20260814172220\Slot04|BACK","SAME_PASS","PASS_REVIEW_ONLY_UNIQUE_BACK_BF_DF_NOTCH","PASS_REVIEW_ONLY_UNIQUE_BACK_BF_DF_NOTCH","89.80385006854351","89.80385006854351","0","0.007700137086970926","0.007700137086970926","D:\KLARFExport\_ArgosReview\C15RUN1\i\PatternedFront_Lot_62631-535_62631-535_202_7691aaf442\back_notch","D:\KLARFExport\_ArgosReview\C15RUN2\i\PatternedFront_Lot_62631-535_62631-535_202_7691aaf442\back_notch"
"PatternedFront\Lot_62631-535\62631-535_20260814172220\Slot05|BACK","SAME_PASS","PASS_REVIEW_ONLY_UNIQUE_BACK_BF_DF_NOTCH","PASS_REVIEW_ONLY_UNIQUE_BACK_BF_DF_NOTCH","89.71378924770273","89.71378924770273","0","0.02757849540546431","0.02757849540546431","D:\KLARFExport\_ArgosReview\C15RUN1\i\PatternedFront_Lot_62631-535_62631-535_202_5272f07d84\back_notch","D:\KLARFExport\_ArgosReview\C15RUN2\i\PatternedFront_Lot_62631-535_62631-535_202_5272f07d84\back_notch"
"PatternedFront\Lot_62631-535\62631-535_20260814172220\Slot06|BACK","SAME_PASS","PASS_REVIEW_ONLY_UNIQUE_BACK_BF_DF_NOTCH","PASS_REVIEW_ONLY_UNIQUE_BACK_BF_DF_NOTCH","89.83617324561192","89.83617324561192","0","0.07234649122375458","0.07234649122375458","D:\KLARFExport\_ArgosReview\C15RUN1\i\PatternedFront_Lot_62631-535_62631-535_202_4af5ad0cb1\back_notch","D:\KLARFExport\_ArgosReview\C15RUN2\i\PatternedFront_Lot_62631-535_62631-535_202_4af5ad0cb1\back_notch"
"PatternedFront\Lot_62631-535\62631-535_20260814172220\Slot07|BACK","SAME_PASS","PASS_REVIEW_ONLY_UNIQUE_BACK_BF_DF_NOTCH","PASS_REVIEW_ONLY_UNIQUE_BACK_BF_DF_NOTCH","89.79449412556244","89.79449412556244","0","0.011011748875148442","0.011011748875148442","D:\KLARFExport\_ArgosReview\C15RUN1\i\PatternedFront_Lot_62631-535_62631-535_202_5a209eab82\back_notch","D:\KLARFExport\_ArgosReview\C15RUN2\i\PatternedFront_Lot_62631-535_62631-535_202_5a209eab82\back_notch"
"PatternedFront\Lot_62631-535\62631-535_20260814172220\Slot08|BACK","SAME_PASS","PASS_REVIEW_ONLY_UNIQUE_BACK_BF_DF_NOTCH","PASS_REVIEW_ONLY_UNIQUE_BACK_BF_DF_NOTCH","89.70770423006162","89.70770423006162","0","0.01540846012323982","0.01540846012323982","D:\KLARFExport\_ArgosReview\C15RUN1\i\PatternedFront_Lot_62631-535_62631-535_202_c036e603ef\back_notch","D:\KLARFExport\_ArgosReview\C15RUN2\i\PatternedFront_Lot_62631-535_62631-535_202_c036e603ef\back_notch"
"PatternedFront\Lot_62631-535\62631-535_20260814172220\Slot09|BACK","SAME_PASS","PASS_REVIEW_ONLY_UNIQUE_BACK_BF_DF_NOTCH","PASS_REVIEW_ONLY_UNIQUE_BACK_BF_DF_NOTCH","89.79735566077505","89.79735566077505","0","0.005288678449858253","0.005288678449858253","D:\KLARFExport\_ArgosReview\C15RUN1\i\PatternedFront_Lot_62631-535_62631-535_202_b9e809bff9\back_notch","D:\KLARFExport\_ArgosReview\C15RUN2\i\PatternedFront_Lot_62631-535_62631-535_202_b9e809bff9\back_notch"
"PatternedFront\Lot_62631-535\62631-535_20260814172220\Slot10|BACK","SAME_PASS","PASS_REVIEW_ONLY_UNIQUE_BACK_BF_DF_NOTCH","PASS_REVIEW_ONLY_UNIQUE_BACK_BF_DF_NOTCH","89.71832314343489","89.71832314343489","0","0.03664628686976812","0.03664628686976812","D:\KLARFExport\_ArgosReview\C15RUN1\i\PatternedFront_Lot_62631-535_62631-535_202_007d77b4b4\back_notch","D:\KLARFExport\_ArgosReview\C15RUN2\i\PatternedFront_Lot_62631-535_62631-535_202_007d77b4b4\back_notch"
"PatternedFront\Lot_62631-535\62631-535_20260817034308\Slot01|BACK","SAME_PASS","PASS_REVIEW_ONLY_UNIQUE_BACK_BF_DF_NOTCH","PASS_REVIEW_ONLY_UNIQUE_BACK_BF_DF_NOTCH","89.99488871284649","89.99488871284649","0","0.010222574307078958","0.010222574307078958","D:\KLARFExport\_ArgosReview\C15RUN1\i\PatternedFront_Lot_62631-535_62631-535_202_b8c43af80d\back_notch","D:\KLARFExport\_ArgosReview\C15RUN2\i\PatternedFront_Lot_62631-535_62631-535_202_b8c43af80d\back_notch"
"PatternedFront\Lot_62631-535\62631-535_20260817034308\Slot02|BACK","SAME_PASS","PASS_REVIEW_ONLY_UNIQUE_BACK_BF_DF_NOTCH","PASS_REVIEW_ONLY_UNIQUE_BACK_BF_DF_NOTCH","89.9875547308061","89.9875547308061","0","0.024890538387836614","0.024890538387836614","D:\KLARFExport\_ArgosReview\C15RUN1\i\PatternedFront_Lot_62631-535_62631-535_202_82b94f0976\back_notch","D:\KLARFExport\_ArgosReview\C15RUN2\i\PatternedFront_Lot_62631-535_62631-535_202_82b94f0976\back_notch"
"PatternedFront\Lot_62631-535\62631-535_20260817034308\Slot03|BACK","SAME_PASS","PASS_REVIEW_ONLY_UNIQUE_BACK_BF_DF_NOTCH","PASS_REVIEW_ONLY_UNIQUE_BACK_BF_DF_NOTCH","89.98972150473247","89.98972150473247","0","0.020556990535055775","0.020556990535055775","D:\KLARFExport\_ArgosReview\C15RUN1\i\PatternedFront_Lot_62631-535_62631-535_202_c397654a7a\back_notch","D:\KLARFExport\_ArgosReview\C15RUN2\i\PatternedFront_Lot_62631-535_62631-535_202_c397654a7a\back_notch"
"PatternedFront\Lot_62631-535\62631-535_20260817034308\Slot04|BACK","SAME_PASS","PASS_REVIEW_ONLY_UNIQUE_BACK_BF_DF_NOTCH","PASS_REVIEW_ONLY_UNIQUE_BACK_BF_DF_NOTCH","89.99485585203666","89.99485585203666","0","0.010288295926670799","0.010288295926670799","D:\KLARFExport\_ArgosReview\C15RUN1\i\PatternedFront_Lot_62631-535_62631-535_202_fcbfb3c1a2\back_notch","D:\KLARFExport\_ArgosReview\C15RUN2\i\PatternedFront_Lot_62631-535_62631-535_202_fcbfb3c1a2\back_notch"
"PatternedFront\Lot_62631-535\62631-535_20260817034308\Slot05|BACK","SAME_PASS","PASS_REVIEW_ONLY_UNIQUE_BACK_BF_DF_NOTCH","PASS_REVIEW_ONLY_UNIQUE_BACK_BF_DF_NOTCH","90.00789765970518","90.00789765970518","0","0.015795319410329967","0.015795319410329967","D:\KLARFExport\_ArgosReview\C15RUN1\i\PatternedFront_Lot_62631-535_62631-535_202_70d8c3de41\back_notch","D:\KLARFExport\_ArgosReview\C15RUN2\i\PatternedFront_Lot_62631-535_62631-535_202_70d8c3de41\back_notch"
"PatternedFront\Lot_62631-535\62631-535_20260817034308\Slot06|BACK","SAME_PASS","PASS_REVIEW_ONLY_UNIQUE_BACK_BF_DF_NOTCH","PASS_REVIEW_ONLY_UNIQUE_BACK_BF_DF_NOTCH","90.01383655227369","90.01383655227369","0","0.02767310454737526","0.02767310454737526","D:\KLARFExport\_ArgosReview\C15RUN1\i\PatternedFront_Lot_62631-535_62631-535_202_04c945f535\back_notch","D:\KLARFExport\_ArgosReview\C15RUN2\i\PatternedFront_Lot_62631-535_62631-535_202_04c945f535\back_notch"
"PatternedFront\Lot_62631-535\62631-535_20260817034308\Slot07|BACK","SAME_PASS","PASS_REVIEW_ONLY_UNIQUE_BACK_BF_DF_NOTCH","PASS_REVIEW_ONLY_UNIQUE_BACK_BF_DF_NOTCH","90.00306889903209","90.00306889903209","0","0.006137798064230537","0.006137798064230537","D:\KLARFExport\_ArgosReview\C15RUN1\i\PatternedFront_Lot_62631-535_62631-535_202_30e936ebed\back_notch","D:\KLARFExport\_ArgosReview\C15RUN2\i\PatternedFront_Lot_62631-535_62631-535_202_30e936ebed\back_notch"
"PatternedFront\Lot_62631-535\62631-535_20260817034308\Slot08|BACK","SAME_PASS","PASS_REVIEW_ONLY_UNIQUE_BACK_BF_DF_NOTCH","PASS_REVIEW_ONLY_UNIQUE_BACK_BF_DF_NOTCH","90.00703802625969","90.00703802625969","0","0.014076052519385485","0.014076052519385485","D:\KLARFExport\_ArgosReview\C15RUN1\i\PatternedFront_Lot_62631-535_62631-535_202_f35750b982\back_notch","D:\KLARFExport\_ArgosReview\C15RUN2\i\PatternedFront_Lot_62631-535_62631-535_202_f35750b982\back_notch"
"PatternedFront\Lot_62631-535\62631-535_20260817034308\Slot09|BACK","SAME_PASS","PASS_REVIEW_ONLY_UNIQUE_BACK_BF_DF_NOTCH","PASS_REVIEW_ONLY_UNIQUE_BACK_BF_DF_NOTCH","90.00596562781419","90.00596562781419","0","0.011931255628411463","0.011931255628411463","D:\KLARFExport\_ArgosReview\C15RUN1\i\PatternedFront_Lot_62631-535_62631-535_202_97840a9572\back_notch","D:\KLARFExport\_ArgosReview\C15RUN2\i\PatternedFront_Lot_62631-535_62631-535_202_97840a9572\back_notch"
"PatternedFront\Lot_62631-535\62631-535_20260817034308\Slot10|BACK","SAME_PASS","PASS_REVIEW_ONLY_UNIQUE_BACK_BF_DF_NOTCH","PASS_REVIEW_ONLY_UNIQUE_BACK_BF_DF_NOTCH","90.22077845309788","90.22077845309788","0","0.041556906195779675","0.041556906195779675","D:\KLARFExport\_ArgosReview\C15RUN1\i\PatternedFront_Lot_62631-535_62631-535_202_1db28e6b79\back_notch","D:\KLARFExport\_ArgosReview\C15RUN2\i\PatternedFront_Lot_62631-535_62631-535_202_1db28e6b79\back_notch"
"PatternedFront\Lot_62631-535\62631-535_20260817040424\Slot01|BACK","SAME_PASS","PASS_REVIEW_ONLY_UNIQUE_BACK_BF_DF_NOTCH","PASS_REVIEW_ONLY_UNIQUE_BACK_BF_DF_NOTCH","89.68888488714443","89.68888488714443","0","0.02223022571115507","0.02223022571115507","D:\KLARFExport\_ArgosReview\C15RUN1\i\PatternedFront_Lot_62631-535_62631-535_202_2631bc7291\back_notch","D:\KLARFExport\_ArgosReview\C15RUN2\i\PatternedFront_Lot_62631-535_62631-535_202_2631bc7291\back_notch"
"PatternedFront\Lot_62631-535\62631-535_20260817040424\Slot02|BACK","SAME_PASS","PASS_REVIEW_ONLY_UNIQUE_BACK_BF_DF_NOTCH","PASS_REVIEW_ONLY_UNIQUE_BACK_BF_DF_NOTCH","89.68099184044088","89.68099184044088","0","0.038016319118298725","0.038016319118298725","D:\KLARFExport\_ArgosReview\C15RUN1\i\PatternedFront_Lot_62631-535_62631-535_202_6889cfb107\back_notch","D:\KLARFExport\_ArgosReview\C15RUN2\i\PatternedFront_Lot_62631-535_62631-535_202_6889cfb107\back_notch"
"PatternedFront\Lot_62631-535\62631-535_20260817040424\Slot03|BACK","SAME_PASS","PASS_REVIEW_ONLY_UNIQUE_BACK_BF_DF_NOTCH","PASS_REVIEW_ONLY_UNIQUE_BACK_BF_DF_NOTCH","89.70457072035136","89.70457072035136","0","0.009141440702649106","0.009141440702649106","D:\KLARFExport\_ArgosReview\C15RUN1\i\PatternedFront_Lot_62631-535_62631-535_202_be2afe354b\back_notch","D:\KLARFExport\_ArgosReview\C15RUN2\i\PatternedFront_Lot_62631-535_62631-535_202_be2afe354b\back_notch"
"PatternedFront\Lot_62631-535\62631-535_20260817040424\Slot04|BACK","SAME_PASS","PASS_REVIEW_ONLY_UNIQUE_BACK_BF_DF_NOTCH","PASS_REVIEW_ONLY_UNIQUE_BACK_BF_DF_NOTCH","89.69724728543157","89.69724728543157","0","0.005505429136917428","0.005505429136917428","D:\KLARFExport\_ArgosReview\C15RUN1\i\PatternedFront_Lot_62631-535_62631-535_202_ff8aca0a6b\back_notch","D:\KLARFExport\_ArgosReview\C15RUN2\i\PatternedFront_Lot_62631-535_62631-535_202_ff8aca0a6b\back_notch"
"PatternedFront\Lot_62631-535\62631-535_20260817040424\Slot05|BACK","SAME_PASS","PASS_REVIEW_ONLY_UNIQUE_BACK_BF_DF_NOTCH","PASS_REVIEW_ONLY_UNIQUE_BACK_BF_DF_NOTCH","89.78143346258588","89.78143346258588","0","0.037133074828204826","0.037133074828204826","D:\KLARFExport\_ArgosReview\C15RUN1\i\PatternedFront_Lot_62631-535_62631-535_202_16ec5b72f5\back_notch","D:\KLARFExport\_ArgosReview\C15RUN2\i\PatternedFront_Lot_62631-535_62631-535_202_16ec5b72f5\back_notch"
"PatternedFront\Lot_62631-535\62631-535_20260817040424\Slot06|BACK","SAME_PASS","PASS_REVIEW_ONLY_UNIQUE_BACK_BF_DF_NOTCH","PASS_REVIEW_ONLY_UNIQUE_BACK_BF_DF_NOTCH","89.71993159156479","89.71993159156479","0","0.0398631831295404","0.0398631831295404","D:\KLARFExport\_ArgosReview\C15RUN1\i\PatternedFront_Lot_62631-535_62631-535_202_0c2b34ba3e\back_notch","D:\KLARFExport\_ArgosReview\C15RUN2\i\PatternedFront_Lot_62631-535_62631-535_202_0c2b34ba3e\back_notch"
"PatternedFront\Lot_62631-535\62631-535_20260817040424\Slot07|BACK","SAME_PASS","PASS_REVIEW_ONLY_UNIQUE_BACK_BF_DF_NOTCH","PASS_REVIEW_ONLY_UNIQUE_BACK_BF_DF_NOTCH","89.69912068834988","89.69912068834988","0","0.0017586233001907203","0.0017586233001907203","D:\KLARFExport\_ArgosReview\C15RUN1\i\PatternedFront_Lot_62631-535_62631-535_202_de596f6bff\back_notch","D:\KLARFExport\_ArgosReview\C15RUN2\i\PatternedFront_Lot_62631-535_62631-535_202_de596f6bff\back_notch"
"PatternedFront\Lot_62631-535\62631-535_20260817040424\Slot08|BACK","SAME_PASS","PASS_REVIEW_ONLY_UNIQUE_BACK_BF_DF_NOTCH","PASS_REVIEW_ONLY_UNIQUE_BACK_BF_DF_NOTCH","89.70442744172551","89.70442744172551","0","0.008854883451078877","0.008854883451078877","D:\KLARFExport\_ArgosReview\C15RUN1\i\PatternedFront_Lot_62631-535_62631-535_202_7cea0c42ec\back_notch","D:\KLARFExport\_ArgosReview\C15RUN2\i\PatternedFront_Lot_62631-535_62631-535_202_7cea0c42ec\back_notch"
"PatternedFront\Lot_62631-535\62631-535_20260817040424\Slot09|BACK","SAME_PASS","PASS_REVIEW_ONLY_UNIQUE_BACK_BF_DF_NOTCH","PASS_REVIEW_ONLY_UNIQUE_BACK_BF_DF_NOTCH","89.69483922834691","89.69483922834691","0","0.010321543306162084","0.010321543306162084","D:\KLARFExport\_ArgosReview\C15RUN1\i\PatternedFront_Lot_62631-535_62631-535_202_fcbd9a8b81\back_notch","D:\KLARFExport\_ArgosReview\C15RUN2\i\PatternedFront_Lot_62631-535_62631-535_202_fcbd9a8b81\back_notch"
"PatternedFront\Lot_62631-535\62631-535_20260817040424\Slot10|BACK","SAME_PASS","PASS_REVIEW_ONLY_UNIQUE_BACK_BF_DF_NOTCH","PASS_REVIEW_ONLY_UNIQUE_BACK_BF_DF_NOTCH","89.90775733770673","89.90775733770673","0","0.015514675413498935","0.015514675413498935","D:\KLARFExport\_ArgosReview\C15RUN1\i\PatternedFront_Lot_62631-535_62631-535_202_5065df8aac\back_notch","D:\KLARFExport\_ArgosReview\C15RUN2\i\PatternedFront_Lot_62631-535_62631-535_202_5065df8aac\back_notch"
"PatternedFront\Lot_62631-535\62631-535_20260819122045\Slot01|BACK","SAME_PASS","PASS_REVIEW_ONLY_UNIQUE_BACK_BF_DF_NOTCH","PASS_REVIEW_ONLY_UNIQUE_BACK_BF_DF_NOTCH","90.09676828263183","90.09676828263183","0","0.006463434736417639","0.006463434736417639","D:\KLARFExport\_ArgosReview\C15RUN1\i\PatternedFront_Lot_62631-535_62631-535_202_a3e636d332\back_notch","D:\KLARFExport\_ArgosReview\C15RUN2\i\PatternedFront_Lot_62631-535_62631-535_202_a3e636d332\back_notch"
"PatternedFront\Lot_62631-535\62631-535_20260819122045\Slot02|BACK","SAME_PASS","PASS_REVIEW_ONLY_UNIQUE_BACK_BF_DF_NOTCH","PASS_REVIEW_ONLY_UNIQUE_BACK_BF_DF_NOTCH","89.98245731999106","89.98245731999106","0","0.0350853600179164","0.0350853600179164","D:\KLARFExport\_ArgosReview\C15RUN1\i\PatternedFront_Lot_62631-535_62631-535_202_83c08dfde9\back_notch","D:\KLARFExport\_ArgosReview\C15RUN2\i\PatternedFront_Lot_62631-535_62631-535_202_83c08dfde9\back_notch"
"PatternedFront\Lot_62631-535\62631-535_20260819122045\Slot03|BACK","SAME_PASS","PASS_REVIEW_ONLY_UNIQUE_BACK_BF_DF_NOTCH","PASS_REVIEW_ONLY_UNIQUE_BACK_BF_DF_NOTCH","90.00079395928344","90.00079395928344","0","0.0015879185668836726","0.0015879185668836726","D:\KLARFExport\_ArgosReview\C15RUN1\i\PatternedFront_Lot_62631-535_62631-535_202_0105a96125\back_notch","D:\KLARFExport\_ArgosReview\C15RUN2\i\PatternedFront_Lot_62631-535_62631-535_202_0105a96125\back_notch"
"PatternedFront\Lot_62631-535\62631-535_20260819122045\Slot04|BACK","SAME_PASS","PASS_REVIEW_ONLY_UNIQUE_BACK_BF_DF_NOTCH","PASS_REVIEW_ONLY_UNIQUE_BACK_BF_DF_NOTCH","90.00182583226075","90.00182583226075","0","0.003651664521470366","0.003651664521470366","D:\KLARFExport\_ArgosReview\C15RUN1\i\PatternedFront_Lot_62631-535_62631-535_202_4acb5cc1c1\back_notch","D:\KLARFExport\_ArgosReview\C15RUN2\i\PatternedFront_Lot_62631-535_62631-535_202_4acb5cc1c1\back_notch"
"PatternedFront\Lot_62631-535\62631-535_20260819122045\Slot05|BACK","SAME_PASS","PASS_REVIEW_ONLY_UNIQUE_BACK_BF_DF_NOTCH","PASS_REVIEW_ONLY_UNIQUE_BACK_BF_DF_NOTCH","89.70235187527994","89.70235187527994","0","0.0047037505598837015","0.0047037505598837015","D:\KLARFExport\_ArgosReview\C15RUN1\i\PatternedFront_Lot_62631-535_62631-535_202_a8fe6b238c\back_notch","D:\KLARFExport\_ArgosReview\C15RUN2\i\PatternedFront_Lot_62631-535_62631-535_202_a8fe6b238c\back_notch"
"PatternedFront\Lot_62631-535\62631-535_20260819122045\Slot06|BACK","SAME_PASS","PASS_REVIEW_ONLY_UNIQUE_BACK_BF_DF_NOTCH","PASS_REVIEW_ONLY_UNIQUE_BACK_BF_DF_NOTCH","90.08745522058926","90.08745522058926","0","0.025089558821491664","0.025089558821491664","D:\KLARFExport\_ArgosReview\C15RUN1\i\PatternedFront_Lot_62631-535_62631-535_202_09c43936a7\back_notch","D:\KLARFExport\_ArgosReview\C15RUN2\i\PatternedFront_Lot_62631-535_62631-535_202_09c43936a7\back_notch"
"PatternedFront\Lot_62631-535\62631-535_20260819122045\Slot07|BACK","SAME_PASS","PASS_REVIEW_ONLY_UNIQUE_BACK_BF_DF_NOTCH","PASS_REVIEW_ONLY_UNIQUE_BACK_BF_DF_NOTCH","90.09246632982887","90.09246632982887","0","0.015067340342227453","0.015067340342227453","D:\KLARFExport\_ArgosReview\C15RUN1\i\PatternedFront_Lot_62631-535_62631-535_202_21de6e494c\back_notch","D:\KLARFExport\_ArgosReview\C15RUN2\i\PatternedFront_Lot_62631-535_62631-535_202_21de6e494c\back_notch"
"PatternedFront\Lot_62631-535\62631-535_20260819122045\Slot08|BACK","SAME_PASS","PASS_REVIEW_ONLY_UNIQUE_BACK_BF_DF_NOTCH","PASS_REVIEW_ONLY_UNIQUE_BACK_BF_DF_NOTCH","90.1234841535762","90.1234841535762","0","0.04696830715244005","0.04696830715244005","D:\KLARFExport\_ArgosReview\C15RUN1\i\PatternedFront_Lot_62631-535_62631-535_202_98e40b7a36\back_notch","D:\KLARFExport\_ArgosReview\C15RUN2\i\PatternedFront_Lot_62631-535_62631-535_202_98e40b7a36\back_notch"
"PatternedFront\Lot_62631-535\62631-535_20260819122045\Slot09|BACK","SAME_PASS","PASS_REVIEW_ONLY_UNIQUE_BACK_BF_DF_NOTCH","PASS_REVIEW_ONLY_UNIQUE_BACK_BF_DF_NOTCH","90.12046079219179","90.12046079219179","0","0.04092158438362503","0.04092158438362503","D:\KLARFExport\_ArgosReview\C15RUN1\i\PatternedFront_Lot_62631-535_62631-535_202_8d9b7d6e1e\back_notch","D:\KLARFExport\_ArgosReview\C15RUN2\i\PatternedFront_Lot_62631-535_62631-535_202_8d9b7d6e1e\back_notch"
"PatternedFront\Lot_62631-535\62631-535_20260819122045\Slot10|BACK","SAME_PASS","PASS_REVIEW_ONLY_UNIQUE_BACK_BF_DF_NOTCH","PASS_REVIEW_ONLY_UNIQUE_BACK_BF_DF_NOTCH","90.12279619120419","90.12279619120419","0","0.04559238240832997","0.04559238240832997","D:\KLARFExport\_ArgosReview\C15RUN1\i\PatternedFront_Lot_62631-535_62631-535_202_0a94ddd93b\back_notch","D:\KLARFExport\_ArgosReview\C15RUN2\i\PatternedFront_Lot_62631-535_62631-535_202_0a94ddd93b\back_notch"
"PatternedFront\Lot_62631-535\62631-536_20260810123124\Slot01|BACK","SAME_PASS","PASS_REVIEW_ONLY_UNIQUE_BACK_BF_DF_NOTCH","PASS_REVIEW_ONLY_UNIQUE_BACK_BF_DF_NOTCH","89.87121332458011","89.87121332458011","0","0.05757335083978887","0.05757335083978887","D:\KLARFExport\_ArgosReview\C15RUN1\i\PatternedFront_Lot_62631-535_62631-536_202_2b8c4b1d8a\back_notch","D:\KLARFExport\_ArgosReview\C15RUN2\i\PatternedFront_Lot_62631-535_62631-536_202_2b8c4b1d8a\back_notch"
"PatternedFront\Lot_62631-535\62631-536_20260810123124\Slot02|BACK","RESCUED","HOLD_BACK_NOTCH_CHANNEL_ANALYSIS_FAILED","PASS_REVIEW_ONLY_UNIQUE_BACK_BF_DF_NOTCH","","89.88535064227258","","","0.02929871545484275","D:\KLARFExport\_ArgosReview\C15RUN1\i\PatternedFront_Lot_62631-535_62631-536_202_4181308599\back_notch","D:\KLARFExport\_ArgosReview\C15RUN2\i\PatternedFront_Lot_62631-535_62631-536_202_4181308599\back_notch"
"PatternedFront\Lot_62631-535\62631-536_20260810123124\Slot03|BACK","RESCUED","HOLD_BACK_NOTCH_CHANNEL_ANALYSIS_FAILED","PASS_REVIEW_ONLY_UNIQUE_BACK_BF_DF_NOTCH","","89.88629248362204","","","0.027415032755925495","D:\KLARFExport\_ArgosReview\C15RUN1\i\PatternedFront_Lot_62631-535_62631-536_202_f894b01a05\back_notch","D:\KLARFExport\_ArgosReview\C15RUN2\i\PatternedFront_Lot_62631-535_62631-536_202_f894b01a05\back_notch"
"PatternedFront\Lot_62631-535\62631-536_20260810123124\Slot04|BACK","RESCUED","HOLD_BACK_NOTCH_CHANNEL_ANALYSIS_FAILED","PASS_REVIEW_ONLY_UNIQUE_BACK_BF_DF_NOTCH","","89.99093699706941","","","0.018126005861233807","D:\KLARFExport\_ArgosReview\C15RUN1\i\PatternedFront_Lot_62631-535_62631-536_202_4c69cb256f\back_notch","D:\KLARFExport\_ArgosReview\C15RUN2\i\PatternedFront_Lot_62631-535_62631-536_202_4c69cb256f\back_notch"
"PatternedFront\Lot_62631-535\62631-536_20260810123124\Slot05|BACK","RESCUED","HOLD_BACK_NOTCH_CHANNEL_ANALYSIS_FAILED","PASS_REVIEW_ONLY_UNIQUE_BACK_BF_DF_NOTCH","","89.7064182653723","","","0.012836530744607444","D:\KLARFExport\_ArgosReview\C15RUN1\i\PatternedFront_Lot_62631-535_62631-536_202_89b1a864f6\back_notch","D:\KLARFExport\_ArgosReview\C15RUN2\i\PatternedFront_Lot_62631-535_62631-536_202_89b1a864f6\back_notch"
"PatternedFront\Lot_62631-535\62631-536_20260810123124\Slot06|BACK","SAME_PASS","PASS_REVIEW_ONLY_UNIQUE_BACK_BF_DF_NOTCH","PASS_REVIEW_ONLY_UNIQUE_BACK_BF_DF_NOTCH","89.71438406508373","89.71438406508373","0","0.02876813016740698","0.02876813016740698","D:\KLARFExport\_ArgosReview\C15RUN1\i\PatternedFront_Lot_62631-535_62631-536_202_589d7a27aa\back_notch","D:\KLARFExport\_ArgosReview\C15RUN2\i\PatternedFront_Lot_62631-535_62631-536_202_589d7a27aa\back_notch"
"PatternedFront\Lot_62631-535\62631-536_20260810123124\Slot07|BACK","RESCUED","HOLD_BACK_NOTCH_CHANNEL_ANALYSIS_FAILED","PASS_REVIEW_ONLY_UNIQUE_BACK_BF_DF_NOTCH","","89.9832965838479","","","0.03340683230419472","D:\KLARFExport\_ArgosReview\C15RUN1\i\PatternedFront_Lot_62631-535_62631-536_202_13993f9e62\back_notch","D:\KLARFExport\_ArgosReview\C15RUN2\i\PatternedFront_Lot_62631-535_62631-536_202_13993f9e62\back_notch"
"PatternedFront\Lot_62631-535\62631-536_20260810123124\Slot08|BACK","SAME_PASS","PASS_REVIEW_ONLY_UNIQUE_BACK_BF_DF_NOTCH","PASS_REVIEW_ONLY_UNIQUE_BACK_BF_DF_NOTCH","89.9781989589182","89.9781989589182","0","0.04360208216354522","0.04360208216354522","D:\KLARFExport\_ArgosReview\C15RUN1\i\PatternedFront_Lot_62631-535_62631-536_202_ba7e58fc15\back_notch","D:\KLARFExport\_ArgosReview\C15RUN2\i\PatternedFront_Lot_62631-535_62631-536_202_ba7e58fc15\back_notch"
"PatternedFront\Lot_62631-535\62631-536_20260810123124\Slot09|BACK","RESCUED","HOLD_BACK_NOTCH_CHANNEL_ANALYSIS_FAILED","PASS_REVIEW_ONLY_UNIQUE_BACK_BF_DF_NOTCH","","90.1062953059512","","","0.012590611902339788","D:\KLARFExport\_ArgosReview\C15RUN1\i\PatternedFront_Lot_62631-535_62631-536_202_3ea241e139\back_notch","D:\KLARFExport\_ArgosReview\C15RUN2\i\PatternedFront_Lot_62631-535_62631-536_202_3ea241e139\back_notch"
"PatternedFront\Lot_62631-535\62631-536_20260810123124\Slot10|BACK","RESCUED","HOLD_BACK_NOTCH_CHANNEL_ANALYSIS_FAILED","PASS_REVIEW_ONLY_UNIQUE_BACK_BF_DF_NOTCH","","89.77218938713355","","","0.055621225732977564","D:\KLARFExport\_ArgosReview\C15RUN1\i\PatternedFront_Lot_62631-535_62631-536_202_e7bc26a068\back_notch","D:\KLARFExport\_ArgosReview\C15RUN2\i\PatternedFront_Lot_62631-535_62631-536_202_e7bc26a068\back_notch"
"PatternedFront\Lot_62631-536\62631-536_20260817043239\Slot01|BACK","SAME_PASS","PASS_REVIEW_ONLY_UNIQUE_BACK_BF_DF_NOTCH","PASS_REVIEW_ONLY_UNIQUE_BACK_BF_DF_NOTCH","90.00463065866387","90.00463065866387","0","0.00926131732774138","0.00926131732774138","D:\KLARFExport\_ArgosReview\C15RUN1\i\PatternedFront_Lot_62631-536_62631-536_202_1f08bd2bdd\back_notch","D:\KLARFExport\_ArgosReview\C15RUN2\i\PatternedFront_Lot_62631-536_62631-536_202_1f08bd2bdd\back_notch"
"PatternedFront\Lot_62631-536\62631-536_20260817043239\Slot02|BACK","SAME_PASS","PASS_REVIEW_ONLY_UNIQUE_BACK_BF_DF_NOTCH","PASS_REVIEW_ONLY_UNIQUE_BACK_BF_DF_NOTCH","90.00778390468292","90.00778390468292","0","0.015567809365791163","0.015567809365791163","D:\KLARFExport\_ArgosReview\C15RUN1\i\PatternedFront_Lot_62631-536_62631-536_202_f39152b4d3\back_notch","D:\KLARFExport\_ArgosReview\C15RUN2\i\PatternedFront_Lot_62631-536_62631-536_202_f39152b4d3\back_notch"
"PatternedFront\Lot_62631-536\62631-536_20260817043239\Slot03|BACK","SAME_PASS","PASS_REVIEW_ONLY_UNIQUE_BACK_BF_DF_NOTCH","PASS_REVIEW_ONLY_UNIQUE_BACK_BF_DF_NOTCH","90.01682972602725","90.01682972602725","0","0.03365945205453613","0.03365945205453613","D:\KLARFExport\_ArgosReview\C15RUN1\i\PatternedFront_Lot_62631-536_62631-536_202_92df80fba1\back_notch","D:\KLARFExport\_ArgosReview\C15RUN2\i\PatternedFront_Lot_62631-536_62631-536_202_92df80fba1\back_notch"
"PatternedFront\Lot_62631-536\62631-536_20260817043239\Slot04|BACK","SAME_PASS","PASS_REVIEW_ONLY_UNIQUE_BACK_BF_DF_NOTCH","PASS_REVIEW_ONLY_UNIQUE_BACK_BF_DF_NOTCH","90.07915151024524","90.07915151024524","0","0.04169697950953832","0.04169697950953832","D:\KLARFExport\_ArgosReview\C15RUN1\i\PatternedFront_Lot_62631-536_62631-536_202_b756761704\back_notch","D:\KLARFExport\_ArgosReview\C15RUN2\i\PatternedFront_Lot_62631-536_62631-536_202_b756761704\back_notch"
"PatternedFront\Lot_62631-536\62631-536_20260817043239\Slot05|BACK","SAME_PASS","PASS_REVIEW_ONLY_UNIQUE_BACK_BF_DF_NOTCH","PASS_REVIEW_ONLY_UNIQUE_BACK_BF_DF_NOTCH","90.08199672031752","90.08199672031752","0","0.03600655936494945","0.03600655936494945","D:\KLARFExport\_ArgosReview\C15RUN1\i\PatternedFront_Lot_62631-536_62631-536_202_4fb62c0d82\back_notch","D:\KLARFExport\_ArgosReview\C15RUN2\i\PatternedFront_Lot_62631-536_62631-536_202_4fb62c0d82\back_notch"
"PatternedFront\Lot_62631-536\62631-536_20260817043239\Slot06|BACK","SAME_PASS","PASS_REVIEW_ONLY_UNIQUE_BACK_BF_DF_NOTCH","PASS_REVIEW_ONLY_UNIQUE_BACK_BF_DF_NOTCH","89.97429336504928","89.97429336504928","0","0.05141326990150219","0.05141326990150219","D:\KLARFExport\_ArgosReview\C15RUN1\i\PatternedFront_Lot_62631-536_62631-536_202_228e66424d\back_notch","D:\KLARFExport\_ArgosReview\C15RUN2\i\PatternedFront_Lot_62631-536_62631-536_202_228e66424d\back_notch"
"PatternedFront\Lot_62631-536\62631-536_20260817043239\Slot07|BACK","SAME_PASS","PASS_REVIEW_ONLY_UNIQUE_BACK_BF_DF_NOTCH","PASS_REVIEW_ONLY_UNIQUE_BACK_BF_DF_NOTCH","89.97340962685212","89.97340962685212","0","0.0531807462958227","0.0531807462958227","D:\KLARFExport\_ArgosReview\C15RUN1\i\PatternedFront_Lot_62631-536_62631-536_202_ba700064d1\back_notch","D:\KLARFExport\_ArgosReview\C15RUN2\i\PatternedFront_Lot_62631-536_62631-536_202_ba700064d1\back_notch"
"PatternedFront\Lot_62631-536\62631-536_20260817043239\Slot08|BACK","SAME_PASS","PASS_REVIEW_ONLY_UNIQUE_BACK_BF_DF_NOTCH","PASS_REVIEW_ONLY_UNIQUE_BACK_BF_DF_NOTCH","89.96661119912073","89.96661119912073","0","0.06677760175853109","0.06677760175853109","D:\KLARFExport\_ArgosReview\C15RUN1\i\PatternedFront_Lot_62631-536_62631-536_202_a667b1318d\back_notch","D:\KLARFExport\_ArgosReview\C15RUN2\i\PatternedFront_Lot_62631-536_62631-536_202_a667b1318d\back_notch"
"PatternedFront\Lot_62631-536\62631-536_20260817043239\Slot09|BACK","SAME_PASS","PASS_REVIEW_ONLY_UNIQUE_BACK_BF_DF_NOTCH","PASS_REVIEW_ONLY_UNIQUE_BACK_BF_DF_NOTCH","90.01283621493837","90.01283621493837","0","0.025672429876692604","0.025672429876692604","D:\KLARFExport\_ArgosReview\C15RUN1\i\PatternedFront_Lot_62631-536_62631-536_202_7256a51aae\back_notch","D:\KLARFExport\_ArgosReview\C15RUN2\i\PatternedFront_Lot_62631-536_62631-536_202_7256a51aae\back_notch"
"PatternedFront\Lot_62631-536\62631-536_20260817043239\Slot10|BACK","SAME_PASS","PASS_REVIEW_ONLY_UNIQUE_BACK_BF_DF_NOTCH","PASS_REVIEW_ONLY_UNIQUE_BACK_BF_DF_NOTCH","90.01829284535063","90.01829284535063","0","0.036585690701201656","0.036585690701201656","D:\KLARFExport\_ArgosReview\C15RUN1\i\PatternedFront_Lot_62631-536_62631-536_202_9ccf3d128d\back_notch","D:\KLARFExport\_ArgosReview\C15RUN2\i\PatternedFront_Lot_62631-536_62631-536_202_9ccf3d128d\back_notch"
"PatternedFront\Lot_62631-541B\62631-541B_20260829114907\Slot01|BACK","NEW_R15","","PASS_REVIEW_ONLY_UNIQUE_BACK_BF_DF_NOTCH","","89.79493643081588","","","0.010127138368289934","","D:\KLARFExport\_ArgosReview\C15RUN2\i\PatternedFront_Lot_62631-541B_62631-541B_2_6eba5c2ffe\back_notch"
"PST_BREAK_BARE\Lot_62625-907_POST_20260714155300\62625-907_POST_20260714155300\Slot04|BACK","SAME_PASS","PASS_REVIEW_ONLY_UNIQUE_BACK_BF_DF_NOTCH","PASS_REVIEW_ONLY_UNIQUE_BACK_BF_DF_NOTCH","89.80239038409695","89.80239038409695","0","0.0047807681938252244","0.0047807681938252244","D:\KLARFExport\_ArgosReview\C15RUN1\i\PST_BREAK_BARE_Lot_62625-907_POST_20260714_f5dab5b841\back_notch","D:\KLARFExport\_ArgosReview\C15RUN2\i\PST_BREAK_BARE_Lot_62625-907_POST_20260714_f5dab5b841\back_notch"
"PST_BREAK_BARE\Lot_62625-907_POST_20260714155300\62625-907_POST_20260714155300\Slot10|BACK","SAME_PASS","PASS_REVIEW_ONLY_UNIQUE_BACK_BF_DF_NOTCH","PASS_REVIEW_ONLY_UNIQUE_BACK_BF_DF_NOTCH","89.69760304283871","89.69760304283871","0","0.0047939143225903535","0.0047939143225903535","D:\KLARFExport\_ArgosReview\C15RUN1\i\PST_BREAK_BARE_Lot_62625-907_POST_20260714_cf16a10305\back_notch","D:\KLARFExport\_ArgosReview\C15RUN2\i\PST_BREAK_BARE_Lot_62625-907_POST_20260714_cf16a10305\back_notch"
"PST_BREAK_BARE\Lot_62625-907_POST_20260714155300\62625-907_POST_20260714155300\Slot12|BACK","SAME_PASS","PASS_REVIEW_ONLY_UNIQUE_BACK_BF_DF_NOTCH","PASS_REVIEW_ONLY_UNIQUE_BACK_BF_DF_NOTCH","89.71085252099643","89.71085252099643","0","0.02170504199287393","0.02170504199287393","D:\KLARFExport\_ArgosReview\C15RUN1\i\PST_BREAK_BARE_Lot_62625-907_POST_20260714_89e4df997b\back_notch","D:\KLARFExport\_ArgosReview\C15RUN2\i\PST_BREAK_BARE_Lot_62625-907_POST_20260714_89e4df997b\back_notch"
"PST_BREAK_BARE\Lot_62625-907_POST_20260714155300\62625-907_POST_20260714155300\Slot14|BACK","SAME_PASS","PASS_REVIEW_ONLY_UNIQUE_BACK_BF_DF_NOTCH","PASS_REVIEW_ONLY_UNIQUE_BACK_BF_DF_NOTCH","89.6787233369483","89.6787233369483","0","0.04255332610338769","0.04255332610338769","D:\KLARFExport\_ArgosReview\C15RUN1\i\PST_BREAK_BARE_Lot_62625-907_POST_20260714_e38576c2d0\back_notch","D:\KLARFExport\_ArgosReview\C15RUN2\i\PST_BREAK_BARE_Lot_62625-907_POST_20260714_e38576c2d0\back_notch"
"PST_BREAK_BARE\Lot_62625-907_POST_20260714155300\62625-907_POST_20260714155300\Slot16|BACK","SAME_PASS","PASS_REVIEW_ONLY_UNIQUE_BACK_BF_DF_NOTCH","PASS_REVIEW_ONLY_UNIQUE_BACK_BF_DF_NOTCH","89.69161520349697","89.69161520349697","0","0.0167695930060745","0.0167695930060745","D:\KLARFExport\_ArgosReview\C15RUN1\i\PST_BREAK_BARE_Lot_62625-907_POST_20260714_7ea88848bc\back_notch","D:\KLARFExport\_ArgosReview\C15RUN2\i\PST_BREAK_BARE_Lot_62625-907_POST_20260714_7ea88848bc\back_notch"
"PST_BREAK_BARE\Lot_62625-907_POST_20260714155300\62625-907_POST_20260714155300\Slot18|BACK","SAME_PASS","PASS_REVIEW_ONLY_UNIQUE_BACK_BF_DF_NOTCH","PASS_REVIEW_ONLY_UNIQUE_BACK_BF_DF_NOTCH","89.61707294821728","89.61707294821728","0","0.03414589643460886","0.03414589643460886","D:\KLARFExport\_ArgosReview\C15RUN1\i\PST_BREAK_BARE_Lot_62625-907_POST_20260714_59d8258e4f\back_notch","D:\KLARFExport\_ArgosReview\C15RUN2\i\PST_BREAK_BARE_Lot_62625-907_POST_20260714_59d8258e4f\back_notch"
"PST_BREAK_BARE\Lot_62625-907_POST_20260714155300\62625-907_POST_20260714155300\Slot20|BACK","SAME_PASS","PASS_REVIEW_ONLY_UNIQUE_BACK_BF_DF_NOTCH","PASS_REVIEW_ONLY_UNIQUE_BACK_BF_DF_NOTCH","89.70008473753627","89.70008473753627","0","0.00016947507251074967","0.00016947507251074967","D:\KLARFExport\_ArgosReview\C15RUN1\i\PST_BREAK_BARE_Lot_62625-907_POST_20260714_c4b08f4750\back_notch","D:\KLARFExport\_ArgosReview\C15RUN2\i\PST_BREAK_BARE_Lot_62625-907_POST_20260714_c4b08f4750\back_notch"
"PST_BREAK_BARE\Lot_62625-907_POST_20260714155300\62625-907_POST_20260714155300\Slot22|BACK","SAME_PASS","PASS_REVIEW_ONLY_UNIQUE_BACK_BF_DF_NOTCH","PASS_REVIEW_ONLY_UNIQUE_BACK_BF_DF_NOTCH","89.59615283067926","89.59615283067926","0","0.0076943386414995985","0.0076943386414995985","D:\KLARFExport\_ArgosReview\C15RUN1\i\PST_BREAK_BARE_Lot_62625-907_POST_20260714_5f6c253331\back_notch","D:\KLARFExport\_ArgosReview\C15RUN2\i\PST_BREAK_BARE_Lot_62625-907_POST_20260714_5f6c253331\back_notch"
"PST_BREAK_BARE\Lot_62625-907_PRE\62625-907_PRE\Slot04|BACK","SAME_PASS","PASS_REVIEW_ONLY_UNIQUE_BACK_BF_DF_NOTCH","PASS_REVIEW_ONLY_UNIQUE_BACK_BF_DF_NOTCH","90.10440331345715","90.10440331345715","0","0.008806626914235949","0.008806626914235949","D:\KLARFExport\_ArgosReview\C15RUN1\i\PST_BREAK_BARE_Lot_62625-907_PRE_62625-907_6bf6f73bcb\back_notch","D:\KLARFExport\_ArgosReview\C15RUN2\i\PST_BREAK_BARE_Lot_62625-907_PRE_62625-907_6bf6f73bcb\back_notch"
"PST_BREAK_BARE\Lot_62625-907_PRE\62625-907_PRE\Slot10|BACK","SAME_PASS","PASS_REVIEW_ONLY_UNIQUE_BACK_BF_DF_NOTCH","PASS_REVIEW_ONLY_UNIQUE_BACK_BF_DF_NOTCH","89.818567913339","89.818567913339","0","0.037135826677911155","0.037135826677911155","D:\KLARFExport\_ArgosReview\C15RUN1\i\PST_BREAK_BARE_Lot_62625-907_PRE_62625-907_15d8292d14\back_notch","D:\KLARFExport\_ArgosReview\C15RUN2\i\PST_BREAK_BARE_Lot_62625-907_PRE_62625-907_15d8292d14\back_notch"
"PST_BREAK_BARE\Lot_62625-907_PRE\62625-907_PRE\Slot12|BACK","SAME_PASS","PASS_REVIEW_ONLY_UNIQUE_BACK_BF_DF_NOTCH","PASS_REVIEW_ONLY_UNIQUE_BACK_BF_DF_NOTCH","90.17690111468347","90.17690111468347","0","0.046197770633000346","0.046197770633000346","D:\KLARFExport\_ArgosReview\C15RUN1\i\PST_BREAK_BARE_Lot_62625-907_PRE_62625-907_5ee92a7d7c\back_notch","D:\KLARFExport\_ArgosReview\C15RUN2\i\PST_BREAK_BARE_Lot_62625-907_PRE_62625-907_5ee92a7d7c\back_notch"
"PST_BREAK_BARE\Lot_62625-907_PRE\62625-907_PRE\Slot14|BACK","SAME_PASS","PASS_REVIEW_ONLY_UNIQUE_BACK_BF_DF_NOTCH","PASS_REVIEW_ONLY_UNIQUE_BACK_BF_DF_NOTCH","43.124054283663966","43.124054283663966","0","0.1518914326721017","0.1518914326721017","D:\KLARFExport\_ArgosReview\C15RUN1\i\PST_BREAK_BARE_Lot_62625-907_PRE_62625-907_ccbe4ebf62\back_notch","D:\KLARFExport\_ArgosReview\C15RUN2\i\PST_BREAK_BARE_Lot_62625-907_PRE_62625-907_ccbe4ebf62\back_notch"
"PST_BREAK_BARE\Lot_62625-907_PRE\62625-907_PRE\Slot18|BACK","SAME_PASS","PASS_REVIEW_ONLY_UNIQUE_BACK_BF_DF_NOTCH","PASS_REVIEW_ONLY_UNIQUE_BACK_BF_DF_NOTCH","89.80227847361635","89.80227847361635","0","0.0045569472326860705","0.0045569472326860705","D:\KLARFExport\_ArgosReview\C15RUN1\i\PST_BREAK_BARE_Lot_62625-907_PRE_62625-907_ca3e8c6400\back_notch","D:\KLARFExport\_ArgosReview\C15RUN2\i\PST_BREAK_BARE_Lot_62625-907_PRE_62625-907_ca3e8c6400\back_notch"
"PST_BREAK_BARE\Lot_62625-907_PRE\62625-907_PRE\Slot20|BACK","SAME_PASS","PASS_REVIEW_ONLY_UNIQUE_BACK_BF_DF_NOTCH","PASS_REVIEW_ONLY_UNIQUE_BACK_BF_DF_NOTCH","95.32740877826302","95.32740877826302","0","0.054817556526074895","0.054817556526074895","D:\KLARFExport\_ArgosReview\C15RUN1\i\PST_BREAK_BARE_Lot_62625-907_PRE_62625-907_c5065e7170\back_notch","D:\KLARFExport\_ArgosReview\C15RUN2\i\PST_BREAK_BARE_Lot_62625-907_PRE_62625-907_c5065e7170\back_notch"
"PST_BREAK_DIELECTRIC\Lot_62618-252_20260715115352\62618-252_20260715115352\Slot01|BACK","SAME_PASS","PASS_REVIEW_ONLY_UNIQUE_BACK_BF_DF_NOTCH","PASS_REVIEW_ONLY_UNIQUE_BACK_BF_DF_NOTCH","90.08710958539835","90.08710958539835","0","0.025780829203256417","0.025780829203256417","D:\KLARFExport\_ArgosReview\C15RUN1\i\PST_BREAK_DIELECTRIC_Lot_62618-252_2026071_e7f6c0e813\back_notch","D:\KLARFExport\_ArgosReview\C15RUN2\i\PST_BREAK_DIELECTRIC_Lot_62618-252_2026071_e7f6c0e813\back_notch"
"PST_BREAK_DIELECTRIC\Lot_62618-252_20260715115352\62618-252_20260715115352\Slot02|BACK","SAME_PASS","PASS_REVIEW_ONLY_UNIQUE_BACK_BF_DF_NOTCH","PASS_REVIEW_ONLY_UNIQUE_BACK_BF_DF_NOTCH","89.98307178919532","89.98307178919532","0","0.03385642160935731","0.03385642160935731","D:\KLARFExport\_ArgosReview\C15RUN1\i\PST_BREAK_DIELECTRIC_Lot_62618-252_2026071_696fb30126\back_notch","D:\KLARFExport\_ArgosReview\C15RUN2\i\PST_BREAK_DIELECTRIC_Lot_62618-252_2026071_696fb30126\back_notch"
"PST_BREAK_DIELECTRIC\Lot_62618-252_20260715115352\62618-252_20260715115352\Slot03|BACK","SAME_PASS","PASS_REVIEW_ONLY_UNIQUE_BACK_BF_DF_NOTCH","PASS_REVIEW_ONLY_UNIQUE_BACK_BF_DF_NOTCH","89.98466515724618","89.98466515724618","0","0.030669685507632494","0.030669685507632494","D:\KLARFExport\_ArgosReview\C15RUN1\i\PST_BREAK_DIELECTRIC_Lot_62618-252_2026071_14c3228104\back_notch","D:\KLARFExport\_ArgosReview\C15RUN2\i\PST_BREAK_DIELECTRIC_Lot_62618-252_2026071_14c3228104\back_notch"
"PST_BREAK_DIELECTRIC\Lot_62618-252_20260715115352\62618-252_20260715115352\Slot04|BACK","SAME_PASS","PASS_REVIEW_ONLY_UNIQUE_BACK_BF_DF_NOTCH","PASS_REVIEW_ONLY_UNIQUE_BACK_BF_DF_NOTCH","90.08172213308403","90.08172213308403","0","0.036555733831988846","0.036555733831988846","D:\KLARFExport\_ArgosReview\C15RUN1\i\PST_BREAK_DIELECTRIC_Lot_62618-252_2026071_aa82b57b99\back_notch","D:\KLARFExport\_ArgosReview\C15RUN2\i\PST_BREAK_DIELECTRIC_Lot_62618-252_2026071_aa82b57b99\back_notch"
"PST_BREAK_DIELECTRIC\Lot_62618-252_20260715115352\62618-252_20260715115352\Slot05|BACK","SAME_PASS","PASS_REVIEW_ONLY_UNIQUE_BACK_BF_DF_NOTCH","PASS_REVIEW_ONLY_UNIQUE_BACK_BF_DF_NOTCH","89.98074965929874","89.98074965929874","0","0.038500681402524606","0.038500681402524606","D:\KLARFExport\_ArgosReview\C15RUN1\i\PST_BREAK_DIELECTRIC_Lot_62618-252_2026071_3a1eecf393\back_notch","D:\KLARFExport\_ArgosReview\C15RUN2\i\PST_BREAK_DIELECTRIC_Lot_62618-252_2026071_3a1eecf393\back_notch"
"PST_BREAK_DIELECTRIC\Lot_62618-252_20260715115352\62618-252_20260715115352\Slot06|BACK","SAME_PASS","PASS_REVIEW_ONLY_UNIQUE_BACK_BF_DF_NOTCH","PASS_REVIEW_ONLY_UNIQUE_BACK_BF_DF_NOTCH","90.0083850988567","90.0083850988567","0","0.016770197713356083","0.016770197713356083","D:\KLARFExport\_ArgosReview\C15RUN1\i\PST_BREAK_DIELECTRIC_Lot_62618-252_2026071_0f5f7756fc\back_notch","D:\KLARFExport\_ArgosReview\C15RUN2\i\PST_BREAK_DIELECTRIC_Lot_62618-252_2026071_0f5f7756fc\back_notch"
"PST_BREAK_DIELECTRIC\Lot_62618-252_20260715115352\62618-252_20260715115352\Slot07|BACK","SAME_PASS","PASS_REVIEW_ONLY_UNIQUE_BACK_BF_DF_NOTCH","PASS_REVIEW_ONLY_UNIQUE_BACK_BF_DF_NOTCH","90.0226242840289","90.0226242840289","0","0.045248568057843386","0.045248568057843386","D:\KLARFExport\_ArgosReview\C15RUN1\i\PST_BREAK_DIELECTRIC_Lot_62618-252_2026071_2340eef11f\back_notch","D:\KLARFExport\_ArgosReview\C15RUN2\i\PST_BREAK_DIELECTRIC_Lot_62618-252_2026071_2340eef11f\back_notch"
"PST_BREAK_DIELECTRIC\Lot_62618-252_20260715115352\62618-252_20260715115352\Slot08|BACK","SAME_PASS","PASS_REVIEW_ONLY_UNIQUE_BACK_BF_DF_NOTCH","PASS_REVIEW_ONLY_UNIQUE_BACK_BF_DF_NOTCH","89.9113066876233","89.9113066876233","0","0.02261337524655005","0.02261337524655005","D:\KLARFExport\_ArgosReview\C15RUN1\i\PST_BREAK_DIELECTRIC_Lot_62618-252_2026071_594c574956\back_notch","D:\KLARFExport\_ArgosReview\C15RUN2\i\PST_BREAK_DIELECTRIC_Lot_62618-252_2026071_594c574956\back_notch"
"PST_BREAK_DIELECTRIC\Lot_62618-252_20260715115352\62618-252_20260715115352\Slot09|BACK","SAME_PASS","PASS_REVIEW_ONLY_UNIQUE_BACK_BF_DF_NOTCH","PASS_REVIEW_ONLY_UNIQUE_BACK_BF_DF_NOTCH","89.91147868127112","89.91147868127112","0","0.022957362542285864","0.022957362542285864","D:\KLARFExport\_ArgosReview\C15RUN1\i\PST_BREAK_DIELECTRIC_Lot_62618-252_2026071_ec45501d95\back_notch","D:\KLARFExport\_ArgosReview\C15RUN2\i\PST_BREAK_DIELECTRIC_Lot_62618-252_2026071_ec45501d95\back_notch"
"PST_BREAK_DIELECTRIC\Lot_62618-252_20260715115352\62618-252_20260715115352\Slot10|BACK","SAME_PASS","PASS_REVIEW_ONLY_UNIQUE_BACK_BF_DF_NOTCH","PASS_REVIEW_ONLY_UNIQUE_BACK_BF_DF_NOTCH","89.90843398421171","89.90843398421171","0","0.01686796842335525","0.01686796842335525","D:\KLARFExport\_ArgosReview\C15RUN1\i\PST_BREAK_DIELECTRIC_Lot_62618-252_2026071_e0710e8645\back_notch","D:\KLARFExport\_ArgosReview\C15RUN2\i\PST_BREAK_DIELECTRIC_Lot_62618-252_2026071_e0710e8645\back_notch"
"PST_BREAK_DIELECTRIC\Lot_62624-866_20260715121335\62624-866_20260715121335\Slot01|BACK","SAME_PASS","PASS_REVIEW_ONLY_UNIQUE_BACK_BF_DF_NOTCH","PASS_REVIEW_ONLY_UNIQUE_BACK_BF_DF_NOTCH","89.87714353090726","89.87714353090726","0","0.04571293818548838","0.04571293818548838","D:\KLARFExport\_ArgosReview\C15RUN1\i\PST_BREAK_DIELECTRIC_Lot_62624-866_2026071_659c0cc68b\back_notch","D:\KLARFExport\_ArgosReview\C15RUN2\i\PST_BREAK_DIELECTRIC_Lot_62624-866_2026071_659c0cc68b\back_notch"
"PST_BREAK_DIELECTRIC\Lot_62624-866_20260715121335\62624-866_20260715121335\Slot02|BACK","SAME_PASS","PASS_REVIEW_ONLY_UNIQUE_BACK_BF_DF_NOTCH","PASS_REVIEW_ONLY_UNIQUE_BACK_BF_DF_NOTCH","89.9108141279942","89.9108141279942","0","0.021628255988332512","0.021628255988332512","D:\KLARFExport\_ArgosReview\C15RUN1\i\PST_BREAK_DIELECTRIC_Lot_62624-866_2026071_1d8965a3d3\back_notch","D:\KLARFExport\_ArgosReview\C15RUN2\i\PST_BREAK_DIELECTRIC_Lot_62624-866_2026071_1d8965a3d3\back_notch"
"PST_BREAK_DIELECTRIC\Lot_62624-866_20260715121335\62624-866_20260715121335\Slot03|BACK","SAME_PASS","PASS_REVIEW_ONLY_UNIQUE_BACK_BF_DF_NOTCH","PASS_REVIEW_ONLY_UNIQUE_BACK_BF_DF_NOTCH","89.90186505164681","89.90186505164681","0","0.0037301032936341016","0.0037301032936341016","D:\KLARFExport\_ArgosReview\C15RUN1\i\PST_BREAK_DIELECTRIC_Lot_62624-866_2026071_2050e3024e\back_notch","D:\KLARFExport\_ArgosReview\C15RUN2\i\PST_BREAK_DIELECTRIC_Lot_62624-866_2026071_2050e3024e\back_notch"
"PST_BREAK_DIELECTRIC\Lot_62624-866_20260715121335\62624-866_20260715121335\Slot04|BACK","SAME_PASS","PASS_REVIEW_ONLY_UNIQUE_BACK_BF_DF_NOTCH","PASS_REVIEW_ONLY_UNIQUE_BACK_BF_DF_NOTCH","89.89770466180008","89.89770466180008","0","0.004590676399828908","0.004590676399828908","D:\KLARFExport\_ArgosReview\C15RUN1\i\PST_BREAK_DIELECTRIC_Lot_62624-866_2026071_f7a3bd1566\back_notch","D:\KLARFExport\_ArgosReview\C15RUN2\i\PST_BREAK_DIELECTRIC_Lot_62624-866_2026071_f7a3bd1566\back_notch"
"PST_BREAK_DIELECTRIC\Lot_62624-866_20260715121335\62624-866_20260715121335\Slot05|BACK","SAME_PASS","PASS_REVIEW_ONLY_UNIQUE_BACK_BF_DF_NOTCH","PASS_REVIEW_ONLY_UNIQUE_BACK_BF_DF_NOTCH","89.82537630752921","89.82537630752921","0","0.050752615058343054","0.050752615058343054","D:\KLARFExport\_ArgosReview\C15RUN1\i\PST_BREAK_DIELECTRIC_Lot_62624-866_2026071_2f51cd618c\back_notch","D:\KLARFExport\_ArgosReview\C15RUN2\i\PST_BREAK_DIELECTRIC_Lot_62624-866_2026071_2f51cd618c\back_notch"
"PST_BREAK_DIELECTRIC\Lot_62624-866_20260715121335\62624-866_20260715121335\Slot06|BACK","SAME_PASS","PASS_REVIEW_ONLY_UNIQUE_BACK_BF_DF_NOTCH","PASS_REVIEW_ONLY_UNIQUE_BACK_BF_DF_NOTCH","89.81299649397312","89.81299649397312","0","0.02599298794618221","0.02599298794618221","D:\KLARFExport\_ArgosReview\C15RUN1\i\PST_BREAK_DIELECTRIC_Lot_62624-866_2026071_659e1f0890\back_notch","D:\KLARFExport\_ArgosReview\C15RUN2\i\PST_BREAK_DIELECTRIC_Lot_62624-866_2026071_659e1f0890\back_notch"
"PST_BREAK_DIELECTRIC\Lot_62624-866_20260715121335\62624-866_20260715121335\Slot07|BACK","SAME_PASS","PASS_REVIEW_ONLY_UNIQUE_BACK_BF_DF_NOTCH","PASS_REVIEW_ONLY_UNIQUE_BACK_BF_DF_NOTCH","89.89071899077808","89.89071899077808","0","0.018562018443901707","0.018562018443901707","D:\KLARFExport\_ArgosReview\C15RUN1\i\PST_BREAK_DIELECTRIC_Lot_62624-866_2026071_3de5eb8254\back_notch","D:\KLARFExport\_ArgosReview\C15RUN2\i\PST_BREAK_DIELECTRIC_Lot_62624-866_2026071_3de5eb8254\back_notch"
"PST_BREAK_DIELECTRIC\Lot_62624-866_20260715121335\62624-866_20260715121335\Slot08|BACK","SAME_PASS","PASS_REVIEW_ONLY_UNIQUE_BACK_BF_DF_NOTCH","PASS_REVIEW_ONLY_UNIQUE_BACK_BF_DF_NOTCH","89.89652529813631","89.89652529813631","0","0.006949403727418257","0.006949403727418257","D:\KLARFExport\_ArgosReview\C15RUN1\i\PST_BREAK_DIELECTRIC_Lot_62624-866_2026071_bd2bd88c45\back_notch","D:\KLARFExport\_ArgosReview\C15RUN2\i\PST_BREAK_DIELECTRIC_Lot_62624-866_2026071_bd2bd88c45\back_notch"
"PST_BREAK_DIELECTRIC\Lot_62624-866_20260715121335\62624-866_20260715121335\Slot09|BACK","SAME_PASS","PASS_REVIEW_ONLY_UNIQUE_BACK_BF_DF_NOTCH","PASS_REVIEW_ONLY_UNIQUE_BACK_BF_DF_NOTCH","89.80672484019294","89.80672484019294","0","0.01344968038586103","0.01344968038586103","D:\KLARFExport\_ArgosReview\C15RUN1\i\PST_BREAK_DIELECTRIC_Lot_62624-866_2026071_4a8740f9df\back_notch","D:\KLARFExport\_ArgosReview\C15RUN2\i\PST_BREAK_DIELECTRIC_Lot_62624-866_2026071_4a8740f9df\back_notch"
"PST_BREAK_DIELECTRIC\Lot_62624-866_20260715121335\62624-866_20260715121335\Slot10|BACK","SAME_PASS","PASS_REVIEW_ONLY_UNIQUE_BACK_BF_DF_NOTCH","PASS_REVIEW_ONLY_UNIQUE_BACK_BF_DF_NOTCH","89.80125946732312","89.80125946732312","0","0.0025189346462184403","0.0025189346462184403","D:\KLARFExport\_ArgosReview\C15RUN1\i\PST_BREAK_DIELECTRIC_Lot_62624-866_2026071_f5e923119d\back_notch","D:\KLARFExport\_ArgosReview\C15RUN2\i\PST_BREAK_DIELECTRIC_Lot_62624-866_2026071_f5e923119d\back_notch"
"PST_BREAK_RESIST\Lot_62617-215D_20260715122804\62617-215D_20260715122804\Slot25|BACK","SAME_HOLD","HOLD_BACK_NOTCH_NOT_FOUND","HOLD_BACK_NOTCH_NOT_FOUND","","","","","","D:\KLARFExport\_ArgosReview\C15RUN1\i\PST_BREAK_RESIST_Lot_62617-215D_2026071512_d741e04641\back_notch","D:\KLARFExport\_ArgosReview\C15RUN2\i\PST_BREAK_RESIST_Lot_62617-215D_2026071512_d741e04641\back_notch"
"PST_BRK_PATTERNED_BOWCOMP\Lot_62622-656\62622-656_20260720172916\Slot02|BACK","SAME_PASS","PASS_REVIEW_ONLY_UNIQUE_BACK_BF_DF_NOTCH","PASS_REVIEW_ONLY_UNIQUE_BACK_BF_DF_NOTCH","89.70298741232098","89.70298741232098","0","0.005974824642009935","0.005974824642009935","D:\KLARFExport\_ArgosReview\C15RUN1\i\PST_BRK_PATTERNED_BOWCOMP_Lot_62622-656_62_3223a940e1\back_notch","D:\KLARFExport\_ArgosReview\C15RUN2\i\PST_BRK_PATTERNED_BOWCOMP_Lot_62622-656_62_3223a940e1\back_notch"
"PST_BRK_PATTERNED_BOWCOMP\Lot_62622-656\62622-656_20260720172916\Slot04|BACK","SAME_PASS","PASS_REVIEW_ONLY_UNIQUE_BACK_BF_DF_NOTCH","PASS_REVIEW_ONLY_UNIQUE_BACK_BF_DF_NOTCH","89.69144845268268","89.69144845268268","0","0.01710309463470594","0.01710309463470594","D:\KLARFExport\_ArgosReview\C15RUN1\i\PST_BRK_PATTERNED_BOWCOMP_Lot_62622-656_62_58b3240114\back_notch","D:\KLARFExport\_ArgosReview\C15RUN2\i\PST_BRK_PATTERNED_BOWCOMP_Lot_62622-656_62_58b3240114\back_notch"
"PST_BRK_PATTERNED_BOWCOMP\Lot_62622-656\62622-656_20260720172916\Slot06|BACK","SAME_PASS","PASS_REVIEW_ONLY_UNIQUE_BACK_BF_DF_NOTCH","PASS_REVIEW_ONLY_UNIQUE_BACK_BF_DF_NOTCH","89.79573335835124","89.79573335835124","0","0.008533283297538219","0.008533283297538219","D:\KLARFExport\_ArgosReview\C15RUN1\i\PST_BRK_PATTERNED_BOWCOMP_Lot_62622-656_62_c69230e1d8\back_notch","D:\KLARFExport\_ArgosReview\C15RUN2\i\PST_BRK_PATTERNED_BOWCOMP_Lot_62622-656_62_c69230e1d8\back_notch"
"PST_BRK_PATTERNED_BOWCOMP\Lot_62623-750\62623-750_20260720173522\Slot02|BACK","SAME_PASS","PASS_REVIEW_ONLY_UNIQUE_BACK_BF_DF_NOTCH","PASS_REVIEW_ONLY_UNIQUE_BACK_BF_DF_NOTCH","89.71496216040238","89.71496216040238","0","0.029924320804752824","0.029924320804752824","D:\KLARFExport\_ArgosReview\C15RUN1\i\PST_BRK_PATTERNED_BOWCOMP_Lot_62623-750_62_50263a566f\back_notch","D:\KLARFExport\_ArgosReview\C15RUN2\i\PST_BRK_PATTERNED_BOWCOMP_Lot_62623-750_62_50263a566f\back_notch"
"PST_BRK_PATTERNED_BOWCOMP\Lot_62623-750\62623-750_20260720173522\Slot04|BACK","SAME_PASS","PASS_REVIEW_ONLY_UNIQUE_BACK_BF_DF_NOTCH","PASS_REVIEW_ONLY_UNIQUE_BACK_BF_DF_NOTCH","89.78403682638321","89.78403682638321","0","0.03192634723359333","0.03192634723359333","D:\KLARFExport\_ArgosReview\C15RUN1\i\PST_BRK_PATTERNED_BOWCOMP_Lot_62623-750_62_b6b8d3ce08\back_notch","D:\KLARFExport\_ArgosReview\C15RUN2\i\PST_BRK_PATTERNED_BOWCOMP_Lot_62623-750_62_b6b8d3ce08\back_notch"
"PST_BRK_PATTERNED_BOWCOMP\Lot_62623-750\62623-750_20260720173522\Slot06|BACK","SAME_PASS","PASS_REVIEW_ONLY_UNIQUE_BACK_BF_DF_NOTCH","PASS_REVIEW_ONLY_UNIQUE_BACK_BF_DF_NOTCH","89.68645303256865","89.68645303256865","0","0.02709393486264844","0.02709393486264844","D:\KLARFExport\_ArgosReview\C15RUN1\i\PST_BRK_PATTERNED_BOWCOMP_Lot_62623-750_62_b78eb36fba\back_notch","D:\KLARFExport\_ArgosReview\C15RUN2\i\PST_BRK_PATTERNED_BOWCOMP_Lot_62623-750_62_b78eb36fba\back_notch"
"PST_BRK_PATTERNED_BOWCOMP\Lot_62624-803\62624-803_20260720171228\Slot02|BACK","SAME_HOLD","HOLD_BACK_NOTCH_NOT_FOUND","HOLD_BACK_NOTCH_NOT_FOUND","","","","","","D:\KLARFExport\_ArgosReview\C15RUN1\i\PST_BRK_PATTERNED_BOWCOMP_Lot_62624-803_62_77b695ed45\back_notch","D:\KLARFExport\_ArgosReview\C15RUN2\i\PST_BRK_PATTERNED_BOWCOMP_Lot_62624-803_62_77b695ed45\back_notch"
"PST_BRK_PATTERNED_BOWCOMP\Lot_62624-803\62624-803_20260720171228\Slot04|BACK","SAME_HOLD","HOLD_BACK_NOTCH_NOT_FOUND","HOLD_BACK_NOTCH_NOT_FOUND","","","","","","D:\KLARFExport\_ArgosReview\C15RUN1\i\PST_BRK_PATTERNED_BOWCOMP_Lot_62624-803_62_8981042acb\back_notch","D:\KLARFExport\_ArgosReview\C15RUN2\i\PST_BRK_PATTERNED_BOWCOMP_Lot_62624-803_62_8981042acb\back_notch"
"PST_BRK_PATTERNED_BOWCOMP\Lot_62624-803\62624-803_20260720171228\Slot06|BACK","SAME_PASS","PASS_REVIEW_ONLY_UNIQUE_BACK_BF_DF_NOTCH","PASS_REVIEW_ONLY_UNIQUE_BACK_BF_DF_NOTCH","89.79483973457323","89.79483973457323","0","0.21032053085355074","0.21032053085355074","D:\KLARFExport\_ArgosReview\C15RUN1\i\PST_BRK_PATTERNED_BOWCOMP_Lot_62624-803_62_4d8eeee7bc\back_notch","D:\KLARFExport\_ArgosReview\C15RUN2\i\PST_BRK_PATTERNED_BOWCOMP_Lot_62624-803_62_4d8eeee7bc\back_notch"
"PST_BRK_PATTERNED_BOWCOMP\Lot_62624-803\62624-803_20260720171228\Slot08|BACK","SAME_PASS","PASS_REVIEW_ONLY_UNIQUE_BACK_BF_DF_NOTCH","PASS_REVIEW_ONLY_UNIQUE_BACK_BF_DF_NOTCH","89.6986949688763","89.6986949688763","0","0.002610062247413225","0.002610062247413225","D:\KLARFExport\_ArgosReview\C15RUN1\i\PST_BRK_PATTERNED_BOWCOMP_Lot_62624-803_62_45a2b5e642\back_notch","D:\KLARFExport\_ArgosReview\C15RUN2\i\PST_BRK_PATTERNED_BOWCOMP_Lot_62624-803_62_45a2b5e642\back_notch"
"PST_BRK_PATTERNED_BOWCOMP\Lot_62624-803\62624-803_20260720171228\Slot10|BACK","SAME_HOLD","HOLD_BACK_NOTCH_NOT_FOUND","HOLD_BACK_NOTCH_NOT_FOUND","","","","","","D:\KLARFExport\_ArgosReview\C15RUN1\i\PST_BRK_PATTERNED_BOWCOMP_Lot_62624-803_62_e7613eadfe\back_notch","D:\KLARFExport\_ArgosReview\C15RUN2\i\PST_BRK_PATTERNED_BOWCOMP_Lot_62624-803_62_e7613eadfe\back_notch"
"PST_BRK_PATTERNED_BOWCOMP\Lot_62624-803\62624-803_20260720171228\Slot12|BACK","SAME_HOLD","HOLD_BACK_NOTCH_NOT_FOUND","HOLD_BACK_NOTCH_NOT_FOUND","","","","","","D:\KLARFExport\_ArgosReview\C15RUN1\i\PST_BRK_PATTERNED_BOWCOMP_Lot_62624-803_62_d3def30fb9\back_notch","D:\KLARFExport\_ArgosReview\C15RUN2\i\PST_BRK_PATTERNED_BOWCOMP_Lot_62624-803_62_d3def30fb9\back_notch"
"PST_BRK_PATTERNED_BOWCOMP\Lot_62624-803\62624-803_20260720171228\Slot14|BACK","SAME_HOLD","HOLD_BACK_NOTCH_NOT_FOUND","HOLD_BACK_NOTCH_NOT_FOUND","","","","","","D:\KLARFExport\_ArgosReview\C15RUN1\i\PST_BRK_PATTERNED_BOWCOMP_Lot_62624-803_62_ac844e6365\back_notch","D:\KLARFExport\_ArgosReview\C15RUN2\i\PST_BRK_PATTERNED_BOWCOMP_Lot_62624-803_62_ac844e6365\back_notch"
"PST_BRK_PATTERNED_BOWCOMP\Lot_62624-803\62624-803_20260720171228\Slot16|BACK","SAME_PASS","PASS_REVIEW_ONLY_UNIQUE_BACK_BF_DF_NOTCH","PASS_REVIEW_ONLY_UNIQUE_BACK_BF_DF_NOTCH","90.39315686439417","90.39315686439417","0","0.0136862712116681","0.0136862712116681","D:\KLARFExport\_ArgosReview\C15RUN1\i\PST_BRK_PATTERNED_BOWCOMP_Lot_62624-803_62_ed5b00e37b\back_notch","D:\KLARFExport\_ArgosReview\C15RUN2\i\PST_BRK_PATTERNED_BOWCOMP_Lot_62624-803_62_ed5b00e37b\back_notch"
"PST_BRK_PATTERNED_BOWCOMP\Lot_62624-803\62624-803_20260720171228\Slot18|BACK","SAME_PASS","PASS_REVIEW_ONLY_UNIQUE_BACK_BF_DF_NOTCH","PASS_REVIEW_ONLY_UNIQUE_BACK_BF_DF_NOTCH","90.36460785079399","90.36460785079399","0","0.070784298412093","0.070784298412093","D:\KLARFExport\_ArgosReview\C15RUN1\i\PST_BRK_PATTERNED_BOWCOMP_Lot_62624-803_62_5643a7bcc9\back_notch","D:\KLARFExport\_ArgosReview\C15RUN2\i\PST_BRK_PATTERNED_BOWCOMP_Lot_62624-803_62_5643a7bcc9\back_notch"
"PST_BRK_PATTERNED_BOWCOMP\Lot_62624-803\62624-803_20260720171228\Slot20|BACK","SAME_HOLD","HOLD_BACK_NOTCH_NOT_FOUND","HOLD_BACK_NOTCH_NOT_FOUND","","","","","","D:\KLARFExport\_ArgosReview\C15RUN1\i\PST_BRK_PATTERNED_BOWCOMP_Lot_62624-803_62_ae1f199942\back_notch","D:\KLARFExport\_ArgosReview\C15RUN2\i\PST_BRK_PATTERNED_BOWCOMP_Lot_62624-803_62_ae1f199942\back_notch"
"PST_BRK_PATTERNED_BOWCOMP\Lot_62624-855\62624-855_20260721120719\Slot01|BACK","SAME_PASS","PASS_REVIEW_ONLY_UNIQUE_BACK_BF_DF_NOTCH","PASS_REVIEW_ONLY_UNIQUE_BACK_BF_DF_NOTCH","89.71840361743052","89.71840361743052","0","0.03680723486104398","0.03680723486104398","D:\KLARFExport\_ArgosReview\C15RUN1\i\PST_BRK_PATTERNED_BOWCOMP_Lot_62624-855_62_13b4cadb3e\back_notch","D:\KLARFExport\_ArgosReview\C15RUN2\i\PST_BRK_PATTERNED_BOWCOMP_Lot_62624-855_62_13b4cadb3e\back_notch"
"PST_BRK_PATTERNED_BOWCOMP\Lot_62624-855\62624-855_20260721120719\Slot02|BACK","SAME_PASS","PASS_REVIEW_ONLY_UNIQUE_BACK_BF_DF_NOTCH","PASS_REVIEW_ONLY_UNIQUE_BACK_BF_DF_NOTCH","89.69768960372512","89.69768960372512","0","0.004620792549701491","0.004620792549701491","D:\KLARFExport\_ArgosReview\C15RUN1\i\PST_BRK_PATTERNED_BOWCOMP_Lot_62624-855_62_aa9043601b\back_notch","D:\KLARFExport\_ArgosReview\C15RUN2\i\PST_BRK_PATTERNED_BOWCOMP_Lot_62624-855_62_aa9043601b\back_notch"
"PST_BRK_PATTERNED_BOWCOMP\Lot_62624-855\62624-855_20260721120719\Slot03|BACK","SAME_PASS","PASS_REVIEW_ONLY_UNIQUE_BACK_BF_DF_NOTCH","PASS_REVIEW_ONLY_UNIQUE_BACK_BF_DF_NOTCH","90.02749217075831","90.02749217075831","0","0.05498434151658671","0.05498434151658671","D:\KLARFExport\_ArgosReview\C15RUN1\i\PST_BRK_PATTERNED_BOWCOMP_Lot_62624-855_62_15586cf2a6\back_notch","D:\KLARFExport\_ArgosReview\C15RUN2\i\PST_BRK_PATTERNED_BOWCOMP_Lot_62624-855_62_15586cf2a6\back_notch"
"PST_BRK_PATTERNED_BOWCOMP\Lot_62624-855\62624-855_20260721120719\Slot04|BACK","SAME_PASS","PASS_REVIEW_ONLY_UNIQUE_BACK_BF_DF_NOTCH","PASS_REVIEW_ONLY_UNIQUE_BACK_BF_DF_NOTCH","89.70474989841388","89.70474989841388","0","0.009499796827697082","0.009499796827697082","D:\KLARFExport\_ArgosReview\C15RUN1\i\PST_BRK_PATTERNED_BOWCOMP_Lot_62624-855_62_e299d5eabf\back_notch","D:\KLARFExport\_ArgosReview\C15RUN2\i\PST_BRK_PATTERNED_BOWCOMP_Lot_62624-855_62_e299d5eabf\back_notch"
"PST_BRK_PATTERNED_BOWCOMP\Lot_62624-855\62624-855_20260721120719\Slot05|BACK","SAME_PASS","PASS_REVIEW_ONLY_UNIQUE_BACK_BF_DF_NOTCH","PASS_REVIEW_ONLY_UNIQUE_BACK_BF_DF_NOTCH","89.38630222751445","89.38630222751445","0","0.02739554497111385","0.02739554497111385","D:\KLARFExport\_ArgosReview\C15RUN1\i\PST_BRK_PATTERNED_BOWCOMP_Lot_62624-855_62_0e66b4b19a\back_notch","D:\KLARFExport\_ArgosReview\C15RUN2\i\PST_BRK_PATTERNED_BOWCOMP_Lot_62624-855_62_0e66b4b19a\back_notch"
"PST_BRK_PATTERNED_BOWCOMP\Lot_62624-855\62624-855_20260721120719\Slot06|BACK","SAME_PASS","PASS_REVIEW_ONLY_UNIQUE_BACK_BF_DF_NOTCH","PASS_REVIEW_ONLY_UNIQUE_BACK_BF_DF_NOTCH","90.18908844046753","90.18908844046753","0","0.021823119064947605","0.021823119064947605","D:\KLARFExport\_ArgosReview\C15RUN1\i\PST_BRK_PATTERNED_BOWCOMP_Lot_62624-855_62_272bd0ce2c\back_notch","D:\KLARFExport\_ArgosReview\C15RUN2\i\PST_BRK_PATTERNED_BOWCOMP_Lot_62624-855_62_272bd0ce2c\back_notch"
"PST_BRK_PATTERNED_BOWCOMP\Lot_62624-855\62624-855_20260721120719\Slot07|BACK","SAME_PASS","PASS_REVIEW_ONLY_UNIQUE_BACK_BF_DF_NOTCH","PASS_REVIEW_ONLY_UNIQUE_BACK_BF_DF_NOTCH","89.69648780027235","89.69648780027235","0","0.007024399455303865","0.007024399455303865","D:\KLARFExport\_ArgosReview\C15RUN1\i\PST_BRK_PATTERNED_BOWCOMP_Lot_62624-855_62_0dd985702d\back_notch","D:\KLARFExport\_ArgosReview\C15RUN2\i\PST_BRK_PATTERNED_BOWCOMP_Lot_62624-855_62_0dd985702d\back_notch"
"PST_BRK_PATTERNED_BOWCOMP\Lot_62624-855\62624-855_20260721120719\Slot08|BACK","SAME_PASS","PASS_REVIEW_ONLY_UNIQUE_BACK_BF_DF_NOTCH","PASS_REVIEW_ONLY_UNIQUE_BACK_BF_DF_NOTCH","89.70562731709346","89.70562731709346","0","0.01125463418688355","0.01125463418688355","D:\KLARFExport\_ArgosReview\C15RUN1\i\PST_BRK_PATTERNED_BOWCOMP_Lot_62624-855_62_a5bc7da364\back_notch","D:\KLARFExport\_ArgosReview\C15RUN2\i\PST_BRK_PATTERNED_BOWCOMP_Lot_62624-855_62_a5bc7da364\back_notch"
"PST_BRK_PATTERNED_BOWCOMP\Lot_62624-855\62624-855_20260721120719\Slot09|BACK","SAME_PASS","PASS_REVIEW_ONLY_UNIQUE_BACK_BF_DF_NOTCH","PASS_REVIEW_ONLY_UNIQUE_BACK_BF_DF_NOTCH","89.69036641002658","89.69036641002658","0","0.019267179946837132","0.019267179946837132","D:\KLARFExport\_ArgosReview\C15RUN1\i\PST_BRK_PATTERNED_BOWCOMP_Lot_62624-855_62_ecdc2a85db\back_notch","D:\KLARFExport\_ArgosReview\C15RUN2\i\PST_BRK_PATTERNED_BOWCOMP_Lot_62624-855_62_ecdc2a85db\back_notch"
"PST_BRKFULLMETAL_BOWCOMP\Lot_62623-743\62623-743_20260720111120\Slot02|BACK","SAME_PASS","PASS_REVIEW_ONLY_UNIQUE_BACK_BF_DF_NOTCH","PASS_REVIEW_ONLY_UNIQUE_BACK_BF_DF_NOTCH","89.85632701609359","89.85632701609359","0","0.11265403218715164","0.11265403218715164","D:\KLARFExport\_ArgosReview\C15RUN1\i\PST_BRKFULLMETAL_BOWCOMP_Lot_62623-743_626_8bac5d53aa\back_notch","D:\KLARFExport\_ArgosReview\C15RUN2\i\PST_BRKFULLMETAL_BOWCOMP_Lot_62623-743_626_8bac5d53aa\back_notch"
"PST_BRKFULLMETAL_BOWCOMP\Lot_62623-743\62623-743_20260720111120\Slot04|BACK","SAME_PASS","PASS_REVIEW_ONLY_UNIQUE_BACK_BF_DF_NOTCH","PASS_REVIEW_ONLY_UNIQUE_BACK_BF_DF_NOTCH","89.86559469350524","89.86559469350524","0","0.06881061298952318","0.06881061298952318","D:\KLARFExport\_ArgosReview\C15RUN1\i\PST_BRKFULLMETAL_BOWCOMP_Lot_62623-743_626_263393c455\back_notch","D:\KLARFExport\_ArgosReview\C15RUN2\i\PST_BRKFULLMETAL_BOWCOMP_Lot_62623-743_626_263393c455\back_notch"
"PST_BRKFULLMETAL_BOWCOMP\Lot_62624-803\62624-803_20260720153252\Slot14|BACK","SAME_HOLD","HOLD_BACK_NOTCH_NOT_FOUND","HOLD_BACK_NOTCH_NOT_FOUND","","","","","","D:\KLARFExport\_ArgosReview\C15RUN1\i\PST_BRKFULLMETAL_BOWCOMP_Lot_62624-803_626_75c1ebb0a5\back_notch","D:\KLARFExport\_ArgosReview\C15RUN2\i\PST_BRKFULLMETAL_BOWCOMP_Lot_62624-803_626_75c1ebb0a5\back_notch"
"PST_BRKFULLMETAL_BOWCOMP\Lot_62624-803\62624-803_20260720153252\Slot16|BACK","SAME_PASS","PASS_REVIEW_ONLY_UNIQUE_BACK_BF_DF_NOTCH","PASS_REVIEW_ONLY_UNIQUE_BACK_BF_DF_NOTCH","90.30090529110169","90.30090529110169","0","0.0018105822033476215","0.0018105822033476215","D:\KLARFExport\_ArgosReview\C15RUN1\i\PST_BRKFULLMETAL_BOWCOMP_Lot_62624-803_626_281a445dec\back_notch","D:\KLARFExport\_ArgosReview\C15RUN2\i\PST_BRKFULLMETAL_BOWCOMP_Lot_62624-803_626_281a445dec\back_notch"
"PST_BRKFULLMETAL_BOWCOMP\Lot_62624-803\62624-803_20260720153252\Slot18|BACK","SAME_PASS","PASS_REVIEW_ONLY_UNIQUE_BACK_BF_DF_NOTCH","PASS_REVIEW_ONLY_UNIQUE_BACK_BF_DF_NOTCH","90.38187602651774","90.38187602651774","0","0.036247946964579114","0.036247946964579114","D:\KLARFExport\_ArgosReview\C15RUN1\i\PST_BRKFULLMETAL_BOWCOMP_Lot_62624-803_626_1d34f81167\back_notch","D:\KLARFExport\_ArgosReview\C15RUN2\i\PST_BRKFULLMETAL_BOWCOMP_Lot_62624-803_626_1d34f81167\back_notch"
"PST_BRKFULLMETAL_BOWCOMP\Lot_62624-803\62624-803_20260720153252\Slot20|BACK","SAME_HOLD","HOLD_BACK_NOTCH_NOT_FOUND","HOLD_BACK_NOTCH_NOT_FOUND","","","","","","D:\KLARFExport\_ArgosReview\C15RUN1\i\PST_BRKFULLMETAL_BOWCOMP_Lot_62624-803_626_ebf591a01e\back_notch","D:\KLARFExport\_ArgosReview\C15RUN2\i\PST_BRKFULLMETAL_BOWCOMP_Lot_62624-803_626_ebf591a01e\back_notch"
"PST_BRKFULLMETAL_BOWCOMP\Lot_62624-869\62624-869_20260720115731\Slot02|BACK","SAME_PASS","PASS_REVIEW_ONLY_UNIQUE_BACK_BF_DF_NOTCH","PASS_REVIEW_ONLY_UNIQUE_BACK_BF_DF_NOTCH","89.90052295635999","89.90052295635999","0","0.0010459127199453633","0.0010459127199453633","D:\KLARFExport\_ArgosReview\C15RUN1\i\PST_BRKFULLMETAL_BOWCOMP_Lot_62624-869_626_0bd7c05ee0\back_notch","D:\KLARFExport\_ArgosReview\C15RUN2\i\PST_BRKFULLMETAL_BOWCOMP_Lot_62624-869_626_0bd7c05ee0\back_notch"
"PST_BRKFULLMETAL_BOWCOMP\Lot_62624-869\62624-869_20260720115731\Slot04|BACK","SAME_PASS","PASS_REVIEW_ONLY_UNIQUE_BACK_BF_DF_NOTCH","PASS_REVIEW_ONLY_UNIQUE_BACK_BF_DF_NOTCH","89.98697745122092","89.98697745122092","0","0.02604509755818185","0.02604509755818185","D:\KLARFExport\_ArgosReview\C15RUN1\i\PST_BRKFULLMETAL_BOWCOMP_Lot_62624-869_626_a4414351c3\back_notch","D:\KLARFExport\_ArgosReview\C15RUN2\i\PST_BRKFULLMETAL_BOWCOMP_Lot_62624-869_626_a4414351c3\back_notch"
"PST_BRKFULLMETAL_BOWCOMP\Lot_62624-869\62624-869_20260720115731\Slot06|BACK","SAME_PASS","PASS_REVIEW_ONLY_UNIQUE_BACK_BF_DF_NOTCH","PASS_REVIEW_ONLY_UNIQUE_BACK_BF_DF_NOTCH","89.89588312476812","89.89588312476812","0","0.008233750463773504","0.008233750463773504","D:\KLARFExport\_ArgosReview\C15RUN1\i\PST_BRKFULLMETAL_BOWCOMP_Lot_62624-869_626_ff56a52a97\back_notch","D:\KLARFExport\_ArgosReview\C15RUN2\i\PST_BRKFULLMETAL_BOWCOMP_Lot_62624-869_626_ff56a52a97\back_notch"
"PST_BRKFULLMETAL_BOWCOMP\Lot_62624-869\62624-869_20260720115731\Slot08|BACK","SAME_PASS","PASS_REVIEW_ONLY_UNIQUE_BACK_BF_DF_NOTCH","PASS_REVIEW_ONLY_UNIQUE_BACK_BF_DF_NOTCH","89.92225673349193","89.92225673349193","0","0.04451346698385805","0.04451346698385805","D:\KLARFExport\_ArgosReview\C15RUN1\i\PST_BRKFULLMETAL_BOWCOMP_Lot_62624-869_626_f0b5e93e38\back_notch","D:\KLARFExport\_ArgosReview\C15RUN2\i\PST_BRKFULLMETAL_BOWCOMP_Lot_62624-869_626_f0b5e93e38\back_notch"
"PST_BRKFULLMETAL_BOWCOMP\Lot_62624-869\62624-869_20260720115731\Slot10|BACK","SAME_PASS","PASS_REVIEW_ONLY_UNIQUE_BACK_BF_DF_NOTCH","PASS_REVIEW_ONLY_UNIQUE_BACK_BF_DF_NOTCH","90.0142531686347","90.0142531686347","0","0.028506337269391224","0.028506337269391224","D:\KLARFExport\_ArgosReview\C15RUN1\i\PST_BRKFULLMETAL_BOWCOMP_Lot_62624-869_626_d8ba416b8a\back_notch","D:\KLARFExport\_ArgosReview\C15RUN2\i\PST_BRKFULLMETAL_BOWCOMP_Lot_62624-869_626_d8ba416b8a\back_notch"
"PST_BRKFULLMETAL_BOWCOMP\Lot_62624-869\62624-869_20260720115731\Slot12|BACK","SAME_PASS","PASS_REVIEW_ONLY_UNIQUE_BACK_BF_DF_NOTCH","PASS_REVIEW_ONLY_UNIQUE_BACK_BF_DF_NOTCH","89.81973479224303","89.81973479224303","0","0.039469584485971154","0.039469584485971154","D:\KLARFExport\_ArgosReview\C15RUN1\i\PST_BRKFULLMETAL_BOWCOMP_Lot_62624-869_626_02c1429172\back_notch","D:\KLARFExport\_ArgosReview\C15RUN2\i\PST_BRKFULLMETAL_BOWCOMP_Lot_62624-869_626_02c1429172\back_notch"
"PST_BRKFULLMETAL_BOWCOMP\Lot_62624-869\62624-869_20260720115731\Slot14|BACK","SAME_PASS","PASS_REVIEW_ONLY_UNIQUE_BACK_BF_DF_NOTCH","PASS_REVIEW_ONLY_UNIQUE_BACK_BF_DF_NOTCH","89.92126691144998","89.92126691144998","0","0.04253382289999763","0.04253382289999763","D:\KLARFExport\_ArgosReview\C15RUN1\i\PST_BRKFULLMETAL_BOWCOMP_Lot_62624-869_626_17eb07fca1\back_notch","D:\KLARFExport\_ArgosReview\C15RUN2\i\PST_BRKFULLMETAL_BOWCOMP_Lot_62624-869_626_17eb07fca1\back_notch"
"PST_BRKFULLMETAL_BOWCOMP\Lot_62624-869\62624-869_20260720115731\Slot16|BACK","SAME_PASS","PASS_REVIEW_ONLY_UNIQUE_BACK_BF_DF_NOTCH","PASS_REVIEW_ONLY_UNIQUE_BACK_BF_DF_NOTCH","89.92816632680902","89.92816632680902","0","0.05633265361808526","0.05633265361808526","D:\KLARFExport\_ArgosReview\C15RUN1\i\PST_BRKFULLMETAL_BOWCOMP_Lot_62624-869_626_393afc1378\back_notch","D:\KLARFExport\_ArgosReview\C15RUN2\i\PST_BRKFULLMETAL_BOWCOMP_Lot_62624-869_626_393afc1378\back_notch"
"PST_BRKFULLMETAL_BOWCOMP\Lot_62624-869\62624-869_20260720115731\Slot18|BACK","SAME_PASS","PASS_REVIEW_ONLY_UNIQUE_BACK_BF_DF_NOTCH","PASS_REVIEW_ONLY_UNIQUE_BACK_BF_DF_NOTCH","89.91502692618033","89.91502692618033","0","0.030053852360651945","0.030053852360651945","D:\KLARFExport\_ArgosReview\C15RUN1\i\PST_BRKFULLMETAL_BOWCOMP_Lot_62624-869_626_b15f04e1bc\back_notch","D:\KLARFExport\_ArgosReview\C15RUN2\i\PST_BRKFULLMETAL_BOWCOMP_Lot_62624-869_626_b15f04e1bc\back_notch"
"PST_BRKFULLMETAL_BOWCOMP\Lot_62624-869\62624-869_20260720115731\Slot20|BACK","SAME_PASS","PASS_REVIEW_ONLY_UNIQUE_BACK_BF_DF_NOTCH","PASS_REVIEW_ONLY_UNIQUE_BACK_BF_DF_NOTCH","89.89172421556358","89.89172421556358","0","0.016551568872813505","0.016551568872813505","D:\KLARFExport\_ArgosReview\C15RUN1\i\PST_BRKFULLMETAL_BOWCOMP_Lot_62624-869_626_1e6320844b\back_notch","D:\KLARFExport\_ArgosReview\C15RUN2\i\PST_BRKFULLMETAL_BOWCOMP_Lot_62624-869_626_1e6320844b\back_notch"
"PST_BRKFULLMETAL\Lot_62546-481_POST\62546-481_POST_extrafolder\IDReader1\Slot04|BACK","SAME_PASS","PASS_REVIEW_ONLY_UNIQUE_BACK_BF_DF_NOTCH","PASS_REVIEW_ONLY_UNIQUE_BACK_BF_DF_NOTCH","89.69871834721944","89.69871834721944","0","0.002563305561125162","0.002563305561125162","D:\KLARFExport\_ArgosReview\C15RUN1\i\PST_BRKFULLMETAL_Lot_62546-481_POST_62546-_f94fe3ad7d\back_notch","D:\KLARFExport\_ArgosReview\C15RUN2\i\PST_BRKFULLMETAL_Lot_62546-481_POST_62546-_f94fe3ad7d\back_notch"
"PST_BRKFULLMETAL\Lot_62546-481_POST\62546-481_POST_extrafolder\IDReader1\Slot07|BACK","SAME_PASS","PASS_REVIEW_ONLY_UNIQUE_BACK_BF_DF_NOTCH","PASS_REVIEW_ONLY_UNIQUE_BACK_BF_DF_NOTCH","89.18490677969426","89.18490677969426","0","0.030186440611487342","0.030186440611487342","D:\KLARFExport\_ArgosReview\C15RUN1\i\PST_BRKFULLMETAL_Lot_62546-481_POST_62546-_6f84ed4204\back_notch","D:\KLARFExport\_ArgosReview\C15RUN2\i\PST_BRKFULLMETAL_Lot_62546-481_POST_62546-_6f84ed4204\back_notch"
"PST_BRKFULLMETAL\Lot_62546-481_POST\62546-481_POST_extrafolder\IDReader2\Slot20|BACK","SAME_PASS","PASS_REVIEW_ONLY_UNIQUE_BACK_BF_DF_NOTCH","PASS_REVIEW_ONLY_UNIQUE_BACK_BF_DF_NOTCH","89.80127300553943","89.80127300553943","0","0.0025460110788628754","0.0025460110788628754","D:\KLARFExport\_ArgosReview\C15RUN1\i\PST_BRKFULLMETAL_Lot_62546-481_POST_62546-_dab1536e9a\back_notch","D:\KLARFExport\_ArgosReview\C15RUN2\i\PST_BRKFULLMETAL_Lot_62546-481_POST_62546-_dab1536e9a\back_notch"
"PST_BRKFULLMETAL\Lot_62546-481_POST\62546-481_POST_extrafolder\IDReader2\Slot22|BACK","SAME_PASS","PASS_REVIEW_ONLY_UNIQUE_BACK_BF_DF_NOTCH","PASS_REVIEW_ONLY_UNIQUE_BACK_BF_DF_NOTCH","89.70976845979665","89.70976845979665","0","0.019536919593321045","0.019536919593321045","D:\KLARFExport\_ArgosReview\C15RUN1\i\PST_BRKFULLMETAL_Lot_62546-481_POST_62546-_8905dad083\back_notch","D:\KLARFExport\_ArgosReview\C15RUN2\i\PST_BRKFULLMETAL_Lot_62546-481_POST_62546-_8905dad083\back_notch"
"PST_BRKFULLMETAL\Lot_62546-481_POST\62546-481_POST_extrafolder\IDReader2\Slot25|BACK","SAME_PASS","PASS_REVIEW_ONLY_UNIQUE_BACK_BF_DF_NOTCH","PASS_REVIEW_ONLY_UNIQUE_BACK_BF_DF_NOTCH","89.92092483553435","89.92092483553435","0","0.04184967106871795","0.04184967106871795","D:\KLARFExport\_ArgosReview\C15RUN1\i\PST_BRKFULLMETAL_Lot_62546-481_POST_62546-_a5d136f9ff\back_notch","D:\KLARFExport\_ArgosReview\C15RUN2\i\PST_BRKFULLMETAL_Lot_62546-481_POST_62546-_a5d136f9ff\back_notch"
"PST_BRKFULLMETAL\Lot_62546-481_POST\62546-481_POST\Slot03|BACK","SAME_PASS","PASS_REVIEW_ONLY_UNIQUE_BACK_BF_DF_NOTCH","PASS_REVIEW_ONLY_UNIQUE_BACK_BF_DF_NOTCH","89.9273743455328","89.9273743455328","0","0.054748691065611865","0.054748691065611865","D:\KLARFExport\_ArgosReview\C15RUN1\i\PST_BRKFULLMETAL_Lot_62546-481_POST_62546-_77ea518206\back_notch","D:\KLARFExport\_ArgosReview\C15RUN2\i\PST_BRKFULLMETAL_Lot_62546-481_POST_62546-_77ea518206\back_notch"
"PST_BRKFULLMETAL\Lot_62546-481_POST\62546-481_POST\Slot04|BACK","SAME_PASS","PASS_REVIEW_ONLY_UNIQUE_BACK_BF_DF_NOTCH","PASS_REVIEW_ONLY_UNIQUE_BACK_BF_DF_NOTCH","89.69871834721944","89.69871834721944","0","0.002563305561125162","0.002563305561125162","D:\KLARFExport\_ArgosReview\C15RUN1\i\PST_BRKFULLMETAL_Lot_62546-481_POST_62546-_644c0fd56c\back_notch","D:\KLARFExport\_ArgosReview\C15RUN2\i\PST_BRKFULLMETAL_Lot_62546-481_POST_62546-_644c0fd56c\back_notch"
"PST_BRKFULLMETAL\Lot_62546-481_POST\62546-481_POST\Slot07|BACK","SAME_PASS","PASS_REVIEW_ONLY_UNIQUE_BACK_BF_DF_NOTCH","PASS_REVIEW_ONLY_UNIQUE_BACK_BF_DF_NOTCH","89.18490677969426","89.18490677969426","0","0.030186440611487342","0.030186440611487342","D:\KLARFExport\_ArgosReview\C15RUN1\i\PST_BRKFULLMETAL_Lot_62546-481_POST_62546-_300edbc23d\back_notch","D:\KLARFExport\_ArgosReview\C15RUN2\i\PST_BRKFULLMETAL_Lot_62546-481_POST_62546-_300edbc23d\back_notch"
"PST_BRKFULLMETAL\Lot_62546-481_POST\62546-481_POST\Slot12|BACK","SAME_PASS","PASS_REVIEW_ONLY_UNIQUE_BACK_BF_DF_NOTCH","PASS_REVIEW_ONLY_UNIQUE_BACK_BF_DF_NOTCH","89.9094972085409","89.9094972085409","0","0.018994417081785286","0.018994417081785286","D:\KLARFExport\_ArgosReview\C15RUN1\i\PST_BRKFULLMETAL_Lot_62546-481_POST_62546-_92a4823da9\back_notch","D:\KLARFExport\_ArgosReview\C15RUN2\i\PST_BRKFULLMETAL_Lot_62546-481_POST_62546-_92a4823da9\back_notch"
"PST_BRKFULLMETAL\Lot_62546-481_POST\62546-481_POST\Slot13|BACK","SAME_PASS","PASS_REVIEW_ONLY_UNIQUE_BACK_BF_DF_NOTCH","PASS_REVIEW_ONLY_UNIQUE_BACK_BF_DF_NOTCH","89.51507198666008","89.51507198666008","0","0.03014397332020735","0.03014397332020735","D:\KLARFExport\_ArgosReview\C15RUN1\i\PST_BRKFULLMETAL_Lot_62546-481_POST_62546-_7cff1a7afc\back_notch","D:\KLARFExport\_ArgosReview\C15RUN2\i\PST_BRKFULLMETAL_Lot_62546-481_POST_62546-_7cff1a7afc\back_notch"
"PST_BRKFULLMETAL\Lot_62546-481_POST\62546-481_POST\Slot16|BACK","SAME_PASS","PASS_REVIEW_ONLY_UNIQUE_BACK_BF_DF_NOTCH","PASS_REVIEW_ONLY_UNIQUE_BACK_BF_DF_NOTCH","89.4945478811727","89.4945478811727","0","0.010904237654585813","0.010904237654585813","D:\KLARFExport\_ArgosReview\C15RUN1\i\PST_BRKFULLMETAL_Lot_62546-481_POST_62546-_580aa19bb1\back_notch","D:\KLARFExport\_ArgosReview\C15RUN2\i\PST_BRKFULLMETAL_Lot_62546-481_POST_62546-_580aa19bb1\back_notch"
"PST_BRKFULLMETAL\Lot_62546-481_POST\62546-481_POST\Slot19|BACK","SAME_PASS","PASS_REVIEW_ONLY_UNIQUE_BACK_BF_DF_NOTCH","PASS_REVIEW_ONLY_UNIQUE_BACK_BF_DF_NOTCH","90.01710250666207","90.01710250666207","0","0.0342050133241969","0.0342050133241969","D:\KLARFExport\_ArgosReview\C15RUN1\i\PST_BRKFULLMETAL_Lot_62546-481_POST_62546-_da9f764bde\back_notch","D:\KLARFExport\_ArgosReview\C15RUN2\i\PST_BRKFULLMETAL_Lot_62546-481_POST_62546-_da9f764bde\back_notch"
"PST_BRKFULLMETAL\Lot_62546-481_POST\62546-481_POST\Slot20|BACK","SAME_PASS","PASS_REVIEW_ONLY_UNIQUE_BACK_BF_DF_NOTCH","PASS_REVIEW_ONLY_UNIQUE_BACK_BF_DF_NOTCH","89.80127300553943","89.80127300553943","0","0.0025460110788628754","0.0025460110788628754","D:\KLARFExport\_ArgosReview\C15RUN1\i\PST_BRKFULLMETAL_Lot_62546-481_POST_62546-_b16d465ffd\back_notch","D:\KLARFExport\_ArgosReview\C15RUN2\i\PST_BRKFULLMETAL_Lot_62546-481_POST_62546-_b16d465ffd\back_notch"
"PST_BRKFULLMETAL\Lot_62546-481_POST\62546-481_POST\Slot21|BACK","SAME_PASS","PASS_REVIEW_ONLY_UNIQUE_BACK_BF_DF_NOTCH","PASS_REVIEW_ONLY_UNIQUE_BACK_BF_DF_NOTCH","88.81762165281094","88.81762165281094","0","0.03524330562191835","0.03524330562191835","D:\KLARFExport\_ArgosReview\C15RUN1\i\PST_BRKFULLMETAL_Lot_62546-481_POST_62546-_3600c065dd\back_notch","D:\KLARFExport\_ArgosReview\C15RUN2\i\PST_BRKFULLMETAL_Lot_62546-481_POST_62546-_3600c065dd\back_notch"
"PST_BRKFULLMETAL\Lot_62546-481_POST\62546-481_POST\Slot22|BACK","SAME_PASS","PASS_REVIEW_ONLY_UNIQUE_BACK_BF_DF_NOTCH","PASS_REVIEW_ONLY_UNIQUE_BACK_BF_DF_NOTCH","89.70976845979665","89.70976845979665","0","0.019536919593321045","0.019536919593321045","D:\KLARFExport\_ArgosReview\C15RUN1\i\PST_BRKFULLMETAL_Lot_62546-481_POST_62546-_8e621c59d5\back_notch","D:\KLARFExport\_ArgosReview\C15RUN2\i\PST_BRKFULLMETAL_Lot_62546-481_POST_62546-_8e621c59d5\back_notch"
"PST_BRKFULLMETAL\Lot_62546-481_POST\62546-481_POST\Slot23|BACK","SAME_PASS","PASS_REVIEW_ONLY_UNIQUE_BACK_BF_DF_NOTCH","PASS_REVIEW_ONLY_UNIQUE_BACK_BF_DF_NOTCH","89.80698317193827","89.80698317193827","0","0.013966343876518295","0.013966343876518295","D:\KLARFExport\_ArgosReview\C15RUN1\i\PST_BRKFULLMETAL_Lot_62546-481_POST_62546-_c4172711bb\back_notch","D:\KLARFExport\_ArgosReview\C15RUN2\i\PST_BRKFULLMETAL_Lot_62546-481_POST_62546-_c4172711bb\back_notch"
"PST_BRKFULLMETAL\Lot_62546-481_POST\62546-481_POST\Slot24|BACK","SAME_PASS","PASS_REVIEW_ONLY_UNIQUE_BACK_BF_DF_NOTCH","PASS_REVIEW_ONLY_UNIQUE_BACK_BF_DF_NOTCH","89.88472430666164","89.88472430666164","0","0.03055138667667734","0.03055138667667734","D:\KLARFExport\_ArgosReview\C15RUN1\i\PST_BRKFULLMETAL_Lot_62546-481_POST_62546-_20cc0606dc\back_notch","D:\KLARFExport\_ArgosReview\C15RUN2\i\PST_BRKFULLMETAL_Lot_62546-481_POST_62546-_20cc0606dc\back_notch"
"PST_BRKFULLMETAL\Lot_62546-481_POST\62546-481_POST\Slot25|BACK","SAME_PASS","PASS_REVIEW_ONLY_UNIQUE_BACK_BF_DF_NOTCH","PASS_REVIEW_ONLY_UNIQUE_BACK_BF_DF_NOTCH","89.92092483553435","89.92092483553435","0","0.04184967106871795","0.04184967106871795","D:\KLARFExport\_ArgosReview\C15RUN1\i\PST_BRKFULLMETAL_Lot_62546-481_POST_62546-_6b2f5740dc\back_notch","D:\KLARFExport\_ArgosReview\C15RUN2\i\PST_BRKFULLMETAL_Lot_62546-481_POST_62546-_6b2f5740dc\back_notch"
"PST_BRKFULLMETAL\Lot_62546-481_POST\ProcessJob0\Slot03|BACK","SAME_PASS","PASS_REVIEW_ONLY_UNIQUE_BACK_BF_DF_NOTCH","PASS_REVIEW_ONLY_UNIQUE_BACK_BF_DF_NOTCH","89.9273743455328","89.9273743455328","0","0.054748691065611865","0.054748691065611865","D:\KLARFExport\_ArgosReview\C15RUN1\i\PST_BRKFULLMETAL_Lot_62546-481_POST_Proces_a39e068d0a\back_notch","D:\KLARFExport\_ArgosReview\C15RUN2\i\PST_BRKFULLMETAL_Lot_62546-481_POST_Proces_a39e068d0a\back_notch"
"PST_BRKFULLMETAL\Lot_62546-481_POST\ProcessJob0\Slot04|BACK","SAME_PASS","PASS_REVIEW_ONLY_UNIQUE_BACK_BF_DF_NOTCH","PASS_REVIEW_ONLY_UNIQUE_BACK_BF_DF_NOTCH","89.69871834721944","89.69871834721944","0","0.002563305561125162","0.002563305561125162","D:\KLARFExport\_ArgosReview\C15RUN1\i\PST_BRKFULLMETAL_Lot_62546-481_POST_Proces_0ec4158120\back_notch","D:\KLARFExport\_ArgosReview\C15RUN2\i\PST_BRKFULLMETAL_Lot_62546-481_POST_Proces_0ec4158120\back_notch"
"PST_BRKFULLMETAL\Lot_62546-481_POST\ProcessJob0\Slot07|BACK","SAME_PASS","PASS_REVIEW_ONLY_UNIQUE_BACK_BF_DF_NOTCH","PASS_REVIEW_ONLY_UNIQUE_BACK_BF_DF_NOTCH","89.18490677969426","89.18490677969426","0","0.030186440611487342","0.030186440611487342","D:\KLARFExport\_ArgosReview\C15RUN1\i\PST_BRKFULLMETAL_Lot_62546-481_POST_Proces_574de51abb\back_notch","D:\KLARFExport\_ArgosReview\C15RUN2\i\PST_BRKFULLMETAL_Lot_62546-481_POST_Proces_574de51abb\back_notch"
"PST_BRKFULLMETAL\Lot_62546-481_POST\ProcessJob0\Slot12|BACK","SAME_PASS","PASS_REVIEW_ONLY_UNIQUE_BACK_BF_DF_NOTCH","PASS_REVIEW_ONLY_UNIQUE_BACK_BF_DF_NOTCH","89.9094972085409","89.9094972085409","0","0.018994417081785286","0.018994417081785286","D:\KLARFExport\_ArgosReview\C15RUN1\i\PST_BRKFULLMETAL_Lot_62546-481_POST_Proces_f01f8c6910\back_notch","D:\KLARFExport\_ArgosReview\C15RUN2\i\PST_BRKFULLMETAL_Lot_62546-481_POST_Proces_f01f8c6910\back_notch"
"PST_BRKFULLMETAL\Lot_62546-481_POST\ProcessJob0\Slot13|BACK","SAME_PASS","PASS_REVIEW_ONLY_UNIQUE_BACK_BF_DF_NOTCH","PASS_REVIEW_ONLY_UNIQUE_BACK_BF_DF_NOTCH","89.51507198666008","89.51507198666008","0","0.03014397332020735","0.03014397332020735","D:\KLARFExport\_ArgosReview\C15RUN1\i\PST_BRKFULLMETAL_Lot_62546-481_POST_Proces_4619fc0079\back_notch","D:\KLARFExport\_ArgosReview\C15RUN2\i\PST_BRKFULLMETAL_Lot_62546-481_POST_Proces_4619fc0079\back_notch"
"PST_BRKFULLMETAL\Lot_62546-481_POST\ProcessJob0\Slot16|BACK","SAME_PASS","PASS_REVIEW_ONLY_UNIQUE_BACK_BF_DF_NOTCH","PASS_REVIEW_ONLY_UNIQUE_BACK_BF_DF_NOTCH","89.4945478811727","89.4945478811727","0","0.010904237654585813","0.010904237654585813","D:\KLARFExport\_ArgosReview\C15RUN1\i\PST_BRKFULLMETAL_Lot_62546-481_POST_Proces_d8e9f77a80\back_notch","D:\KLARFExport\_ArgosReview\C15RUN2\i\PST_BRKFULLMETAL_Lot_62546-481_POST_Proces_d8e9f77a80\back_notch"
"PST_BRKFULLMETAL\Lot_62546-481_POST\ProcessJob0\Slot19|BACK","SAME_PASS","PASS_REVIEW_ONLY_UNIQUE_BACK_BF_DF_NOTCH","PASS_REVIEW_ONLY_UNIQUE_BACK_BF_DF_NOTCH","90.01710250666207","90.01710250666207","0","0.0342050133241969","0.0342050133241969","D:\KLARFExport\_ArgosReview\C15RUN1\i\PST_BRKFULLMETAL_Lot_62546-481_POST_Proces_c8595b8b1d\back_notch","D:\KLARFExport\_ArgosReview\C15RUN2\i\PST_BRKFULLMETAL_Lot_62546-481_POST_Proces_c8595b8b1d\back_notch"
"PST_BRKFULLMETAL\Lot_62546-481_POST\ProcessJob0\Slot20|BACK","SAME_PASS","PASS_REVIEW_ONLY_UNIQUE_BACK_BF_DF_NOTCH","PASS_REVIEW_ONLY_UNIQUE_BACK_BF_DF_NOTCH","89.80127300553943","89.80127300553943","0","0.0025460110788628754","0.0025460110788628754","D:\KLARFExport\_ArgosReview\C15RUN1\i\PST_BRKFULLMETAL_Lot_62546-481_POST_Proces_bb143716e2\back_notch","D:\KLARFExport\_ArgosReview\C15RUN2\i\PST_BRKFULLMETAL_Lot_62546-481_POST_Proces_bb143716e2\back_notch"
"PST_BRKFULLMETAL\Lot_62546-481_POST\ProcessJob0\Slot21|BACK","SAME_PASS","PASS_REVIEW_ONLY_UNIQUE_BACK_BF_DF_NOTCH","PASS_REVIEW_ONLY_UNIQUE_BACK_BF_DF_NOTCH","88.81762165281094","88.81762165281094","0","0.03524330562191835","0.03524330562191835","D:\KLARFExport\_ArgosReview\C15RUN1\i\PST_BRKFULLMETAL_Lot_62546-481_POST_Proces_42a3ea134a\back_notch","D:\KLARFExport\_ArgosReview\C15RUN2\i\PST_BRKFULLMETAL_Lot_62546-481_POST_Proces_42a3ea134a\back_notch"
"PST_BRKFULLMETAL\Lot_62546-481_POST\ProcessJob0\Slot22|BACK","SAME_PASS","PASS_REVIEW_ONLY_UNIQUE_BACK_BF_DF_NOTCH","PASS_REVIEW_ONLY_UNIQUE_BACK_BF_DF_NOTCH","89.70976845979665","89.70976845979665","0","0.019536919593321045","0.019536919593321045","D:\KLARFExport\_ArgosReview\C15RUN1\i\PST_BRKFULLMETAL_Lot_62546-481_POST_Proces_c5dfea8efb\back_notch","D:\KLARFExport\_ArgosReview\C15RUN2\i\PST_BRKFULLMETAL_Lot_62546-481_POST_Proces_c5dfea8efb\back_notch"
"PST_BRKFULLMETAL\Lot_62546-481_POST\ProcessJob0\Slot23|BACK","SAME_PASS","PASS_REVIEW_ONLY_UNIQUE_BACK_BF_DF_NOTCH","PASS_REVIEW_ONLY_UNIQUE_BACK_BF_DF_NOTCH","89.80698317193827","89.80698317193827","0","0.013966343876518295","0.013966343876518295","D:\KLARFExport\_ArgosReview\C15RUN1\i\PST_BRKFULLMETAL_Lot_62546-481_POST_Proces_e3c1a03e1b\back_notch","D:\KLARFExport\_ArgosReview\C15RUN2\i\PST_BRKFULLMETAL_Lot_62546-481_POST_Proces_e3c1a03e1b\back_notch"
"PST_BRKFULLMETAL\Lot_62546-481_POST\ProcessJob0\Slot24|BACK","SAME_PASS","PASS_REVIEW_ONLY_UNIQUE_BACK_BF_DF_NOTCH","PASS_REVIEW_ONLY_UNIQUE_BACK_BF_DF_NOTCH","89.88472430666164","89.88472430666164","0","0.03055138667667734","0.03055138667667734","D:\KLARFExport\_ArgosReview\C15RUN1\i\PST_BRKFULLMETAL_Lot_62546-481_POST_Proces_6fb310b13f\back_notch","D:\KLARFExport\_ArgosReview\C15RUN2\i\PST_BRKFULLMETAL_Lot_62546-481_POST_Proces_6fb310b13f\back_notch"
"PST_BRKFULLMETAL\Lot_62546-481_POST\ProcessJob0\Slot25|BACK","SAME_PASS","PASS_REVIEW_ONLY_UNIQUE_BACK_BF_DF_NOTCH","PASS_REVIEW_ONLY_UNIQUE_BACK_BF_DF_NOTCH","89.92092483553435","89.92092483553435","0","0.04184967106871795","0.04184967106871795","D:\KLARFExport\_ArgosReview\C15RUN1\i\PST_BRKFULLMETAL_Lot_62546-481_POST_Proces_3615539b8a\back_notch","D:\KLARFExport\_ArgosReview\C15RUN2\i\PST_BRKFULLMETAL_Lot_62546-481_POST_Proces_3615539b8a\back_notch"
"PST_BRKFULLMETAL\Lot_62546-481_POST\ProcessJob10\Slot03|BACK","SAME_PASS","PASS_REVIEW_ONLY_UNIQUE_BACK_BF_DF_NOTCH","PASS_REVIEW_ONLY_UNIQUE_BACK_BF_DF_NOTCH","89.9273743455328","89.9273743455328","0","0.054748691065611865","0.054748691065611865","D:\KLARFExport\_ArgosReview\C15RUN1\i\PST_BRKFULLMETAL_Lot_62546-481_POST_Proces_ac9e37ed24\back_notch","D:\KLARFExport\_ArgosReview\C15RUN2\i\PST_BRKFULLMETAL_Lot_62546-481_POST_Proces_ac9e37ed24\back_notch"
"PST_BRKFULLMETAL\Lot_62546-481_POST\ProcessJob10\Slot04|BACK","SAME_PASS","PASS_REVIEW_ONLY_UNIQUE_BACK_BF_DF_NOTCH","PASS_REVIEW_ONLY_UNIQUE_BACK_BF_DF_NOTCH","89.69871834721944","89.69871834721944","0","0.002563305561125162","0.002563305561125162","D:\KLARFExport\_ArgosReview\C15RUN1\i\PST_BRKFULLMETAL_Lot_62546-481_POST_Proces_4343dd6ce7\back_notch","D:\KLARFExport\_ArgosReview\C15RUN2\i\PST_BRKFULLMETAL_Lot_62546-481_POST_Proces_4343dd6ce7\back_notch"
"PST_BRKFULLMETAL\Lot_62546-481_POST\ProcessJob10\Slot07|BACK","SAME_PASS","PASS_REVIEW_ONLY_UNIQUE_BACK_BF_DF_NOTCH","PASS_REVIEW_ONLY_UNIQUE_BACK_BF_DF_NOTCH","89.18490677969426","89.18490677969426","0","0.030186440611487342","0.030186440611487342","D:\KLARFExport\_ArgosReview\C15RUN1\i\PST_BRKFULLMETAL_Lot_62546-481_POST_Proces_730e91ce2a\back_notch","D:\KLARFExport\_ArgosReview\C15RUN2\i\PST_BRKFULLMETAL_Lot_62546-481_POST_Proces_730e91ce2a\back_notch"
"PST_BRKFULLMETAL\Lot_62546-481_POST\ProcessJob10\Slot12|BACK","SAME_PASS","PASS_REVIEW_ONLY_UNIQUE_BACK_BF_DF_NOTCH","PASS_REVIEW_ONLY_UNIQUE_BACK_BF_DF_NOTCH","89.9094972085409","89.9094972085409","0","0.018994417081785286","0.018994417081785286","D:\KLARFExport\_ArgosReview\C15RUN1\i\PST_BRKFULLMETAL_Lot_62546-481_POST_Proces_65b0b04ad8\back_notch","D:\KLARFExport\_ArgosReview\C15RUN2\i\PST_BRKFULLMETAL_Lot_62546-481_POST_Proces_65b0b04ad8\back_notch"
"PST_BRKFULLMETAL\Lot_62546-481_POST\ProcessJob10\Slot13|BACK","SAME_PASS","PASS_REVIEW_ONLY_UNIQUE_BACK_BF_DF_NOTCH","PASS_REVIEW_ONLY_UNIQUE_BACK_BF_DF_NOTCH","89.51507198666008","89.51507198666008","0","0.03014397332020735","0.03014397332020735","D:\KLARFExport\_ArgosReview\C15RUN1\i\PST_BRKFULLMETAL_Lot_62546-481_POST_Proces_514acdf0af\back_notch","D:\KLARFExport\_ArgosReview\C15RUN2\i\PST_BRKFULLMETAL_Lot_62546-481_POST_Proces_514acdf0af\back_notch"
"PST_BRKFULLMETAL\Lot_62546-481_POST\ProcessJob10\Slot16|BACK","SAME_PASS","PASS_REVIEW_ONLY_UNIQUE_BACK_BF_DF_NOTCH","PASS_REVIEW_ONLY_UNIQUE_BACK_BF_DF_NOTCH","89.4945478811727","89.4945478811727","0","0.010904237654585813","0.010904237654585813","D:\KLARFExport\_ArgosReview\C15RUN1\i\PST_BRKFULLMETAL_Lot_62546-481_POST_Proces_85a0ca3673\back_notch","D:\KLARFExport\_ArgosReview\C15RUN2\i\PST_BRKFULLMETAL_Lot_62546-481_POST_Proces_85a0ca3673\back_notch"
"PST_BRKFULLMETAL\Lot_62546-481_POST\ProcessJob10\Slot19|BACK","SAME_PASS","PASS_REVIEW_ONLY_UNIQUE_BACK_BF_DF_NOTCH","PASS_REVIEW_ONLY_UNIQUE_BACK_BF_DF_NOTCH","90.01710250666207","90.01710250666207","0","0.0342050133241969","0.0342050133241969","D:\KLARFExport\_ArgosReview\C15RUN1\i\PST_BRKFULLMETAL_Lot_62546-481_POST_Proces_4a42264b85\back_notch","D:\KLARFExport\_ArgosReview\C15RUN2\i\PST_BRKFULLMETAL_Lot_62546-481_POST_Proces_4a42264b85\back_notch"
"PST_BRKFULLMETAL\Lot_62546-481_POST\ProcessJob10\Slot20|BACK","SAME_PASS","PASS_REVIEW_ONLY_UNIQUE_BACK_BF_DF_NOTCH","PASS_REVIEW_ONLY_UNIQUE_BACK_BF_DF_NOTCH","89.80127300553943","89.80127300553943","0","0.0025460110788628754","0.0025460110788628754","D:\KLARFExport\_ArgosReview\C15RUN1\i\PST_BRKFULLMETAL_Lot_62546-481_POST_Proces_b0b54a6199\back_notch","D:\KLARFExport\_ArgosReview\C15RUN2\i\PST_BRKFULLMETAL_Lot_62546-481_POST_Proces_b0b54a6199\back_notch"
"PST_BRKFULLMETAL\Lot_62546-481_POST\ProcessJob10\Slot21|BACK","SAME_PASS","PASS_REVIEW_ONLY_UNIQUE_BACK_BF_DF_NOTCH","PASS_REVIEW_ONLY_UNIQUE_BACK_BF_DF_NOTCH","88.81762165281094","88.81762165281094","0","0.03524330562191835","0.03524330562191835","D:\KLARFExport\_ArgosReview\C15RUN1\i\PST_BRKFULLMETAL_Lot_62546-481_POST_Proces_11b0154d81\back_notch","D:\KLARFExport\_ArgosReview\C15RUN2\i\PST_BRKFULLMETAL_Lot_62546-481_POST_Proces_11b0154d81\back_notch"
"PST_BRKFULLMETAL\Lot_62546-481_POST\ProcessJob10\Slot22|BACK","SAME_PASS","PASS_REVIEW_ONLY_UNIQUE_BACK_BF_DF_NOTCH","PASS_REVIEW_ONLY_UNIQUE_BACK_BF_DF_NOTCH","89.70976845979665","89.70976845979665","0","0.019536919593321045","0.019536919593321045","D:\KLARFExport\_ArgosReview\C15RUN1\i\PST_BRKFULLMETAL_Lot_62546-481_POST_Proces_fbf22d6ab9\back_notch","D:\KLARFExport\_ArgosReview\C15RUN2\i\PST_BRKFULLMETAL_Lot_62546-481_POST_Proces_fbf22d6ab9\back_notch"
"PST_BRKFULLMETAL\Lot_62546-481_POST\ProcessJob10\Slot23|BACK","SAME_PASS","PASS_REVIEW_ONLY_UNIQUE_BACK_BF_DF_NOTCH","PASS_REVIEW_ONLY_UNIQUE_BACK_BF_DF_NOTCH","89.80698317193827","89.80698317193827","0","0.013966343876518295","0.013966343876518295","D:\KLARFExport\_ArgosReview\C15RUN1\i\PST_BRKFULLMETAL_Lot_62546-481_POST_Proces_11b093756a\back_notch","D:\KLARFExport\_ArgosReview\C15RUN2\i\PST_BRKFULLMETAL_Lot_62546-481_POST_Proces_11b093756a\back_notch"
"PST_BRKFULLMETAL\Lot_62546-481_POST\ProcessJob10\Slot24|BACK","SAME_PASS","PASS_REVIEW_ONLY_UNIQUE_BACK_BF_DF_NOTCH","PASS_REVIEW_ONLY_UNIQUE_BACK_BF_DF_NOTCH","89.88472430666164","89.88472430666164","0","0.03055138667667734","0.03055138667667734","D:\KLARFExport\_ArgosReview\C15RUN1\i\PST_BRKFULLMETAL_Lot_62546-481_POST_Proces_c2778f5c32\back_notch","D:\KLARFExport\_ArgosReview\C15RUN2\i\PST_BRKFULLMETAL_Lot_62546-481_POST_Proces_c2778f5c32\back_notch"
"PST_BRKFULLMETAL\Lot_62546-481_POST\ProcessJob10\Slot25|BACK","SAME_PASS","PASS_REVIEW_ONLY_UNIQUE_BACK_BF_DF_NOTCH","PASS_REVIEW_ONLY_UNIQUE_BACK_BF_DF_NOTCH","89.92092483553435","89.92092483553435","0","0.04184967106871795","0.04184967106871795","D:\KLARFExport\_ArgosReview\C15RUN1\i\PST_BRKFULLMETAL_Lot_62546-481_POST_Proces_f3cc0af144\back_notch","D:\KLARFExport\_ArgosReview\C15RUN2\i\PST_BRKFULLMETAL_Lot_62546-481_POST_Proces_f3cc0af144\back_notch"
"PST_BRKFULLMETAL\Lot_62546-481_POST\ProcessJob3\Slot03|BACK","SAME_PASS","PASS_REVIEW_ONLY_UNIQUE_BACK_BF_DF_NOTCH","PASS_REVIEW_ONLY_UNIQUE_BACK_BF_DF_NOTCH","89.9273743455328","89.9273743455328","0","0.054748691065611865","0.054748691065611865","D:\KLARFExport\_ArgosReview\C15RUN1\i\PST_BRKFULLMETAL_Lot_62546-481_POST_Proces_32d18b1355\back_notch","D:\KLARFExport\_ArgosReview\C15RUN2\i\PST_BRKFULLMETAL_Lot_62546-481_POST_Proces_32d18b1355\back_notch"
"PST_BRKFULLMETAL\Lot_62546-481_POST\ProcessJob3\Slot04|BACK","SAME_PASS","PASS_REVIEW_ONLY_UNIQUE_BACK_BF_DF_NOTCH","PASS_REVIEW_ONLY_UNIQUE_BACK_BF_DF_NOTCH","89.69871834721944","89.69871834721944","0","0.002563305561125162","0.002563305561125162","D:\KLARFExport\_ArgosReview\C15RUN1\i\PST_BRKFULLMETAL_Lot_62546-481_POST_Proces_7a93ebbef1\back_notch","D:\KLARFExport\_ArgosReview\C15RUN2\i\PST_BRKFULLMETAL_Lot_62546-481_POST_Proces_7a93ebbef1\back_notch"
"PST_BRKFULLMETAL\Lot_62546-481_POST\ProcessJob3\Slot07|BACK","SAME_PASS","PASS_REVIEW_ONLY_UNIQUE_BACK_BF_DF_NOTCH","PASS_REVIEW_ONLY_UNIQUE_BACK_BF_DF_NOTCH","89.18490677969426","89.18490677969426","0","0.030186440611487342","0.030186440611487342","D:\KLARFExport\_ArgosReview\C15RUN1\i\PST_BRKFULLMETAL_Lot_62546-481_POST_Proces_d98f47c9b4\back_notch","D:\KLARFExport\_ArgosReview\C15RUN2\i\PST_BRKFULLMETAL_Lot_62546-481_POST_Proces_d98f47c9b4\back_notch"
"PST_BRKFULLMETAL\Lot_62546-481_POST\ProcessJob3\Slot12|BACK","SAME_PASS","PASS_REVIEW_ONLY_UNIQUE_BACK_BF_DF_NOTCH","PASS_REVIEW_ONLY_UNIQUE_BACK_BF_DF_NOTCH","89.9094972085409","89.9094972085409","0","0.018994417081785286","0.018994417081785286","D:\KLARFExport\_ArgosReview\C15RUN1\i\PST_BRKFULLMETAL_Lot_62546-481_POST_Proces_95934cc1b2\back_notch","D:\KLARFExport\_ArgosReview\C15RUN2\i\PST_BRKFULLMETAL_Lot_62546-481_POST_Proces_95934cc1b2\back_notch"
"PST_BRKFULLMETAL\Lot_62546-481_POST\ProcessJob3\Slot13|BACK","SAME_PASS","PASS_REVIEW_ONLY_UNIQUE_BACK_BF_DF_NOTCH","PASS_REVIEW_ONLY_UNIQUE_BACK_BF_DF_NOTCH","89.51507198666008","89.51507198666008","0","0.03014397332020735","0.03014397332020735","D:\KLARFExport\_ArgosReview\C15RUN1\i\PST_BRKFULLMETAL_Lot_62546-481_POST_Proces_2a23280b87\back_notch","D:\KLARFExport\_ArgosReview\C15RUN2\i\PST_BRKFULLMETAL_Lot_62546-481_POST_Proces_2a23280b87\back_notch"
"PST_BRKFULLMETAL\Lot_62546-481_POST\ProcessJob3\Slot16|BACK","SAME_PASS","PASS_REVIEW_ONLY_UNIQUE_BACK_BF_DF_NOTCH","PASS_REVIEW_ONLY_UNIQUE_BACK_BF_DF_NOTCH","89.4945478811727","89.4945478811727","0","0.010904237654585813","0.010904237654585813","D:\KLARFExport\_ArgosReview\C15RUN1\i\PST_BRKFULLMETAL_Lot_62546-481_POST_Proces_8542fef9b7\back_notch","D:\KLARFExport\_ArgosReview\C15RUN2\i\PST_BRKFULLMETAL_Lot_62546-481_POST_Proces_8542fef9b7\back_notch"
"PST_BRKFULLMETAL\Lot_62546-481_POST\ProcessJob3\Slot19|BACK","SAME_PASS","PASS_REVIEW_ONLY_UNIQUE_BACK_BF_DF_NOTCH","PASS_REVIEW_ONLY_UNIQUE_BACK_BF_DF_NOTCH","90.01710250666207","90.01710250666207","0","0.0342050133241969","0.0342050133241969","D:\KLARFExport\_ArgosReview\C15RUN1\i\PST_BRKFULLMETAL_Lot_62546-481_POST_Proces_61ad72047f\back_notch","D:\KLARFExport\_ArgosReview\C15RUN2\i\PST_BRKFULLMETAL_Lot_62546-481_POST_Proces_61ad72047f\back_notch"
"PST_BRKFULLMETAL\Lot_62546-481_POST\ProcessJob3\Slot20|BACK","SAME_PASS","PASS_REVIEW_ONLY_UNIQUE_BACK_BF_DF_NOTCH","PASS_REVIEW_ONLY_UNIQUE_BACK_BF_DF_NOTCH","89.80127300553943","89.80127300553943","0","0.0025460110788628754","0.0025460110788628754","D:\KLARFExport\_ArgosReview\C15RUN1\i\PST_BRKFULLMETAL_Lot_62546-481_POST_Proces_2572513173\back_notch","D:\KLARFExport\_ArgosReview\C15RUN2\i\PST_BRKFULLMETAL_Lot_62546-481_POST_Proces_2572513173\back_notch"
"PST_BRKFULLMETAL\Lot_62546-481_POST\ProcessJob3\Slot21|BACK","SAME_PASS","PASS_REVIEW_ONLY_UNIQUE_BACK_BF_DF_NOTCH","PASS_REVIEW_ONLY_UNIQUE_BACK_BF_DF_NOTCH","88.81762165281094","88.81762165281094","0","0.03524330562191835","0.03524330562191835","D:\KLARFExport\_ArgosReview\C15RUN1\i\PST_BRKFULLMETAL_Lot_62546-481_POST_Proces_ffd14a6c6e\back_notch","D:\KLARFExport\_ArgosReview\C15RUN2\i\PST_BRKFULLMETAL_Lot_62546-481_POST_Proces_ffd14a6c6e\back_notch"
"PST_BRKFULLMETAL\Lot_62546-481_POST\ProcessJob3\Slot22|BACK","SAME_PASS","PASS_REVIEW_ONLY_UNIQUE_BACK_BF_DF_NOTCH","PASS_REVIEW_ONLY_UNIQUE_BACK_BF_DF_NOTCH","89.70976845979665","89.70976845979665","0","0.019536919593321045","0.019536919593321045","D:\KLARFExport\_ArgosReview\C15RUN1\i\PST_BRKFULLMETAL_Lot_62546-481_POST_Proces_ebf8f3c975\back_notch","D:\KLARFExport\_ArgosReview\C15RUN2\i\PST_BRKFULLMETAL_Lot_62546-481_POST_Proces_ebf8f3c975\back_notch"
"PST_BRKFULLMETAL\Lot_62546-481_POST\ProcessJob3\Slot23|BACK","SAME_PASS","PASS_REVIEW_ONLY_UNIQUE_BACK_BF_DF_NOTCH","PASS_REVIEW_ONLY_UNIQUE_BACK_BF_DF_NOTCH","89.80698317193827","89.80698317193827","0","0.013966343876518295","0.013966343876518295","D:\KLARFExport\_ArgosReview\C15RUN1\i\PST_BRKFULLMETAL_Lot_62546-481_POST_Proces_b9a119bb1c\back_notch","D:\KLARFExport\_ArgosReview\C15RUN2\i\PST_BRKFULLMETAL_Lot_62546-481_POST_Proces_b9a119bb1c\back_notch"
"PST_BRKFULLMETAL\Lot_62546-481_POST\ProcessJob3\Slot24|BACK","SAME_PASS","PASS_REVIEW_ONLY_UNIQUE_BACK_BF_DF_NOTCH","PASS_REVIEW_ONLY_UNIQUE_BACK_BF_DF_NOTCH","89.88472430666164","89.88472430666164","0","0.03055138667667734","0.03055138667667734","D:\KLARFExport\_ArgosReview\C15RUN1\i\PST_BRKFULLMETAL_Lot_62546-481_POST_Proces_e0dd291417\back_notch","D:\KLARFExport\_ArgosReview\C15RUN2\i\PST_BRKFULLMETAL_Lot_62546-481_POST_Proces_e0dd291417\back_notch"
"PST_BRKFULLMETAL\Lot_62546-481_POST\ProcessJob3\Slot25|BACK","SAME_PASS","PASS_REVIEW_ONLY_UNIQUE_BACK_BF_DF_NOTCH","PASS_REVIEW_ONLY_UNIQUE_BACK_BF_DF_NOTCH","89.92092483553435","89.92092483553435","0","0.04184967106871795","0.04184967106871795","D:\KLARFExport\_ArgosReview\C15RUN1\i\PST_BRKFULLMETAL_Lot_62546-481_POST_Proces_638d44f86d\back_notch","D:\KLARFExport\_ArgosReview\C15RUN2\i\PST_BRKFULLMETAL_Lot_62546-481_POST_Proces_638d44f86d\back_notch"
"PST_BRKFULLMETAL\Lot_62546-481_POST\ProcessJob9\Slot03|BACK","SAME_PASS","PASS_REVIEW_ONLY_UNIQUE_BACK_BF_DF_NOTCH","PASS_REVIEW_ONLY_UNIQUE_BACK_BF_DF_NOTCH","89.9273743455328","89.9273743455328","0","0.054748691065611865","0.054748691065611865","D:\KLARFExport\_ArgosReview\C15RUN1\i\PST_BRKFULLMETAL_Lot_62546-481_POST_Proces_0313d0b59d\back_notch","D:\KLARFExport\_ArgosReview\C15RUN2\i\PST_BRKFULLMETAL_Lot_62546-481_POST_Proces_0313d0b59d\back_notch"
"PST_BRKFULLMETAL\Lot_62546-481_POST\ProcessJob9\Slot04|BACK","SAME_PASS","PASS_REVIEW_ONLY_UNIQUE_BACK_BF_DF_NOTCH","PASS_REVIEW_ONLY_UNIQUE_BACK_BF_DF_NOTCH","89.69871834721944","89.69871834721944","0","0.002563305561125162","0.002563305561125162","D:\KLARFExport\_ArgosReview\C15RUN1\i\PST_BRKFULLMETAL_Lot_62546-481_POST_Proces_78027a6f1a\back_notch","D:\KLARFExport\_ArgosReview\C15RUN2\i\PST_BRKFULLMETAL_Lot_62546-481_POST_Proces_78027a6f1a\back_notch"
"PST_BRKFULLMETAL\Lot_62546-481_POST\ProcessJob9\Slot07|BACK","SAME_PASS","PASS_REVIEW_ONLY_UNIQUE_BACK_BF_DF_NOTCH","PASS_REVIEW_ONLY_UNIQUE_BACK_BF_DF_NOTCH","89.18490677969426","89.18490677969426","0","0.030186440611487342","0.030186440611487342","D:\KLARFExport\_ArgosReview\C15RUN1\i\PST_BRKFULLMETAL_Lot_62546-481_POST_Proces_baee950fe3\back_notch","D:\KLARFExport\_ArgosReview\C15RUN2\i\PST_BRKFULLMETAL_Lot_62546-481_POST_Proces_baee950fe3\back_notch"
"PST_BRKFULLMETAL\Lot_62546-481_POST\ProcessJob9\Slot12|BACK","SAME_PASS","PASS_REVIEW_ONLY_UNIQUE_BACK_BF_DF_NOTCH","PASS_REVIEW_ONLY_UNIQUE_BACK_BF_DF_NOTCH","89.9094972085409","89.9094972085409","0","0.018994417081785286","0.018994417081785286","D:\KLARFExport\_ArgosReview\C15RUN1\i\PST_BRKFULLMETAL_Lot_62546-481_POST_Proces_abb74d1643\back_notch","D:\KLARFExport\_ArgosReview\C15RUN2\i\PST_BRKFULLMETAL_Lot_62546-481_POST_Proces_abb74d1643\back_notch"
"PST_BRKFULLMETAL\Lot_62546-481_POST\ProcessJob9\Slot13|BACK","SAME_PASS","PASS_REVIEW_ONLY_UNIQUE_BACK_BF_DF_NOTCH","PASS_REVIEW_ONLY_UNIQUE_BACK_BF_DF_NOTCH","89.51507198666008","89.51507198666008","0","0.03014397332020735","0.03014397332020735","D:\KLARFExport\_ArgosReview\C15RUN1\i\PST_BRKFULLMETAL_Lot_62546-481_POST_Proces_bca76a7c2d\back_notch","D:\KLARFExport\_ArgosReview\C15RUN2\i\PST_BRKFULLMETAL_Lot_62546-481_POST_Proces_bca76a7c2d\back_notch"
"PST_BRKFULLMETAL\Lot_62546-481_POST\ProcessJob9\Slot16|BACK","SAME_PASS","PASS_REVIEW_ONLY_UNIQUE_BACK_BF_DF_NOTCH","PASS_REVIEW_ONLY_UNIQUE_BACK_BF_DF_NOTCH","89.4945478811727","89.4945478811727","0","0.010904237654585813","0.010904237654585813","D:\KLARFExport\_ArgosReview\C15RUN1\i\PST_BRKFULLMETAL_Lot_62546-481_POST_Proces_6b573e44b4\back_notch","D:\KLARFExport\_ArgosReview\C15RUN2\i\PST_BRKFULLMETAL_Lot_62546-481_POST_Proces_6b573e44b4\back_notch"
"PST_BRKFULLMETAL\Lot_62546-481_POST\ProcessJob9\Slot19|BACK","SAME_PASS","PASS_REVIEW_ONLY_UNIQUE_BACK_BF_DF_NOTCH","PASS_REVIEW_ONLY_UNIQUE_BACK_BF_DF_NOTCH","90.01710250666207","90.01710250666207","0","0.0342050133241969","0.0342050133241969","D:\KLARFExport\_ArgosReview\C15RUN1\i\PST_BRKFULLMETAL_Lot_62546-481_POST_Proces_5c6cd16d1d\back_notch","D:\KLARFExport\_ArgosReview\C15RUN2\i\PST_BRKFULLMETAL_Lot_62546-481_POST_Proces_5c6cd16d1d\back_notch"
"PST_BRKFULLMETAL\Lot_62546-481_POST\ProcessJob9\Slot20|BACK","SAME_PASS","PASS_REVIEW_ONLY_UNIQUE_BACK_BF_DF_NOTCH","PASS_REVIEW_ONLY_UNIQUE_BACK_BF_DF_NOTCH","89.80127300553943","89.80127300553943","0","0.0025460110788628754","0.0025460110788628754","D:\KLARFExport\_ArgosReview\C15RUN1\i\PST_BRKFULLMETAL_Lot_62546-481_POST_Proces_c62eaa8f13\back_notch","D:\KLARFExport\_ArgosReview\C15RUN2\i\PST_BRKFULLMETAL_Lot_62546-481_POST_Proces_c62eaa8f13\back_notch"
"PST_BRKFULLMETAL\Lot_62546-481_POST\ProcessJob9\Slot21|BACK","SAME_PASS","PASS_REVIEW_ONLY_UNIQUE_BACK_BF_DF_NOTCH","PASS_REVIEW_ONLY_UNIQUE_BACK_BF_DF_NOTCH","88.81762165281094","88.81762165281094","0","0.03524330562191835","0.03524330562191835","D:\KLARFExport\_ArgosReview\C15RUN1\i\PST_BRKFULLMETAL_Lot_62546-481_POST_Proces_185f2c6257\back_notch","D:\KLARFExport\_ArgosReview\C15RUN2\i\PST_BRKFULLMETAL_Lot_62546-481_POST_Proces_185f2c6257\back_notch"
"PST_BRKFULLMETAL\Lot_62546-481_POST\ProcessJob9\Slot22|BACK","SAME_PASS","PASS_REVIEW_ONLY_UNIQUE_BACK_BF_DF_NOTCH","PASS_REVIEW_ONLY_UNIQUE_BACK_BF_DF_NOTCH","89.70976845979665","89.70976845979665","0","0.019536919593321045","0.019536919593321045","D:\KLARFExport\_ArgosReview\C15RUN1\i\PST_BRKFULLMETAL_Lot_62546-481_POST_Proces_e0b63bce95\back_notch","D:\KLARFExport\_ArgosReview\C15RUN2\i\PST_BRKFULLMETAL_Lot_62546-481_POST_Proces_e0b63bce95\back_notch"
"PST_BRKFULLMETAL\Lot_62546-481_POST\ProcessJob9\Slot23|BACK","SAME_PASS","PASS_REVIEW_ONLY_UNIQUE_BACK_BF_DF_NOTCH","PASS_REVIEW_ONLY_UNIQUE_BACK_BF_DF_NOTCH","89.80698317193827","89.80698317193827","0","0.013966343876518295","0.013966343876518295","D:\KLARFExport\_ArgosReview\C15RUN1\i\PST_BRKFULLMETAL_Lot_62546-481_POST_Proces_cb522a2864\back_notch","D:\KLARFExport\_ArgosReview\C15RUN2\i\PST_BRKFULLMETAL_Lot_62546-481_POST_Proces_cb522a2864\back_notch"
"PST_BRKFULLMETAL\Lot_62546-481_POST\ProcessJob9\Slot24|BACK","SAME_PASS","PASS_REVIEW_ONLY_UNIQUE_BACK_BF_DF_NOTCH","PASS_REVIEW_ONLY_UNIQUE_BACK_BF_DF_NOTCH","89.88472430666164","89.88472430666164","0","0.03055138667667734","0.03055138667667734","D:\KLARFExport\_ArgosReview\C15RUN1\i\PST_BRKFULLMETAL_Lot_62546-481_POST_Proces_6c7e0b4668\back_notch","D:\KLARFExport\_ArgosReview\C15RUN2\i\PST_BRKFULLMETAL_Lot_62546-481_POST_Proces_6c7e0b4668\back_notch"
"PST_BRKFULLMETAL\Lot_62546-481_POST\ProcessJob9\Slot25|BACK","SAME_PASS","PASS_REVIEW_ONLY_UNIQUE_BACK_BF_DF_NOTCH","PASS_REVIEW_ONLY_UNIQUE_BACK_BF_DF_NOTCH","89.92092483553435","89.92092483553435","0","0.04184967106871795","0.04184967106871795","D:\KLARFExport\_ArgosReview\C15RUN1\i\PST_BRKFULLMETAL_Lot_62546-481_POST_Proces_c9084014e5\back_notch","D:\KLARFExport\_ArgosReview\C15RUN2\i\PST_BRKFULLMETAL_Lot_62546-481_POST_Proces_c9084014e5\back_notch"
"PST_BRKFULLMETAL\Lot_62546-481\62546-481\Slot03|BACK","SAME_PASS","PASS_REVIEW_ONLY_UNIQUE_BACK_BF_DF_NOTCH","PASS_REVIEW_ONLY_UNIQUE_BACK_BF_DF_NOTCH","90.02773569393105","90.02773569393105","0","0.05547138786209871","0.05547138786209871","D:\KLARFExport\_ArgosReview\C15RUN1\i\PST_BRKFULLMETAL_Lot_62546-481_62546-481_S_3f0546f2c0\back_notch","D:\KLARFExport\_ArgosReview\C15RUN2\i\PST_BRKFULLMETAL_Lot_62546-481_62546-481_S_3f0546f2c0\back_notch"
"PST_BRKFULLMETAL\Lot_62546-481\62546-481\Slot04|BACK","SAME_PASS","PASS_REVIEW_ONLY_UNIQUE_BACK_BF_DF_NOTCH","PASS_REVIEW_ONLY_UNIQUE_BACK_BF_DF_NOTCH","89.8100516553693","89.8100516553693","0","0.020103310738591063","0.020103310738591063","D:\KLARFExport\_ArgosReview\C15RUN1\i\PST_BRKFULLMETAL_Lot_62546-481_62546-481_S_bac95a8df4\back_notch","D:\KLARFExport\_ArgosReview\C15RUN2\i\PST_BRKFULLMETAL_Lot_62546-481_62546-481_S_bac95a8df4\back_notch"
"PST_BRKFULLMETAL\Lot_62546-481\62546-481\Slot05|BACK","SAME_PASS","PASS_REVIEW_ONLY_UNIQUE_BACK_BF_DF_NOTCH","PASS_REVIEW_ONLY_UNIQUE_BACK_BF_DF_NOTCH","89.82399859132767","89.82399859132767","0","0.04799718265530828","0.04799718265530828","D:\KLARFExport\_ArgosReview\C15RUN1\i\PST_BRKFULLMETAL_Lot_62546-481_62546-481_S_f707b9bb79\back_notch","D:\KLARFExport\_ArgosReview\C15RUN2\i\PST_BRKFULLMETAL_Lot_62546-481_62546-481_S_f707b9bb79\back_notch"
"PST_BRKFULLMETAL\Lot_62546-481\62546-481\Slot06|BACK","SAME_PASS","PASS_REVIEW_ONLY_UNIQUE_BACK_BF_DF_NOTCH","PASS_REVIEW_ONLY_UNIQUE_BACK_BF_DF_NOTCH","89.59871068831016","89.59871068831016","0","0.0025786233796623037","0.0025786233796623037","D:\KLARFExport\_ArgosReview\C15RUN1\i\PST_BRKFULLMETAL_Lot_62546-481_62546-481_S_1fdd7a01ce\back_notch","D:\KLARFExport\_ArgosReview\C15RUN2\i\PST_BRKFULLMETAL_Lot_62546-481_62546-481_S_1fdd7a01ce\back_notch"
"PST_BRKFULLMETAL\Lot_62546-481\62546-481\Slot07|BACK","SAME_PASS","PASS_REVIEW_ONLY_UNIQUE_BACK_BF_DF_NOTCH","PASS_REVIEW_ONLY_UNIQUE_BACK_BF_DF_NOTCH","89.29357650327296","89.29357650327296","0","0.012846993454161293","0.012846993454161293","D:\KLARFExport\_ArgosReview\C15RUN1\i\PST_BRKFULLMETAL_Lot_62546-481_62546-481_S_55170224e4\back_notch","D:\KLARFExport\_ArgosReview\C15RUN2\i\PST_BRKFULLMETAL_Lot_62546-481_62546-481_S_55170224e4\back_notch"
"PST_BRKFULLMETAL\Lot_62546-481\62546-481\Slot08|BACK","SAME_PASS","PASS_REVIEW_ONLY_UNIQUE_BACK_BF_DF_NOTCH","PASS_REVIEW_ONLY_UNIQUE_BACK_BF_DF_NOTCH","89.70447233335138","89.70447233335138","0","0.008944666702689119","0.008944666702689119","D:\KLARFExport\_ArgosReview\C15RUN1\i\PST_BRKFULLMETAL_Lot_62546-481_62546-481_S_e753c43e59\back_notch","D:\KLARFExport\_ArgosReview\C15RUN2\i\PST_BRKFULLMETAL_Lot_62546-481_62546-481_S_e753c43e59\back_notch"
"PST_BRKFULLMETAL\Lot_62546-481\62546-481\Slot09|BACK","SAME_PASS","PASS_REVIEW_ONLY_UNIQUE_BACK_BF_DF_NOTCH","PASS_REVIEW_ONLY_UNIQUE_BACK_BF_DF_NOTCH","89.8996980028679","89.8996980028679","0","0.0006039942642530605","0.0006039942642530605","D:\KLARFExport\_ArgosReview\C15RUN1\i\PST_BRKFULLMETAL_Lot_62546-481_62546-481_S_3e095c38b5\back_notch","D:\KLARFExport\_ArgosReview\C15RUN2\i\PST_BRKFULLMETAL_Lot_62546-481_62546-481_S_3e095c38b5\back_notch"
"PST_BRKFULLMETAL\Lot_62546-481\62546-481\Slot10|BACK","SAME_PASS","PASS_REVIEW_ONLY_UNIQUE_BACK_BF_DF_NOTCH","PASS_REVIEW_ONLY_UNIQUE_BACK_BF_DF_NOTCH","89.89464630274861","89.89464630274861","0","0.010707394502787793","0.010707394502787793","D:\KLARFExport\_ArgosReview\C15RUN1\i\PST_BRKFULLMETAL_Lot_62546-481_62546-481_S_3c7fc49775\back_notch","D:\KLARFExport\_ArgosReview\C15RUN2\i\PST_BRKFULLMETAL_Lot_62546-481_62546-481_S_3c7fc49775\back_notch"
"PST_BRKFULLMETAL\Lot_62546-481\62546-481\Slot11|BACK","SAME_PASS","PASS_REVIEW_ONLY_UNIQUE_BACK_BF_DF_NOTCH","PASS_REVIEW_ONLY_UNIQUE_BACK_BF_DF_NOTCH","89.6795675889609","89.6795675889609","0","0.04086482207821973","0.04086482207821973","D:\KLARFExport\_ArgosReview\C15RUN1\i\PST_BRKFULLMETAL_Lot_62546-481_62546-481_S_c3d1821869\back_notch","D:\KLARFExport\_ArgosReview\C15RUN2\i\PST_BRKFULLMETAL_Lot_62546-481_62546-481_S_c3d1821869\back_notch"
"PST_BRKFULLMETAL\Lot_62546-481\62546-481\Slot12|BACK","SAME_PASS","PASS_REVIEW_ONLY_UNIQUE_BACK_BF_DF_NOTCH","PASS_REVIEW_ONLY_UNIQUE_BACK_BF_DF_NOTCH","90.01859098428508","90.01859098428508","0","0.037181968570166646","0.037181968570166646","D:\KLARFExport\_ArgosReview\C15RUN1\i\PST_BRKFULLMETAL_Lot_62546-481_62546-481_S_e5ea5a7c81\back_notch","D:\KLARFExport\_ArgosReview\C15RUN2\i\PST_BRKFULLMETAL_Lot_62546-481_62546-481_S_e5ea5a7c81\back_notch"
"PST_BRKFULLMETAL\Lot_62546-481\62546-481\Slot13|BACK","SAME_PASS","PASS_REVIEW_ONLY_UNIQUE_BACK_BF_DF_NOTCH","PASS_REVIEW_ONLY_UNIQUE_BACK_BF_DF_NOTCH","89.68911356633193","89.68911356633193","0","0.021772867336153467","0.021772867336153467","D:\KLARFExport\_ArgosReview\C15RUN1\i\PST_BRKFULLMETAL_Lot_62546-481_62546-481_S_6cc74078b4\back_notch","D:\KLARFExport\_ArgosReview\C15RUN2\i\PST_BRKFULLMETAL_Lot_62546-481_62546-481_S_6cc74078b4\back_notch"
"PST_BRKFULLMETAL\Lot_62546-481\62546-481\Slot14|BACK","SAME_PASS","PASS_REVIEW_ONLY_UNIQUE_BACK_BF_DF_NOTCH","PASS_REVIEW_ONLY_UNIQUE_BACK_BF_DF_NOTCH","89.50404735057327","89.50404735057327","0","0.00809470114657529","0.00809470114657529","D:\KLARFExport\_ArgosReview\C15RUN1\i\PST_BRKFULLMETAL_Lot_62546-481_62546-481_S_c5c1b80ad3\back_notch","D:\KLARFExport\_ArgosReview\C15RUN2\i\PST_BRKFULLMETAL_Lot_62546-481_62546-481_S_c5c1b80ad3\back_notch"
"PST_BRKFULLMETAL\Lot_62546-481\62546-481\Slot15|BACK","SAME_PASS","PASS_REVIEW_ONLY_UNIQUE_BACK_BF_DF_NOTCH","PASS_REVIEW_ONLY_UNIQUE_BACK_BF_DF_NOTCH","89.40825946130323","89.40825946130323","0","0.01651892260645127","0.01651892260645127","D:\KLARFExport\_ArgosReview\C15RUN1\i\PST_BRKFULLMETAL_Lot_62546-481_62546-481_S_deb4dd902c\back_notch","D:\KLARFExport\_ArgosReview\C15RUN2\i\PST_BRKFULLMETAL_Lot_62546-481_62546-481_S_deb4dd902c\back_notch"
"PST_BRKFULLMETAL\Lot_62546-481\62546-481\Slot16|BACK","SAME_PASS","PASS_REVIEW_ONLY_UNIQUE_BACK_BF_DF_NOTCH","PASS_REVIEW_ONLY_UNIQUE_BACK_BF_DF_NOTCH","89.4912685240929","89.4912685240929","0","0.01746295181419555","0.01746295181419555","D:\KLARFExport\_ArgosReview\C15RUN1\i\PST_BRKFULLMETAL_Lot_62546-481_62546-481_S_b6f7b5cc95\back_notch","D:\KLARFExport\_ArgosReview\C15RUN2\i\PST_BRKFULLMETAL_Lot_62546-481_62546-481_S_b6f7b5cc95\back_notch"
"PST_BRKFULLMETAL\Lot_62546-481\62546-481\Slot17|BACK","SAME_HOLD","HOLD_BACK_NOTCH_NOT_FOUND","HOLD_BACK_NOTCH_NOT_FOUND","","","","","","D:\KLARFExport\_ArgosReview\C15RUN1\i\PST_BRKFULLMETAL_Lot_62546-481_62546-481_S_909f27066b\back_notch","D:\KLARFExport\_ArgosReview\C15RUN2\i\PST_BRKFULLMETAL_Lot_62546-481_62546-481_S_909f27066b\back_notch"
"PST_BRKFULLMETAL\Lot_62546-481\62546-481\Slot18|BACK","SAME_PASS","PASS_REVIEW_ONLY_UNIQUE_BACK_BF_DF_NOTCH","PASS_REVIEW_ONLY_UNIQUE_BACK_BF_DF_NOTCH","89.81777034928808","89.81777034928808","0","0.035540698576085106","0.035540698576085106","D:\KLARFExport\_ArgosReview\C15RUN1\i\PST_BRKFULLMETAL_Lot_62546-481_62546-481_S_241e36f7a7\back_notch","D:\KLARFExport\_ArgosReview\C15RUN2\i\PST_BRKFULLMETAL_Lot_62546-481_62546-481_S_241e36f7a7\back_notch"
"PST_BRKFULLMETAL\Lot_62546-481\62546-481\Slot19|BACK","SAME_PASS","PASS_REVIEW_ONLY_UNIQUE_BACK_BF_DF_NOTCH","PASS_REVIEW_ONLY_UNIQUE_BACK_BF_DF_NOTCH","90.07309080798898","90.07309080798898","0","0.0538183840220654","0.0538183840220654","D:\KLARFExport\_ArgosReview\C15RUN1\i\PST_BRKFULLMETAL_Lot_62546-481_62546-481_S_3626e440d9\back_notch","D:\KLARFExport\_ArgosReview\C15RUN2\i\PST_BRKFULLMETAL_Lot_62546-481_62546-481_S_3626e440d9\back_notch"
"PST_BRKFULLMETAL\Lot_62546-481\62546-481\Slot20|BACK","SAME_PASS","PASS_REVIEW_ONLY_UNIQUE_BACK_BF_DF_NOTCH","PASS_REVIEW_ONLY_UNIQUE_BACK_BF_DF_NOTCH","89.79464003605352","89.79464003605352","0","0.010719927892978376","0.010719927892978376","D:\KLARFExport\_ArgosReview\C15RUN1\i\PST_BRKFULLMETAL_Lot_62546-481_62546-481_S_64e359994e\back_notch","D:\KLARFExport\_ArgosReview\C15RUN2\i\PST_BRKFULLMETAL_Lot_62546-481_62546-481_S_64e359994e\back_notch"
"PST_BRKFULLMETAL\Lot_62546-481\62546-481\Slot21|BACK","SAME_PASS","PASS_REVIEW_ONLY_UNIQUE_BACK_BF_DF_NOTCH","PASS_REVIEW_ONLY_UNIQUE_BACK_BF_DF_NOTCH","88.81188224280748","88.81188224280748","0","0.023764485615004105","0.023764485615004105","D:\KLARFExport\_ArgosReview\C15RUN1\i\PST_BRKFULLMETAL_Lot_62546-481_62546-481_S_e5526d1718\back_notch","D:\KLARFExport\_ArgosReview\C15RUN2\i\PST_BRKFULLMETAL_Lot_62546-481_62546-481_S_e5526d1718\back_notch"
"PST_BRKFULLMETAL\Lot_62546-481\62546-481\Slot22|BACK","SAME_PASS","PASS_REVIEW_ONLY_UNIQUE_BACK_BF_DF_NOTCH","PASS_REVIEW_ONLY_UNIQUE_BACK_BF_DF_NOTCH","89.6970406302578","89.6970406302578","0","0.005918739484371827","0.005918739484371827","D:\KLARFExport\_ArgosReview\C15RUN1\i\PST_BRKFULLMETAL_Lot_62546-481_62546-481_S_30b4110c85\back_notch","D:\KLARFExport\_ArgosReview\C15RUN2\i\PST_BRKFULLMETAL_Lot_62546-481_62546-481_S_30b4110c85\back_notch"
"PST_BRKFULLMETAL\Lot_62546-481\62546-481\Slot23|BACK","SAME_PASS","PASS_REVIEW_ONLY_UNIQUE_BACK_BF_DF_NOTCH","PASS_REVIEW_ONLY_UNIQUE_BACK_BF_DF_NOTCH","89.79035457360146","89.79035457360146","0","0.019290852797155367","0.019290852797155367","D:\KLARFExport\_ArgosReview\C15RUN1\i\PST_BRKFULLMETAL_Lot_62546-481_62546-481_S_4fa8db3a59\back_notch","D:\KLARFExport\_ArgosReview\C15RUN2\i\PST_BRKFULLMETAL_Lot_62546-481_62546-481_S_4fa8db3a59\back_notch"
"PST_BRKFULLMETAL\Lot_62546-481\62546-481\Slot24|BACK","SAME_PASS","PASS_REVIEW_ONLY_UNIQUE_BACK_BF_DF_NOTCH","PASS_REVIEW_ONLY_UNIQUE_BACK_BF_DF_NOTCH","89.82400926733527","89.82400926733527","0","0.048018534670575264","0.048018534670575264","D:\KLARFExport\_ArgosReview\C15RUN1\i\PST_BRKFULLMETAL_Lot_62546-481_62546-481_S_f83ae8a75d\back_notch","D:\KLARFExport\_ArgosReview\C15RUN2\i\PST_BRKFULLMETAL_Lot_62546-481_62546-481_S_f83ae8a75d\back_notch"
"PST_BRKFULLMETAL\Lot_62546-481\62546-481\Slot25|BACK","SAME_PASS","PASS_REVIEW_ONLY_UNIQUE_BACK_BF_DF_NOTCH","PASS_REVIEW_ONLY_UNIQUE_BACK_BF_DF_NOTCH","89.9237653786407","89.9237653786407","0","0.04753075728132217","0.04753075728132217","D:\KLARFExport\_ArgosReview\C15RUN1\i\PST_BRKFULLMETAL_Lot_62546-481_62546-481_S_583c0b71fd\back_notch","D:\KLARFExport\_ArgosReview\C15RUN2\i\PST_BRKFULLMETAL_Lot_62546-481_62546-481_S_583c0b71fd\back_notch"
"PST_BRKFULLMETAL\Lot_62546-481\ProcessJob0\Slot03|BACK","SAME_PASS","PASS_REVIEW_ONLY_UNIQUE_BACK_BF_DF_NOTCH","PASS_REVIEW_ONLY_UNIQUE_BACK_BF_DF_NOTCH","90.02773569393105","90.02773569393105","0","0.05547138786209871","0.05547138786209871","D:\KLARFExport\_ArgosReview\C15RUN1\i\PST_BRKFULLMETAL_Lot_62546-481_ProcessJob0_5840b794f4\back_notch","D:\KLARFExport\_ArgosReview\C15RUN2\i\PST_BRKFULLMETAL_Lot_62546-481_ProcessJob0_5840b794f4\back_notch"
"PST_BRKFULLMETAL\Lot_62546-481\ProcessJob0\Slot04|BACK","SAME_PASS","PASS_REVIEW_ONLY_UNIQUE_BACK_BF_DF_NOTCH","PASS_REVIEW_ONLY_UNIQUE_BACK_BF_DF_NOTCH","89.8100516553693","89.8100516553693","0","0.020103310738591063","0.020103310738591063","D:\KLARFExport\_ArgosReview\C15RUN1\i\PST_BRKFULLMETAL_Lot_62546-481_ProcessJob0_072a8e78c5\back_notch","D:\KLARFExport\_ArgosReview\C15RUN2\i\PST_BRKFULLMETAL_Lot_62546-481_ProcessJob0_072a8e78c5\back_notch"
"PST_BRKFULLMETAL\Lot_62546-481\ProcessJob0\Slot05|BACK","SAME_PASS","PASS_REVIEW_ONLY_UNIQUE_BACK_BF_DF_NOTCH","PASS_REVIEW_ONLY_UNIQUE_BACK_BF_DF_NOTCH","89.82399859132767","89.82399859132767","0","0.04799718265530828","0.04799718265530828","D:\KLARFExport\_ArgosReview\C15RUN1\i\PST_BRKFULLMETAL_Lot_62546-481_ProcessJob0_af910d49e5\back_notch","D:\KLARFExport\_ArgosReview\C15RUN2\i\PST_BRKFULLMETAL_Lot_62546-481_ProcessJob0_af910d49e5\back_notch"
"PST_BRKFULLMETAL\Lot_62546-481\ProcessJob0\Slot06|BACK","SAME_PASS","PASS_REVIEW_ONLY_UNIQUE_BACK_BF_DF_NOTCH","PASS_REVIEW_ONLY_UNIQUE_BACK_BF_DF_NOTCH","89.59871068831016","89.59871068831016","0","0.0025786233796623037","0.0025786233796623037","D:\KLARFExport\_ArgosReview\C15RUN1\i\PST_BRKFULLMETAL_Lot_62546-481_ProcessJob0_5f06d48636\back_notch","D:\KLARFExport\_ArgosReview\C15RUN2\i\PST_BRKFULLMETAL_Lot_62546-481_ProcessJob0_5f06d48636\back_notch"
"PST_BRKFULLMETAL\Lot_62546-481\ProcessJob0\Slot07|BACK","SAME_PASS","PASS_REVIEW_ONLY_UNIQUE_BACK_BF_DF_NOTCH","PASS_REVIEW_ONLY_UNIQUE_BACK_BF_DF_NOTCH","89.29357650327296","89.29357650327296","0","0.012846993454161293","0.012846993454161293","D:\KLARFExport\_ArgosReview\C15RUN1\i\PST_BRKFULLMETAL_Lot_62546-481_ProcessJob0_dec52e31a2\back_notch","D:\KLARFExport\_ArgosReview\C15RUN2\i\PST_BRKFULLMETAL_Lot_62546-481_ProcessJob0_dec52e31a2\back_notch"
"PST_BRKFULLMETAL\Lot_62546-481\ProcessJob0\Slot08|BACK","SAME_PASS","PASS_REVIEW_ONLY_UNIQUE_BACK_BF_DF_NOTCH","PASS_REVIEW_ONLY_UNIQUE_BACK_BF_DF_NOTCH","89.70447233335138","89.70447233335138","0","0.008944666702689119","0.008944666702689119","D:\KLARFExport\_ArgosReview\C15RUN1\i\PST_BRKFULLMETAL_Lot_62546-481_ProcessJob0_affeaff492\back_notch","D:\KLARFExport\_ArgosReview\C15RUN2\i\PST_BRKFULLMETAL_Lot_62546-481_ProcessJob0_affeaff492\back_notch"
"PST_BRKFULLMETAL\Lot_62546-481\ProcessJob0\Slot09|BACK","SAME_PASS","PASS_REVIEW_ONLY_UNIQUE_BACK_BF_DF_NOTCH","PASS_REVIEW_ONLY_UNIQUE_BACK_BF_DF_NOTCH","89.8996980028679","89.8996980028679","0","0.0006039942642530605","0.0006039942642530605","D:\KLARFExport\_ArgosReview\C15RUN1\i\PST_BRKFULLMETAL_Lot_62546-481_ProcessJob0_f70573c82b\back_notch","D:\KLARFExport\_ArgosReview\C15RUN2\i\PST_BRKFULLMETAL_Lot_62546-481_ProcessJob0_f70573c82b\back_notch"
"PST_BRKFULLMETAL\Lot_62546-481\ProcessJob0\Slot10|BACK","SAME_PASS","PASS_REVIEW_ONLY_UNIQUE_BACK_BF_DF_NOTCH","PASS_REVIEW_ONLY_UNIQUE_BACK_BF_DF_NOTCH","89.89464630274861","89.89464630274861","0","0.010707394502787793","0.010707394502787793","D:\KLARFExport\_ArgosReview\C15RUN1\i\PST_BRKFULLMETAL_Lot_62546-481_ProcessJob0_6fac83b38a\back_notch","D:\KLARFExport\_ArgosReview\C15RUN2\i\PST_BRKFULLMETAL_Lot_62546-481_ProcessJob0_6fac83b38a\back_notch"
"PST_BRKFULLMETAL\Lot_62546-481\ProcessJob0\Slot11|BACK","SAME_PASS","PASS_REVIEW_ONLY_UNIQUE_BACK_BF_DF_NOTCH","PASS_REVIEW_ONLY_UNIQUE_BACK_BF_DF_NOTCH","89.6795675889609","89.6795675889609","0","0.04086482207821973","0.04086482207821973","D:\KLARFExport\_ArgosReview\C15RUN1\i\PST_BRKFULLMETAL_Lot_62546-481_ProcessJob0_a42704c3b6\back_notch","D:\KLARFExport\_ArgosReview\C15RUN2\i\PST_BRKFULLMETAL_Lot_62546-481_ProcessJob0_a42704c3b6\back_notch"
"PST_BRKFULLMETAL\Lot_62546-481\ProcessJob0\Slot12|BACK","SAME_PASS","PASS_REVIEW_ONLY_UNIQUE_BACK_BF_DF_NOTCH","PASS_REVIEW_ONLY_UNIQUE_BACK_BF_DF_NOTCH","90.01859098428508","90.01859098428508","0","0.037181968570166646","0.037181968570166646","D:\KLARFExport\_ArgosReview\C15RUN1\i\PST_BRKFULLMETAL_Lot_62546-481_ProcessJob0_bec47641f7\back_notch","D:\KLARFExport\_ArgosReview\C15RUN2\i\PST_BRKFULLMETAL_Lot_62546-481_ProcessJob0_bec47641f7\back_notch"
"PST_BRKFULLMETAL\Lot_62546-481\ProcessJob0\Slot13|BACK","SAME_PASS","PASS_REVIEW_ONLY_UNIQUE_BACK_BF_DF_NOTCH","PASS_REVIEW_ONLY_UNIQUE_BACK_BF_DF_NOTCH","89.68911356633193","89.68911356633193","0","0.021772867336153467","0.021772867336153467","D:\KLARFExport\_ArgosReview\C15RUN1\i\PST_BRKFULLMETAL_Lot_62546-481_ProcessJob0_74e17ba5a9\back_notch","D:\KLARFExport\_ArgosReview\C15RUN2\i\PST_BRKFULLMETAL_Lot_62546-481_ProcessJob0_74e17ba5a9\back_notch"
"PST_BRKFULLMETAL\Lot_62546-481\ProcessJob0\Slot14|BACK","SAME_PASS","PASS_REVIEW_ONLY_UNIQUE_BACK_BF_DF_NOTCH","PASS_REVIEW_ONLY_UNIQUE_BACK_BF_DF_NOTCH","89.50404735057327","89.50404735057327","0","0.00809470114657529","0.00809470114657529","D:\KLARFExport\_ArgosReview\C15RUN1\i\PST_BRKFULLMETAL_Lot_62546-481_ProcessJob0_34056bd626\back_notch","D:\KLARFExport\_ArgosReview\C15RUN2\i\PST_BRKFULLMETAL_Lot_62546-481_ProcessJob0_34056bd626\back_notch"
"PST_BRKFULLMETAL\Lot_62546-481\ProcessJob0\Slot15|BACK","SAME_PASS","PASS_REVIEW_ONLY_UNIQUE_BACK_BF_DF_NOTCH","PASS_REVIEW_ONLY_UNIQUE_BACK_BF_DF_NOTCH","89.40825946130323","89.40825946130323","0","0.01651892260645127","0.01651892260645127","D:\KLARFExport\_ArgosReview\C15RUN1\i\PST_BRKFULLMETAL_Lot_62546-481_ProcessJob0_1a234e3302\back_notch","D:\KLARFExport\_ArgosReview\C15RUN2\i\PST_BRKFULLMETAL_Lot_62546-481_ProcessJob0_1a234e3302\back_notch"
"PST_BRKFULLMETAL\Lot_62546-481\ProcessJob0\Slot16|BACK","SAME_PASS","PASS_REVIEW_ONLY_UNIQUE_BACK_BF_DF_NOTCH","PASS_REVIEW_ONLY_UNIQUE_BACK_BF_DF_NOTCH","89.4912685240929","89.4912685240929","0","0.01746295181419555","0.01746295181419555","D:\KLARFExport\_ArgosReview\C15RUN1\i\PST_BRKFULLMETAL_Lot_62546-481_ProcessJob0_437ec9b009\back_notch","D:\KLARFExport\_ArgosReview\C15RUN2\i\PST_BRKFULLMETAL_Lot_62546-481_ProcessJob0_437ec9b009\back_notch"
"PST_BRKFULLMETAL\Lot_62546-481\ProcessJob0\Slot17|BACK","SAME_HOLD","HOLD_BACK_NOTCH_NOT_FOUND","HOLD_BACK_NOTCH_NOT_FOUND","","","","","","D:\KLARFExport\_ArgosReview\C15RUN1\i\PST_BRKFULLMETAL_Lot_62546-481_ProcessJob0_74c57fd751\back_notch","D:\KLARFExport\_ArgosReview\C15RUN2\i\PST_BRKFULLMETAL_Lot_62546-481_ProcessJob0_74c57fd751\back_notch"
"PST_BRKFULLMETAL\Lot_62546-481\ProcessJob0\Slot18|BACK","SAME_PASS","PASS_REVIEW_ONLY_UNIQUE_BACK_BF_DF_NOTCH","PASS_REVIEW_ONLY_UNIQUE_BACK_BF_DF_NOTCH","89.81777034928808","89.81777034928808","0","0.035540698576085106","0.035540698576085106","D:\KLARFExport\_ArgosReview\C15RUN1\i\PST_BRKFULLMETAL_Lot_62546-481_ProcessJob0_a6946bbaf6\back_notch","D:\KLARFExport\_ArgosReview\C15RUN2\i\PST_BRKFULLMETAL_Lot_62546-481_ProcessJob0_a6946bbaf6\back_notch"
"PST_BRKFULLMETAL\Lot_62546-481\ProcessJob0\Slot19|BACK","SAME_PASS","PASS_REVIEW_ONLY_UNIQUE_BACK_BF_DF_NOTCH","PASS_REVIEW_ONLY_UNIQUE_BACK_BF_DF_NOTCH","90.07309080798898","90.07309080798898","0","0.0538183840220654","0.0538183840220654","D:\KLARFExport\_ArgosReview\C15RUN1\i\PST_BRKFULLMETAL_Lot_62546-481_ProcessJob0_9ebd1d22cb\back_notch","D:\KLARFExport\_ArgosReview\C15RUN2\i\PST_BRKFULLMETAL_Lot_62546-481_ProcessJob0_9ebd1d22cb\back_notch"
"PST_BRKFULLMETAL\Lot_62546-481\ProcessJob0\Slot20|BACK","SAME_PASS","PASS_REVIEW_ONLY_UNIQUE_BACK_BF_DF_NOTCH","PASS_REVIEW_ONLY_UNIQUE_BACK_BF_DF_NOTCH","89.79464003605352","89.79464003605352","0","0.010719927892978376","0.010719927892978376","D:\KLARFExport\_ArgosReview\C15RUN1\i\PST_BRKFULLMETAL_Lot_62546-481_ProcessJob0_ead1bba7fe\back_notch","D:\KLARFExport\_ArgosReview\C15RUN2\i\PST_BRKFULLMETAL_Lot_62546-481_ProcessJob0_ead1bba7fe\back_notch"
"PST_BRKFULLMETAL\Lot_62546-481\ProcessJob0\Slot21|BACK","SAME_PASS","PASS_REVIEW_ONLY_UNIQUE_BACK_BF_DF_NOTCH","PASS_REVIEW_ONLY_UNIQUE_BACK_BF_DF_NOTCH","88.81188224280748","88.81188224280748","0","0.023764485615004105","0.023764485615004105","D:\KLARFExport\_ArgosReview\C15RUN1\i\PST_BRKFULLMETAL_Lot_62546-481_ProcessJob0_2fc3b66a77\back_notch","D:\KLARFExport\_ArgosReview\C15RUN2\i\PST_BRKFULLMETAL_Lot_62546-481_ProcessJob0_2fc3b66a77\back_notch"
"PST_BRKFULLMETAL\Lot_62546-481\ProcessJob0\Slot22|BACK","SAME_PASS","PASS_REVIEW_ONLY_UNIQUE_BACK_BF_DF_NOTCH","PASS_REVIEW_ONLY_UNIQUE_BACK_BF_DF_NOTCH","89.6970406302578","89.6970406302578","0","0.005918739484371827","0.005918739484371827","D:\KLARFExport\_ArgosReview\C15RUN1\i\PST_BRKFULLMETAL_Lot_62546-481_ProcessJob0_54dcc6d51f\back_notch","D:\KLARFExport\_ArgosReview\C15RUN2\i\PST_BRKFULLMETAL_Lot_62546-481_ProcessJob0_54dcc6d51f\back_notch"
"PST_BRKFULLMETAL\Lot_62546-481\ProcessJob0\Slot23|BACK","SAME_PASS","PASS_REVIEW_ONLY_UNIQUE_BACK_BF_DF_NOTCH","PASS_REVIEW_ONLY_UNIQUE_BACK_BF_DF_NOTCH","89.79035457360146","89.79035457360146","0","0.019290852797155367","0.019290852797155367","D:\KLARFExport\_ArgosReview\C15RUN1\i\PST_BRKFULLMETAL_Lot_62546-481_ProcessJob0_1ff518f16b\back_notch","D:\KLARFExport\_ArgosReview\C15RUN2\i\PST_BRKFULLMETAL_Lot_62546-481_ProcessJob0_1ff518f16b\back_notch"
"PST_BRKFULLMETAL\Lot_62546-481\ProcessJob0\Slot24|BACK","SAME_PASS","PASS_REVIEW_ONLY_UNIQUE_BACK_BF_DF_NOTCH","PASS_REVIEW_ONLY_UNIQUE_BACK_BF_DF_NOTCH","89.82400926733527","89.82400926733527","0","0.048018534670575264","0.048018534670575264","D:\KLARFExport\_ArgosReview\C15RUN1\i\PST_BRKFULLMETAL_Lot_62546-481_ProcessJob0_0b3022f9cf\back_notch","D:\KLARFExport\_ArgosReview\C15RUN2\i\PST_BRKFULLMETAL_Lot_62546-481_ProcessJob0_0b3022f9cf\back_notch"
"PST_BRKFULLMETAL\Lot_62546-481\ProcessJob0\Slot25|BACK","SAME_PASS","PASS_REVIEW_ONLY_UNIQUE_BACK_BF_DF_NOTCH","PASS_REVIEW_ONLY_UNIQUE_BACK_BF_DF_NOTCH","89.9237653786407","89.9237653786407","0","0.04753075728132217","0.04753075728132217","D:\KLARFExport\_ArgosReview\C15RUN1\i\PST_BRKFULLMETAL_Lot_62546-481_ProcessJob0_841160b29c\back_notch","D:\KLARFExport\_ArgosReview\C15RUN2\i\PST_BRKFULLMETAL_Lot_62546-481_ProcessJob0_841160b29c\back_notch"
"PST_BRKFULLMETAL\Lot_62546-481\ProcessJob1\Slot03|BACK","SAME_PASS","PASS_REVIEW_ONLY_UNIQUE_BACK_BF_DF_NOTCH","PASS_REVIEW_ONLY_UNIQUE_BACK_BF_DF_NOTCH","90.02773569393105","90.02773569393105","0","0.05547138786209871","0.05547138786209871","D:\KLARFExport\_ArgosReview\C15RUN1\i\PST_BRKFULLMETAL_Lot_62546-481_ProcessJob1_98347dca9b\back_notch","D:\KLARFExport\_ArgosReview\C15RUN2\i\PST_BRKFULLMETAL_Lot_62546-481_ProcessJob1_98347dca9b\back_notch"
"PST_BRKFULLMETAL\Lot_62546-481\ProcessJob1\Slot04|BACK","SAME_PASS","PASS_REVIEW_ONLY_UNIQUE_BACK_BF_DF_NOTCH","PASS_REVIEW_ONLY_UNIQUE_BACK_BF_DF_NOTCH","89.8100516553693","89.8100516553693","0","0.020103310738591063","0.020103310738591063","D:\KLARFExport\_ArgosReview\C15RUN1\i\PST_BRKFULLMETAL_Lot_62546-481_ProcessJob1_53a4d0def4\back_notch","D:\KLARFExport\_ArgosReview\C15RUN2\i\PST_BRKFULLMETAL_Lot_62546-481_ProcessJob1_53a4d0def4\back_notch"
"PST_BRKFULLMETAL\Lot_62546-481\ProcessJob1\Slot05|BACK","SAME_PASS","PASS_REVIEW_ONLY_UNIQUE_BACK_BF_DF_NOTCH","PASS_REVIEW_ONLY_UNIQUE_BACK_BF_DF_NOTCH","89.82399859132767","89.82399859132767","0","0.04799718265530828","0.04799718265530828","D:\KLARFExport\_ArgosReview\C15RUN1\i\PST_BRKFULLMETAL_Lot_62546-481_ProcessJob1_39380286c2\back_notch","D:\KLARFExport\_ArgosReview\C15RUN2\i\PST_BRKFULLMETAL_Lot_62546-481_ProcessJob1_39380286c2\back_notch"
"PST_BRKFULLMETAL\Lot_62546-481\ProcessJob1\Slot07|BACK","SAME_PASS","PASS_REVIEW_ONLY_UNIQUE_BACK_BF_DF_NOTCH","PASS_REVIEW_ONLY_UNIQUE_BACK_BF_DF_NOTCH","89.29357650327296","89.29357650327296","0","0.012846993454161293","0.012846993454161293","D:\KLARFExport\_ArgosReview\C15RUN1\i\PST_BRKFULLMETAL_Lot_62546-481_ProcessJob1_8183c3d48c\back_notch","D:\KLARFExport\_ArgosReview\C15RUN2\i\PST_BRKFULLMETAL_Lot_62546-481_ProcessJob1_8183c3d48c\back_notch"
"PST_BRKFULLMETAL\Lot_62546-481\ProcessJob1\Slot10|BACK","SAME_PASS","PASS_REVIEW_ONLY_UNIQUE_BACK_BF_DF_NOTCH","PASS_REVIEW_ONLY_UNIQUE_BACK_BF_DF_NOTCH","89.89464630274861","89.89464630274861","0","0.010707394502787793","0.010707394502787793","D:\KLARFExport\_ArgosReview\C15RUN1\i\PST_BRKFULLMETAL_Lot_62546-481_ProcessJob1_2f311de76c\back_notch","D:\KLARFExport\_ArgosReview\C15RUN2\i\PST_BRKFULLMETAL_Lot_62546-481_ProcessJob1_2f311de76c\back_notch"
"PST_BRKFULLMETAL\Lot_62546-481\ProcessJob1\Slot12|BACK","SAME_PASS","PASS_REVIEW_ONLY_UNIQUE_BACK_BF_DF_NOTCH","PASS_REVIEW_ONLY_UNIQUE_BACK_BF_DF_NOTCH","90.01859098428508","90.01859098428508","0","0.037181968570166646","0.037181968570166646","D:\KLARFExport\_ArgosReview\C15RUN1\i\PST_BRKFULLMETAL_Lot_62546-481_ProcessJob1_2c272f755d\back_notch","D:\KLARFExport\_ArgosReview\C15RUN2\i\PST_BRKFULLMETAL_Lot_62546-481_ProcessJob1_2c272f755d\back_notch"
"PST_BRKFULLMETAL\Lot_62546-481\ProcessJob1\Slot13|BACK","SAME_PASS","PASS_REVIEW_ONLY_UNIQUE_BACK_BF_DF_NOTCH","PASS_REVIEW_ONLY_UNIQUE_BACK_BF_DF_NOTCH","89.68911356633193","89.68911356633193","0","0.021772867336153467","0.021772867336153467","D:\KLARFExport\_ArgosReview\C15RUN1\i\PST_BRKFULLMETAL_Lot_62546-481_ProcessJob1_0733dfbe94\back_notch","D:\KLARFExport\_ArgosReview\C15RUN2\i\PST_BRKFULLMETAL_Lot_62546-481_ProcessJob1_0733dfbe94\back_notch"
"PST_BRKFULLMETAL\Lot_62546-481\ProcessJob1\Slot16|BACK","SAME_PASS","PASS_REVIEW_ONLY_UNIQUE_BACK_BF_DF_NOTCH","PASS_REVIEW_ONLY_UNIQUE_BACK_BF_DF_NOTCH","89.4912685240929","89.4912685240929","0","0.01746295181419555","0.01746295181419555","D:\KLARFExport\_ArgosReview\C15RUN1\i\PST_BRKFULLMETAL_Lot_62546-481_ProcessJob1_efa71c9d2e\back_notch","D:\KLARFExport\_ArgosReview\C15RUN2\i\PST_BRKFULLMETAL_Lot_62546-481_ProcessJob1_efa71c9d2e\back_notch"
"PST_BRKFULLMETAL\Lot_62546-481\ProcessJob1\Slot19|BACK","SAME_PASS","PASS_REVIEW_ONLY_UNIQUE_BACK_BF_DF_NOTCH","PASS_REVIEW_ONLY_UNIQUE_BACK_BF_DF_NOTCH","90.07309080798898","90.07309080798898","0","0.0538183840220654","0.0538183840220654","D:\KLARFExport\_ArgosReview\C15RUN1\i\PST_BRKFULLMETAL_Lot_62546-481_ProcessJob1_745c726733\back_notch","D:\KLARFExport\_ArgosReview\C15RUN2\i\PST_BRKFULLMETAL_Lot_62546-481_ProcessJob1_745c726733\back_notch"
"PST_BRKFULLMETAL\Lot_62546-481\ProcessJob1\Slot20|BACK","SAME_PASS","PASS_REVIEW_ONLY_UNIQUE_BACK_BF_DF_NOTCH","PASS_REVIEW_ONLY_UNIQUE_BACK_BF_DF_NOTCH","89.79464003605352","89.79464003605352","0","0.010719927892978376","0.010719927892978376","D:\KLARFExport\_ArgosReview\C15RUN1\i\PST_BRKFULLMETAL_Lot_62546-481_ProcessJob1_9f46b8683e\back_notch","D:\KLARFExport\_ArgosReview\C15RUN2\i\PST_BRKFULLMETAL_Lot_62546-481_ProcessJob1_9f46b8683e\back_notch"
"PST_BRKFULLMETAL\Lot_62546-481\ProcessJob1\Slot21|BACK","SAME_PASS","PASS_REVIEW_ONLY_UNIQUE_BACK_BF_DF_NOTCH","PASS_REVIEW_ONLY_UNIQUE_BACK_BF_DF_NOTCH","88.81188224280748","88.81188224280748","0","0.023764485615004105","0.023764485615004105","D:\KLARFExport\_ArgosReview\C15RUN1\i\PST_BRKFULLMETAL_Lot_62546-481_ProcessJob1_a06c5e3daf\back_notch","D:\KLARFExport\_ArgosReview\C15RUN2\i\PST_BRKFULLMETAL_Lot_62546-481_ProcessJob1_a06c5e3daf\back_notch"
"PST_BRKFULLMETAL\Lot_62546-481\ProcessJob1\Slot22|BACK","SAME_PASS","PASS_REVIEW_ONLY_UNIQUE_BACK_BF_DF_NOTCH","PASS_REVIEW_ONLY_UNIQUE_BACK_BF_DF_NOTCH","89.6970406302578","89.6970406302578","0","0.005918739484371827","0.005918739484371827","D:\KLARFExport\_ArgosReview\C15RUN1\i\PST_BRKFULLMETAL_Lot_62546-481_ProcessJob1_96be6f5c75\back_notch","D:\KLARFExport\_ArgosReview\C15RUN2\i\PST_BRKFULLMETAL_Lot_62546-481_ProcessJob1_96be6f5c75\back_notch"
"PST_BRKFULLMETAL\Lot_62546-481\ProcessJob1\Slot23|BACK","SAME_PASS","PASS_REVIEW_ONLY_UNIQUE_BACK_BF_DF_NOTCH","PASS_REVIEW_ONLY_UNIQUE_BACK_BF_DF_NOTCH","89.79035457360146","89.79035457360146","0","0.019290852797155367","0.019290852797155367","D:\KLARFExport\_ArgosReview\C15RUN1\i\PST_BRKFULLMETAL_Lot_62546-481_ProcessJob1_8334a0adcc\back_notch","D:\KLARFExport\_ArgosReview\C15RUN2\i\PST_BRKFULLMETAL_Lot_62546-481_ProcessJob1_8334a0adcc\back_notch"
"PST_BRKFULLMETAL\Lot_62546-481\ProcessJob1\Slot24|BACK","SAME_PASS","PASS_REVIEW_ONLY_UNIQUE_BACK_BF_DF_NOTCH","PASS_REVIEW_ONLY_UNIQUE_BACK_BF_DF_NOTCH","89.82400926733527","89.82400926733527","0","0.048018534670575264","0.048018534670575264","D:\KLARFExport\_ArgosReview\C15RUN1\i\PST_BRKFULLMETAL_Lot_62546-481_ProcessJob1_5b749fb340\back_notch","D:\KLARFExport\_ArgosReview\C15RUN2\i\PST_BRKFULLMETAL_Lot_62546-481_ProcessJob1_5b749fb340\back_notch"
"PST_BRKFULLMETAL\Lot_62546-481\ProcessJob1\Slot25|BACK","SAME_PASS","PASS_REVIEW_ONLY_UNIQUE_BACK_BF_DF_NOTCH","PASS_REVIEW_ONLY_UNIQUE_BACK_BF_DF_NOTCH","89.9237653786407","89.9237653786407","0","0.04753075728132217","0.04753075728132217","D:\KLARFExport\_ArgosReview\C15RUN1\i\PST_BRKFULLMETAL_Lot_62546-481_ProcessJob1_cb5a7a1b94\back_notch","D:\KLARFExport\_ArgosReview\C15RUN2\i\PST_BRKFULLMETAL_Lot_62546-481_ProcessJob1_cb5a7a1b94\back_notch"
"PST_BRKFULLMETAL\Lot_62546-481\ProcessJob2\Slot03|BACK","SAME_PASS","PASS_REVIEW_ONLY_UNIQUE_BACK_BF_DF_NOTCH","PASS_REVIEW_ONLY_UNIQUE_BACK_BF_DF_NOTCH","90.02773569393105","90.02773569393105","0","0.05547138786209871","0.05547138786209871","D:\KLARFExport\_ArgosReview\C15RUN1\i\PST_BRKFULLMETAL_Lot_62546-481_ProcessJob2_a5e8653340\back_notch","D:\KLARFExport\_ArgosReview\C15RUN2\i\PST_BRKFULLMETAL_Lot_62546-481_ProcessJob2_a5e8653340\back_notch"
"PST_BRKFULLMETAL\Lot_62546-481\ProcessJob2\Slot04|BACK","SAME_PASS","PASS_REVIEW_ONLY_UNIQUE_BACK_BF_DF_NOTCH","PASS_REVIEW_ONLY_UNIQUE_BACK_BF_DF_NOTCH","89.8100516553693","89.8100516553693","0","0.020103310738591063","0.020103310738591063","D:\KLARFExport\_ArgosReview\C15RUN1\i\PST_BRKFULLMETAL_Lot_62546-481_ProcessJob2_d51046ed9f\back_notch","D:\KLARFExport\_ArgosReview\C15RUN2\i\PST_BRKFULLMETAL_Lot_62546-481_ProcessJob2_d51046ed9f\back_notch"
"PST_BRKFULLMETAL\Lot_62546-481\ProcessJob2\Slot05|BACK","SAME_PASS","PASS_REVIEW_ONLY_UNIQUE_BACK_BF_DF_NOTCH","PASS_REVIEW_ONLY_UNIQUE_BACK_BF_DF_NOTCH","89.82399859132767","89.82399859132767","0","0.04799718265530828","0.04799718265530828","D:\KLARFExport\_ArgosReview\C15RUN1\i\PST_BRKFULLMETAL_Lot_62546-481_ProcessJob2_4b0f0463e0\back_notch","D:\KLARFExport\_ArgosReview\C15RUN2\i\PST_BRKFULLMETAL_Lot_62546-481_ProcessJob2_4b0f0463e0\back_notch"
"PST_BRKFULLMETAL\Lot_62546-481\ProcessJob2\Slot07|BACK","SAME_PASS","PASS_REVIEW_ONLY_UNIQUE_BACK_BF_DF_NOTCH","PASS_REVIEW_ONLY_UNIQUE_BACK_BF_DF_NOTCH","89.29357650327296","89.29357650327296","0","0.012846993454161293","0.012846993454161293","D:\KLARFExport\_ArgosReview\C15RUN1\i\PST_BRKFULLMETAL_Lot_62546-481_ProcessJob2_aaca62f4d4\back_notch","D:\KLARFExport\_ArgosReview\C15RUN2\i\PST_BRKFULLMETAL_Lot_62546-481_ProcessJob2_aaca62f4d4\back_notch"
"PST_BRKFULLMETAL\Lot_62546-481\ProcessJob2\Slot12|BACK","SAME_PASS","PASS_REVIEW_ONLY_UNIQUE_BACK_BF_DF_NOTCH","PASS_REVIEW_ONLY_UNIQUE_BACK_BF_DF_NOTCH","90.01859098428508","90.01859098428508","0","0.037181968570166646","0.037181968570166646","D:\KLARFExport\_ArgosReview\C15RUN1\i\PST_BRKFULLMETAL_Lot_62546-481_ProcessJob2_bd8c2538bd\back_notch","D:\KLARFExport\_ArgosReview\C15RUN2\i\PST_BRKFULLMETAL_Lot_62546-481_ProcessJob2_bd8c2538bd\back_notch"
"PST_BRKFULLMETAL\Lot_62546-481\ProcessJob2\Slot13|BACK","SAME_PASS","PASS_REVIEW_ONLY_UNIQUE_BACK_BF_DF_NOTCH","PASS_REVIEW_ONLY_UNIQUE_BACK_BF_DF_NOTCH","89.68911356633193","89.68911356633193","0","0.021772867336153467","0.021772867336153467","D:\KLARFExport\_ArgosReview\C15RUN1\i\PST_BRKFULLMETAL_Lot_62546-481_ProcessJob2_047ff6651f\back_notch","D:\KLARFExport\_ArgosReview\C15RUN2\i\PST_BRKFULLMETAL_Lot_62546-481_ProcessJob2_047ff6651f\back_notch"
"PST_BRKFULLMETAL\Lot_62546-481\ProcessJob2\Slot16|BACK","SAME_PASS","PASS_REVIEW_ONLY_UNIQUE_BACK_BF_DF_NOTCH","PASS_REVIEW_ONLY_UNIQUE_BACK_BF_DF_NOTCH","89.4912685240929","89.4912685240929","0","0.01746295181419555","0.01746295181419555","D:\KLARFExport\_ArgosReview\C15RUN1\i\PST_BRKFULLMETAL_Lot_62546-481_ProcessJob2_2c0ecedfb7\back_notch","D:\KLARFExport\_ArgosReview\C15RUN2\i\PST_BRKFULLMETAL_Lot_62546-481_ProcessJob2_2c0ecedfb7\back_notch"
"PST_BRKFULLMETAL\Lot_62546-481\ProcessJob2\Slot19|BACK","SAME_PASS","PASS_REVIEW_ONLY_UNIQUE_BACK_BF_DF_NOTCH","PASS_REVIEW_ONLY_UNIQUE_BACK_BF_DF_NOTCH","90.07309080798898","90.07309080798898","0","0.0538183840220654","0.0538183840220654","D:\KLARFExport\_ArgosReview\C15RUN1\i\PST_BRKFULLMETAL_Lot_62546-481_ProcessJob2_bfa551660c\back_notch","D:\KLARFExport\_ArgosReview\C15RUN2\i\PST_BRKFULLMETAL_Lot_62546-481_ProcessJob2_bfa551660c\back_notch"
"PST_BRKFULLMETAL\Lot_62546-481\ProcessJob2\Slot20|BACK","SAME_PASS","PASS_REVIEW_ONLY_UNIQUE_BACK_BF_DF_NOTCH","PASS_REVIEW_ONLY_UNIQUE_BACK_BF_DF_NOTCH","89.79464003605352","89.79464003605352","0","0.010719927892978376","0.010719927892978376","D:\KLARFExport\_ArgosReview\C15RUN1\i\PST_BRKFULLMETAL_Lot_62546-481_ProcessJob2_9556d6bbdb\back_notch","D:\KLARFExport\_ArgosReview\C15RUN2\i\PST_BRKFULLMETAL_Lot_62546-481_ProcessJob2_9556d6bbdb\back_notch"
"PST_BRKFULLMETAL\Lot_62546-481\ProcessJob2\Slot21|BACK","SAME_PASS","PASS_REVIEW_ONLY_UNIQUE_BACK_BF_DF_NOTCH","PASS_REVIEW_ONLY_UNIQUE_BACK_BF_DF_NOTCH","88.81188224280748","88.81188224280748","0","0.023764485615004105","0.023764485615004105","D:\KLARFExport\_ArgosReview\C15RUN1\i\PST_BRKFULLMETAL_Lot_62546-481_ProcessJob2_9512a00817\back_notch","D:\KLARFExport\_ArgosReview\C15RUN2\i\PST_BRKFULLMETAL_Lot_62546-481_ProcessJob2_9512a00817\back_notch"
"PST_BRKFULLMETAL\Lot_62546-481\ProcessJob2\Slot22|BACK","SAME_PASS","PASS_REVIEW_ONLY_UNIQUE_BACK_BF_DF_NOTCH","PASS_REVIEW_ONLY_UNIQUE_BACK_BF_DF_NOTCH","89.6970406302578","89.6970406302578","0","0.005918739484371827","0.005918739484371827","D:\KLARFExport\_ArgosReview\C15RUN1\i\PST_BRKFULLMETAL_Lot_62546-481_ProcessJob2_05c13f1bfc\back_notch","D:\KLARFExport\_ArgosReview\C15RUN2\i\PST_BRKFULLMETAL_Lot_62546-481_ProcessJob2_05c13f1bfc\back_notch"
"PST_BRKFULLMETAL\Lot_62546-481\ProcessJob2\Slot23|BACK","SAME_PASS","PASS_REVIEW_ONLY_UNIQUE_BACK_BF_DF_NOTCH","PASS_REVIEW_ONLY_UNIQUE_BACK_BF_DF_NOTCH","89.79035457360146","89.79035457360146","0","0.019290852797155367","0.019290852797155367","D:\KLARFExport\_ArgosReview\C15RUN1\i\PST_BRKFULLMETAL_Lot_62546-481_ProcessJob2_2465586dfa\back_notch","D:\KLARFExport\_ArgosReview\C15RUN2\i\PST_BRKFULLMETAL_Lot_62546-481_ProcessJob2_2465586dfa\back_notch"
"PST_BRKFULLMETAL\Lot_62546-481\ProcessJob2\Slot24|BACK","SAME_PASS","PASS_REVIEW_ONLY_UNIQUE_BACK_BF_DF_NOTCH","PASS_REVIEW_ONLY_UNIQUE_BACK_BF_DF_NOTCH","89.82400926733527","89.82400926733527","0","0.048018534670575264","0.048018534670575264","D:\KLARFExport\_ArgosReview\C15RUN1\i\PST_BRKFULLMETAL_Lot_62546-481_ProcessJob2_8c0dd2d178\back_notch","D:\KLARFExport\_ArgosReview\C15RUN2\i\PST_BRKFULLMETAL_Lot_62546-481_ProcessJob2_8c0dd2d178\back_notch"
"PST_BRKFULLMETAL\Lot_62546-481\ProcessJob2\Slot25|BACK","SAME_PASS","PASS_REVIEW_ONLY_UNIQUE_BACK_BF_DF_NOTCH","PASS_REVIEW_ONLY_UNIQUE_BACK_BF_DF_NOTCH","89.9237653786407","89.9237653786407","0","0.04753075728132217","0.04753075728132217","D:\KLARFExport\_ArgosReview\C15RUN1\i\PST_BRKFULLMETAL_Lot_62546-481_ProcessJob2_3187481c4e\back_notch","D:\KLARFExport\_ArgosReview\C15RUN2\i\PST_BRKFULLMETAL_Lot_62546-481_ProcessJob2_3187481c4e\back_notch"
"PST_BRKFULLMETAL\Lot_62546-481\ProcessJob3\Slot03|BACK","SAME_PASS","PASS_REVIEW_ONLY_UNIQUE_BACK_BF_DF_NOTCH","PASS_REVIEW_ONLY_UNIQUE_BACK_BF_DF_NOTCH","90.02773569393105","90.02773569393105","0","0.05547138786209871","0.05547138786209871","D:\KLARFExport\_ArgosReview\C15RUN1\i\PST_BRKFULLMETAL_Lot_62546-481_ProcessJob3_0015ee4e63\back_notch","D:\KLARFExport\_ArgosReview\C15RUN2\i\PST_BRKFULLMETAL_Lot_62546-481_ProcessJob3_0015ee4e63\back_notch"
"PST_BRKFULLMETAL\Lot_62546-481\ProcessJob3\Slot04|BACK","SAME_PASS","PASS_REVIEW_ONLY_UNIQUE_BACK_BF_DF_NOTCH","PASS_REVIEW_ONLY_UNIQUE_BACK_BF_DF_NOTCH","89.8100516553693","89.8100516553693","0","0.020103310738591063","0.020103310738591063","D:\KLARFExport\_ArgosReview\C15RUN1\i\PST_BRKFULLMETAL_Lot_62546-481_ProcessJob3_8fa4bb00aa\back_notch","D:\KLARFExport\_ArgosReview\C15RUN2\i\PST_BRKFULLMETAL_Lot_62546-481_ProcessJob3_8fa4bb00aa\back_notch"
"PST_BRKFULLMETAL\Lot_62546-481\ProcessJob3\Slot05|BACK","SAME_PASS","PASS_REVIEW_ONLY_UNIQUE_BACK_BF_DF_NOTCH","PASS_REVIEW_ONLY_UNIQUE_BACK_BF_DF_NOTCH","89.82399859132767","89.82399859132767","0","0.04799718265530828","0.04799718265530828","D:\KLARFExport\_ArgosReview\C15RUN1\i\PST_BRKFULLMETAL_Lot_62546-481_ProcessJob3_5fbb41272b\back_notch","D:\KLARFExport\_ArgosReview\C15RUN2\i\PST_BRKFULLMETAL_Lot_62546-481_ProcessJob3_5fbb41272b\back_notch"
"PST_BRKFULLMETAL\Lot_62546-481\ProcessJob3\Slot07|BACK","SAME_PASS","PASS_REVIEW_ONLY_UNIQUE_BACK_BF_DF_NOTCH","PASS_REVIEW_ONLY_UNIQUE_BACK_BF_DF_NOTCH","89.29357650327296","89.29357650327296","0","0.012846993454161293","0.012846993454161293","D:\KLARFExport\_ArgosReview\C15RUN1\i\PST_BRKFULLMETAL_Lot_62546-481_ProcessJob3_fb220a3f71\back_notch","D:\KLARFExport\_ArgosReview\C15RUN2\i\PST_BRKFULLMETAL_Lot_62546-481_ProcessJob3_fb220a3f71\back_notch"
"PST_BRKFULLMETAL\Lot_62546-481\ProcessJob3\Slot12|BACK","SAME_PASS","PASS_REVIEW_ONLY_UNIQUE_BACK_BF_DF_NOTCH","PASS_REVIEW_ONLY_UNIQUE_BACK_BF_DF_NOTCH","90.01859098428508","90.01859098428508","0","0.037181968570166646","0.037181968570166646","D:\KLARFExport\_ArgosReview\C15RUN1\i\PST_BRKFULLMETAL_Lot_62546-481_ProcessJob3_3db681cded\back_notch","D:\KLARFExport\_ArgosReview\C15RUN2\i\PST_BRKFULLMETAL_Lot_62546-481_ProcessJob3_3db681cded\back_notch"
"PST_BRKFULLMETAL\Lot_62546-481\ProcessJob3\Slot13|BACK","SAME_PASS","PASS_REVIEW_ONLY_UNIQUE_BACK_BF_DF_NOTCH","PASS_REVIEW_ONLY_UNIQUE_BACK_BF_DF_NOTCH","89.68911356633193","89.68911356633193","0","0.021772867336153467","0.021772867336153467","D:\KLARFExport\_ArgosReview\C15RUN1\i\PST_BRKFULLMETAL_Lot_62546-481_ProcessJob3_adacfa9ab6\back_notch","D:\KLARFExport\_ArgosReview\C15RUN2\i\PST_BRKFULLMETAL_Lot_62546-481_ProcessJob3_adacfa9ab6\back_notch"
"PST_BRKFULLMETAL\Lot_62546-481\ProcessJob3\Slot16|BACK","SAME_PASS","PASS_REVIEW_ONLY_UNIQUE_BACK_BF_DF_NOTCH","PASS_REVIEW_ONLY_UNIQUE_BACK_BF_DF_NOTCH","89.4912685240929","89.4912685240929","0","0.01746295181419555","0.01746295181419555","D:\KLARFExport\_ArgosReview\C15RUN1\i\PST_BRKFULLMETAL_Lot_62546-481_ProcessJob3_99a5b1c584\back_notch","D:\KLARFExport\_ArgosReview\C15RUN2\i\PST_BRKFULLMETAL_Lot_62546-481_ProcessJob3_99a5b1c584\back_notch"
"PST_BRKFULLMETAL\Lot_62546-481\ProcessJob3\Slot19|BACK","SAME_PASS","PASS_REVIEW_ONLY_UNIQUE_BACK_BF_DF_NOTCH","PASS_REVIEW_ONLY_UNIQUE_BACK_BF_DF_NOTCH","90.07309080798898","90.07309080798898","0","0.0538183840220654","0.0538183840220654","D:\KLARFExport\_ArgosReview\C15RUN1\i\PST_BRKFULLMETAL_Lot_62546-481_ProcessJob3_f748ccb899\back_notch","D:\KLARFExport\_ArgosReview\C15RUN2\i\PST_BRKFULLMETAL_Lot_62546-481_ProcessJob3_f748ccb899\back_notch"
"PST_BRKFULLMETAL\Lot_62546-481\ProcessJob3\Slot20|BACK","SAME_PASS","PASS_REVIEW_ONLY_UNIQUE_BACK_BF_DF_NOTCH","PASS_REVIEW_ONLY_UNIQUE_BACK_BF_DF_NOTCH","89.79464003605352","89.79464003605352","0","0.010719927892978376","0.010719927892978376","D:\KLARFExport\_ArgosReview\C15RUN1\i\PST_BRKFULLMETAL_Lot_62546-481_ProcessJob3_337dba16f9\back_notch","D:\KLARFExport\_ArgosReview\C15RUN2\i\PST_BRKFULLMETAL_Lot_62546-481_ProcessJob3_337dba16f9\back_notch"
"PST_BRKFULLMETAL\Lot_62546-481\ProcessJob3\Slot21|BACK","SAME_PASS","PASS_REVIEW_ONLY_UNIQUE_BACK_BF_DF_NOTCH","PASS_REVIEW_ONLY_UNIQUE_BACK_BF_DF_NOTCH","88.81188224280748","88.81188224280748","0","0.023764485615004105","0.023764485615004105","D:\KLARFExport\_ArgosReview\C15RUN1\i\PST_BRKFULLMETAL_Lot_62546-481_ProcessJob3_2ab32df9c9\back_notch","D:\KLARFExport\_ArgosReview\C15RUN2\i\PST_BRKFULLMETAL_Lot_62546-481_ProcessJob3_2ab32df9c9\back_notch"
"PST_BRKFULLMETAL\Lot_62546-481\ProcessJob3\Slot22|BACK","SAME_PASS","PASS_REVIEW_ONLY_UNIQUE_BACK_BF_DF_NOTCH","PASS_REVIEW_ONLY_UNIQUE_BACK_BF_DF_NOTCH","89.6970406302578","89.6970406302578","0","0.005918739484371827","0.005918739484371827","D:\KLARFExport\_ArgosReview\C15RUN1\i\PST_BRKFULLMETAL_Lot_62546-481_ProcessJob3_f033330b75\back_notch","D:\KLARFExport\_ArgosReview\C15RUN2\i\PST_BRKFULLMETAL_Lot_62546-481_ProcessJob3_f033330b75\back_notch"
"PST_BRKFULLMETAL\Lot_62546-481\ProcessJob3\Slot23|BACK","SAME_PASS","PASS_REVIEW_ONLY_UNIQUE_BACK_BF_DF_NOTCH","PASS_REVIEW_ONLY_UNIQUE_BACK_BF_DF_NOTCH","89.79035457360146","89.79035457360146","0","0.019290852797155367","0.019290852797155367","D:\KLARFExport\_ArgosReview\C15RUN1\i\PST_BRKFULLMETAL_Lot_62546-481_ProcessJob3_851151a61c\back_notch","D:\KLARFExport\_ArgosReview\C15RUN2\i\PST_BRKFULLMETAL_Lot_62546-481_ProcessJob3_851151a61c\back_notch"
"PST_BRKFULLMETAL\Lot_62546-481\ProcessJob3\Slot24|BACK","SAME_PASS","PASS_REVIEW_ONLY_UNIQUE_BACK_BF_DF_NOTCH","PASS_REVIEW_ONLY_UNIQUE_BACK_BF_DF_NOTCH","89.82400926733527","89.82400926733527","0","0.048018534670575264","0.048018534670575264","D:\KLARFExport\_ArgosReview\C15RUN1\i\PST_BRKFULLMETAL_Lot_62546-481_ProcessJob3_8ca389473e\back_notch","D:\KLARFExport\_ArgosReview\C15RUN2\i\PST_BRKFULLMETAL_Lot_62546-481_ProcessJob3_8ca389473e\back_notch"
"PST_BRKFULLMETAL\Lot_62546-481\ProcessJob3\Slot25|BACK","SAME_PASS","PASS_REVIEW_ONLY_UNIQUE_BACK_BF_DF_NOTCH","PASS_REVIEW_ONLY_UNIQUE_BACK_BF_DF_NOTCH","89.9237653786407","89.9237653786407","0","0.04753075728132217","0.04753075728132217","D:\KLARFExport\_ArgosReview\C15RUN1\i\PST_BRKFULLMETAL_Lot_62546-481_ProcessJob3_e6c5f55baa\back_notch","D:\KLARFExport\_ArgosReview\C15RUN2\i\PST_BRKFULLMETAL_Lot_62546-481_ProcessJob3_e6c5f55baa\back_notch"
"PST_BRKFULLMETAL\Lot_62546-481\ProcessJob4\Slot03|BACK","SAME_PASS","PASS_REVIEW_ONLY_UNIQUE_BACK_BF_DF_NOTCH","PASS_REVIEW_ONLY_UNIQUE_BACK_BF_DF_NOTCH","90.02773569393105","90.02773569393105","0","0.05547138786209871","0.05547138786209871","D:\KLARFExport\_ArgosReview\C15RUN1\i\PST_BRKFULLMETAL_Lot_62546-481_ProcessJob4_a58766c2a7\back_notch","D:\KLARFExport\_ArgosReview\C15RUN2\i\PST_BRKFULLMETAL_Lot_62546-481_ProcessJob4_a58766c2a7\back_notch"
"PST_BRKFULLMETAL\Lot_62546-481\ProcessJob4\Slot04|BACK","SAME_PASS","PASS_REVIEW_ONLY_UNIQUE_BACK_BF_DF_NOTCH","PASS_REVIEW_ONLY_UNIQUE_BACK_BF_DF_NOTCH","89.8100516553693","89.8100516553693","0","0.020103310738591063","0.020103310738591063","D:\KLARFExport\_ArgosReview\C15RUN1\i\PST_BRKFULLMETAL_Lot_62546-481_ProcessJob4_07f770a8d6\back_notch","D:\KLARFExport\_ArgosReview\C15RUN2\i\PST_BRKFULLMETAL_Lot_62546-481_ProcessJob4_07f770a8d6\back_notch"
"PST_BRKFULLMETAL\Lot_62546-481\ProcessJob4\Slot05|BACK","SAME_PASS","PASS_REVIEW_ONLY_UNIQUE_BACK_BF_DF_NOTCH","PASS_REVIEW_ONLY_UNIQUE_BACK_BF_DF_NOTCH","89.82399859132767","89.82399859132767","0","0.04799718265530828","0.04799718265530828","D:\KLARFExport\_ArgosReview\C15RUN1\i\PST_BRKFULLMETAL_Lot_62546-481_ProcessJob4_55bd162085\back_notch","D:\KLARFExport\_ArgosReview\C15RUN2\i\PST_BRKFULLMETAL_Lot_62546-481_ProcessJob4_55bd162085\back_notch"
"PST_BRKFULLMETAL\Lot_62546-481\ProcessJob4\Slot07|BACK","SAME_PASS","PASS_REVIEW_ONLY_UNIQUE_BACK_BF_DF_NOTCH","PASS_REVIEW_ONLY_UNIQUE_BACK_BF_DF_NOTCH","89.29357650327296","89.29357650327296","0","0.012846993454161293","0.012846993454161293","D:\KLARFExport\_ArgosReview\C15RUN1\i\PST_BRKFULLMETAL_Lot_62546-481_ProcessJob4_0ef0a35571\back_notch","D:\KLARFExport\_ArgosReview\C15RUN2\i\PST_BRKFULLMETAL_Lot_62546-481_ProcessJob4_0ef0a35571\back_notch"
"PST_BRKFULLMETAL\Lot_62546-481\ProcessJob4\Slot12|BACK","SAME_PASS","PASS_REVIEW_ONLY_UNIQUE_BACK_BF_DF_NOTCH","PASS_REVIEW_ONLY_UNIQUE_BACK_BF_DF_NOTCH","90.01859098428508","90.01859098428508","0","0.037181968570166646","0.037181968570166646","D:\KLARFExport\_ArgosReview\C15RUN1\i\PST_BRKFULLMETAL_Lot_62546-481_ProcessJob4_39e34dcf57\back_notch","D:\KLARFExport\_ArgosReview\C15RUN2\i\PST_BRKFULLMETAL_Lot_62546-481_ProcessJob4_39e34dcf57\back_notch"
"PST_BRKFULLMETAL\Lot_62546-481\ProcessJob4\Slot13|BACK","SAME_PASS","PASS_REVIEW_ONLY_UNIQUE_BACK_BF_DF_NOTCH","PASS_REVIEW_ONLY_UNIQUE_BACK_BF_DF_NOTCH","89.68911356633193","89.68911356633193","0","0.021772867336153467","0.021772867336153467","D:\KLARFExport\_ArgosReview\C15RUN1\i\PST_BRKFULLMETAL_Lot_62546-481_ProcessJob4_aaa1dc5383\back_notch","D:\KLARFExport\_ArgosReview\C15RUN2\i\PST_BRKFULLMETAL_Lot_62546-481_ProcessJob4_aaa1dc5383\back_notch"
"PST_BRKFULLMETAL\Lot_62546-481\ProcessJob4\Slot16|BACK","SAME_PASS","PASS_REVIEW_ONLY_UNIQUE_BACK_BF_DF_NOTCH","PASS_REVIEW_ONLY_UNIQUE_BACK_BF_DF_NOTCH","89.4912685240929","89.4912685240929","0","0.01746295181419555","0.01746295181419555","D:\KLARFExport\_ArgosReview\C15RUN1\i\PST_BRKFULLMETAL_Lot_62546-481_ProcessJob4_0bdd5a4058\back_notch","D:\KLARFExport\_ArgosReview\C15RUN2\i\PST_BRKFULLMETAL_Lot_62546-481_ProcessJob4_0bdd5a4058\back_notch"
"PST_BRKFULLMETAL\Lot_62546-481\ProcessJob4\Slot19|BACK","SAME_PASS","PASS_REVIEW_ONLY_UNIQUE_BACK_BF_DF_NOTCH","PASS_REVIEW_ONLY_UNIQUE_BACK_BF_DF_NOTCH","90.07309080798898","90.07309080798898","0","0.0538183840220654","0.0538183840220654","D:\KLARFExport\_ArgosReview\C15RUN1\i\PST_BRKFULLMETAL_Lot_62546-481_ProcessJob4_f14b8de3a7\back_notch","D:\KLARFExport\_ArgosReview\C15RUN2\i\PST_BRKFULLMETAL_Lot_62546-481_ProcessJob4_f14b8de3a7\back_notch"
"PST_BRKFULLMETAL\Lot_62546-481\ProcessJob4\Slot20|BACK","SAME_PASS","PASS_REVIEW_ONLY_UNIQUE_BACK_BF_DF_NOTCH","PASS_REVIEW_ONLY_UNIQUE_BACK_BF_DF_NOTCH","89.79464003605352","89.79464003605352","0","0.010719927892978376","0.010719927892978376","D:\KLARFExport\_ArgosReview\C15RUN1\i\PST_BRKFULLMETAL_Lot_62546-481_ProcessJob4_f6e6eb7bfe\back_notch","D:\KLARFExport\_ArgosReview\C15RUN2\i\PST_BRKFULLMETAL_Lot_62546-481_ProcessJob4_f6e6eb7bfe\back_notch"
"PST_BRKFULLMETAL\Lot_62546-481\ProcessJob4\Slot21|BACK","SAME_PASS","PASS_REVIEW_ONLY_UNIQUE_BACK_BF_DF_NOTCH","PASS_REVIEW_ONLY_UNIQUE_BACK_BF_DF_NOTCH","88.81188224280748","88.81188224280748","0","0.023764485615004105","0.023764485615004105","D:\KLARFExport\_ArgosReview\C15RUN1\i\PST_BRKFULLMETAL_Lot_62546-481_ProcessJob4_dc9fde13fc\back_notch","D:\KLARFExport\_ArgosReview\C15RUN2\i\PST_BRKFULLMETAL_Lot_62546-481_ProcessJob4_dc9fde13fc\back_notch"
"PST_BRKFULLMETAL\Lot_62546-481\ProcessJob4\Slot22|BACK","SAME_PASS","PASS_REVIEW_ONLY_UNIQUE_BACK_BF_DF_NOTCH","PASS_REVIEW_ONLY_UNIQUE_BACK_BF_DF_NOTCH","89.6970406302578","89.6970406302578","0","0.005918739484371827","0.005918739484371827","D:\KLARFExport\_ArgosReview\C15RUN1\i\PST_BRKFULLMETAL_Lot_62546-481_ProcessJob4_db256b5cd0\back_notch","D:\KLARFExport\_ArgosReview\C15RUN2\i\PST_BRKFULLMETAL_Lot_62546-481_ProcessJob4_db256b5cd0\back_notch"
"PST_BRKFULLMETAL\Lot_62546-481\ProcessJob4\Slot23|BACK","SAME_PASS","PASS_REVIEW_ONLY_UNIQUE_BACK_BF_DF_NOTCH","PASS_REVIEW_ONLY_UNIQUE_BACK_BF_DF_NOTCH","89.79035457360146","89.79035457360146","0","0.019290852797155367","0.019290852797155367","D:\KLARFExport\_ArgosReview\C15RUN1\i\PST_BRKFULLMETAL_Lot_62546-481_ProcessJob4_b95429c831\back_notch","D:\KLARFExport\_ArgosReview\C15RUN2\i\PST_BRKFULLMETAL_Lot_62546-481_ProcessJob4_b95429c831\back_notch"
"PST_BRKFULLMETAL\Lot_62546-481\ProcessJob4\Slot24|BACK","SAME_PASS","PASS_REVIEW_ONLY_UNIQUE_BACK_BF_DF_NOTCH","PASS_REVIEW_ONLY_UNIQUE_BACK_BF_DF_NOTCH","89.82400926733527","89.82400926733527","0","0.048018534670575264","0.048018534670575264","D:\KLARFExport\_ArgosReview\C15RUN1\i\PST_BRKFULLMETAL_Lot_62546-481_ProcessJob4_344a3b8325\back_notch","D:\KLARFExport\_ArgosReview\C15RUN2\i\PST_BRKFULLMETAL_Lot_62546-481_ProcessJob4_344a3b8325\back_notch"
"PST_BRKFULLMETAL\Lot_62546-481\ProcessJob4\Slot25|BACK","SAME_PASS","PASS_REVIEW_ONLY_UNIQUE_BACK_BF_DF_NOTCH","PASS_REVIEW_ONLY_UNIQUE_BACK_BF_DF_NOTCH","89.9237653786407","89.9237653786407","0","0.04753075728132217","0.04753075728132217","D:\KLARFExport\_ArgosReview\C15RUN1\i\PST_BRKFULLMETAL_Lot_62546-481_ProcessJob4_bfd2c7254b\back_notch","D:\KLARFExport\_ArgosReview\C15RUN2\i\PST_BRKFULLMETAL_Lot_62546-481_ProcessJob4_bfd2c7254b\back_notch"
"PST_BRKFULLMETAL\Lot_62546-481\ProcessJob5\Slot03|BACK","SAME_PASS","PASS_REVIEW_ONLY_UNIQUE_BACK_BF_DF_NOTCH","PASS_REVIEW_ONLY_UNIQUE_BACK_BF_DF_NOTCH","90.02773569393105","90.02773569393105","0","0.05547138786209871","0.05547138786209871","D:\KLARFExport\_ArgosReview\C15RUN1\i\PST_BRKFULLMETAL_Lot_62546-481_ProcessJob5_46cf07fb7f\back_notch","D:\KLARFExport\_ArgosReview\C15RUN2\i\PST_BRKFULLMETAL_Lot_62546-481_ProcessJob5_46cf07fb7f\back_notch"
"PST_BRKFULLMETAL\Lot_62546-481\ProcessJob5\Slot04|BACK","SAME_PASS","PASS_REVIEW_ONLY_UNIQUE_BACK_BF_DF_NOTCH","PASS_REVIEW_ONLY_UNIQUE_BACK_BF_DF_NOTCH","89.8100516553693","89.8100516553693","0","0.020103310738591063","0.020103310738591063","D:\KLARFExport\_ArgosReview\C15RUN1\i\PST_BRKFULLMETAL_Lot_62546-481_ProcessJob5_bdfa2a28e8\back_notch","D:\KLARFExport\_ArgosReview\C15RUN2\i\PST_BRKFULLMETAL_Lot_62546-481_ProcessJob5_bdfa2a28e8\back_notch"
"PST_BRKFULLMETAL\Lot_62546-481\ProcessJob5\Slot05|BACK","SAME_PASS","PASS_REVIEW_ONLY_UNIQUE_BACK_BF_DF_NOTCH","PASS_REVIEW_ONLY_UNIQUE_BACK_BF_DF_NOTCH","89.82399859132767","89.82399859132767","0","0.04799718265530828","0.04799718265530828","D:\KLARFExport\_ArgosReview\C15RUN1\i\PST_BRKFULLMETAL_Lot_62546-481_ProcessJob5_3d27efda01\back_notch","D:\KLARFExport\_ArgosReview\C15RUN2\i\PST_BRKFULLMETAL_Lot_62546-481_ProcessJob5_3d27efda01\back_notch"
"PST_BRKFULLMETAL\Lot_62546-481\ProcessJob5\Slot07|BACK","SAME_PASS","PASS_REVIEW_ONLY_UNIQUE_BACK_BF_DF_NOTCH","PASS_REVIEW_ONLY_UNIQUE_BACK_BF_DF_NOTCH","89.29357650327296","89.29357650327296","0","0.012846993454161293","0.012846993454161293","D:\KLARFExport\_ArgosReview\C15RUN1\i\PST_BRKFULLMETAL_Lot_62546-481_ProcessJob5_96dfdd0d5d\back_notch","D:\KLARFExport\_ArgosReview\C15RUN2\i\PST_BRKFULLMETAL_Lot_62546-481_ProcessJob5_96dfdd0d5d\back_notch"
"PST_BRKFULLMETAL\Lot_62546-481\ProcessJob5\Slot12|BACK","SAME_PASS","PASS_REVIEW_ONLY_UNIQUE_BACK_BF_DF_NOTCH","PASS_REVIEW_ONLY_UNIQUE_BACK_BF_DF_NOTCH","90.01859098428508","90.01859098428508","0","0.037181968570166646","0.037181968570166646","D:\KLARFExport\_ArgosReview\C15RUN1\i\PST_BRKFULLMETAL_Lot_62546-481_ProcessJob5_2e63ccf458\back_notch","D:\KLARFExport\_ArgosReview\C15RUN2\i\PST_BRKFULLMETAL_Lot_62546-481_ProcessJob5_2e63ccf458\back_notch"
"PST_BRKFULLMETAL\Lot_62546-481\ProcessJob5\Slot13|BACK","SAME_PASS","PASS_REVIEW_ONLY_UNIQUE_BACK_BF_DF_NOTCH","PASS_REVIEW_ONLY_UNIQUE_BACK_BF_DF_NOTCH","89.68911356633193","89.68911356633193","0","0.021772867336153467","0.021772867336153467","D:\KLARFExport\_ArgosReview\C15RUN1\i\PST_BRKFULLMETAL_Lot_62546-481_ProcessJob5_7c3bbac7ac\back_notch","D:\KLARFExport\_ArgosReview\C15RUN2\i\PST_BRKFULLMETAL_Lot_62546-481_ProcessJob5_7c3bbac7ac\back_notch"
"PST_BRKFULLMETAL\Lot_62546-481\ProcessJob5\Slot16|BACK","SAME_PASS","PASS_REVIEW_ONLY_UNIQUE_BACK_BF_DF_NOTCH","PASS_REVIEW_ONLY_UNIQUE_BACK_BF_DF_NOTCH","89.4912685240929","89.4912685240929","0","0.01746295181419555","0.01746295181419555","D:\KLARFExport\_ArgosReview\C15RUN1\i\PST_BRKFULLMETAL_Lot_62546-481_ProcessJob5_1680b8b811\back_notch","D:\KLARFExport\_ArgosReview\C15RUN2\i\PST_BRKFULLMETAL_Lot_62546-481_ProcessJob5_1680b8b811\back_notch"
"PST_BRKFULLMETAL\Lot_62546-481\ProcessJob5\Slot19|BACK","SAME_PASS","PASS_REVIEW_ONLY_UNIQUE_BACK_BF_DF_NOTCH","PASS_REVIEW_ONLY_UNIQUE_BACK_BF_DF_NOTCH","90.07309080798898","90.07309080798898","0","0.0538183840220654","0.0538183840220654","D:\KLARFExport\_ArgosReview\C15RUN1\i\PST_BRKFULLMETAL_Lot_62546-481_ProcessJob5_bf398e3b87\back_notch","D:\KLARFExport\_ArgosReview\C15RUN2\i\PST_BRKFULLMETAL_Lot_62546-481_ProcessJob5_bf398e3b87\back_notch"
"PST_BRKFULLMETAL\Lot_62546-481\ProcessJob5\Slot20|BACK","SAME_PASS","PASS_REVIEW_ONLY_UNIQUE_BACK_BF_DF_NOTCH","PASS_REVIEW_ONLY_UNIQUE_BACK_BF_DF_NOTCH","89.79464003605352","89.79464003605352","0","0.010719927892978376","0.010719927892978376","D:\KLARFExport\_ArgosReview\C15RUN1\i\PST_BRKFULLMETAL_Lot_62546-481_ProcessJob5_3ecfae21b0\back_notch","D:\KLARFExport\_ArgosReview\C15RUN2\i\PST_BRKFULLMETAL_Lot_62546-481_ProcessJob5_3ecfae21b0\back_notch"
"PST_BRKFULLMETAL\Lot_62546-481\ProcessJob5\Slot21|BACK","SAME_PASS","PASS_REVIEW_ONLY_UNIQUE_BACK_BF_DF_NOTCH","PASS_REVIEW_ONLY_UNIQUE_BACK_BF_DF_NOTCH","88.81188224280748","88.81188224280748","0","0.023764485615004105","0.023764485615004105","D:\KLARFExport\_ArgosReview\C15RUN1\i\PST_BRKFULLMETAL_Lot_62546-481_ProcessJob5_7c7d703fc9\back_notch","D:\KLARFExport\_ArgosReview\C15RUN2\i\PST_BRKFULLMETAL_Lot_62546-481_ProcessJob5_7c7d703fc9\back_notch"
"PST_BRKFULLMETAL\Lot_62546-481\ProcessJob5\Slot22|BACK","SAME_PASS","PASS_REVIEW_ONLY_UNIQUE_BACK_BF_DF_NOTCH","PASS_REVIEW_ONLY_UNIQUE_BACK_BF_DF_NOTCH","89.6970406302578","89.6970406302578","0","0.005918739484371827","0.005918739484371827","D:\KLARFExport\_ArgosReview\C15RUN1\i\PST_BRKFULLMETAL_Lot_62546-481_ProcessJob5_2c44870918\back_notch","D:\KLARFExport\_ArgosReview\C15RUN2\i\PST_BRKFULLMETAL_Lot_62546-481_ProcessJob5_2c44870918\back_notch"
"PST_BRKFULLMETAL\Lot_62546-481\ProcessJob5\Slot23|BACK","SAME_PASS","PASS_REVIEW_ONLY_UNIQUE_BACK_BF_DF_NOTCH","PASS_REVIEW_ONLY_UNIQUE_BACK_BF_DF_NOTCH","89.79035457360146","89.79035457360146","0","0.019290852797155367","0.019290852797155367","D:\KLARFExport\_ArgosReview\C15RUN1\i\PST_BRKFULLMETAL_Lot_62546-481_ProcessJob5_5068d948c6\back_notch","D:\KLARFExport\_ArgosReview\C15RUN2\i\PST_BRKFULLMETAL_Lot_62546-481_ProcessJob5_5068d948c6\back_notch"
"PST_BRKFULLMETAL\Lot_62546-481\ProcessJob5\Slot24|BACK","SAME_PASS","PASS_REVIEW_ONLY_UNIQUE_BACK_BF_DF_NOTCH","PASS_REVIEW_ONLY_UNIQUE_BACK_BF_DF_NOTCH","89.82400926733527","89.82400926733527","0","0.048018534670575264","0.048018534670575264","D:\KLARFExport\_ArgosReview\C15RUN1\i\PST_BRKFULLMETAL_Lot_62546-481_ProcessJob5_2f8d6d669b\back_notch","D:\KLARFExport\_ArgosReview\C15RUN2\i\PST_BRKFULLMETAL_Lot_62546-481_ProcessJob5_2f8d6d669b\back_notch"
"PST_BRKFULLMETAL\Lot_62546-481\ProcessJob5\Slot25|BACK","SAME_PASS","PASS_REVIEW_ONLY_UNIQUE_BACK_BF_DF_NOTCH","PASS_REVIEW_ONLY_UNIQUE_BACK_BF_DF_NOTCH","89.9237653786407","89.9237653786407","0","0.04753075728132217","0.04753075728132217","D:\KLARFExport\_ArgosReview\C15RUN1\i\PST_BRKFULLMETAL_Lot_62546-481_ProcessJob5_e4c6a8e749\back_notch","D:\KLARFExport\_ArgosReview\C15RUN2\i\PST_BRKFULLMETAL_Lot_62546-481_ProcessJob5_e4c6a8e749\back_notch"
"PST_BRKFULLMETAL\Lot_62546-481\ProcessJob6\Slot03|BACK","SAME_PASS","PASS_REVIEW_ONLY_UNIQUE_BACK_BF_DF_NOTCH","PASS_REVIEW_ONLY_UNIQUE_BACK_BF_DF_NOTCH","90.02773569393105","90.02773569393105","0","0.05547138786209871","0.05547138786209871","D:\KLARFExport\_ArgosReview\C15RUN1\i\PST_BRKFULLMETAL_Lot_62546-481_ProcessJob6_6d67569d1d\back_notch","D:\KLARFExport\_ArgosReview\C15RUN2\i\PST_BRKFULLMETAL_Lot_62546-481_ProcessJob6_6d67569d1d\back_notch"
"PST_BRKFULLMETAL\Lot_62546-481\ProcessJob6\Slot04|BACK","SAME_PASS","PASS_REVIEW_ONLY_UNIQUE_BACK_BF_DF_NOTCH","PASS_REVIEW_ONLY_UNIQUE_BACK_BF_DF_NOTCH","89.8100516553693","89.8100516553693","0","0.020103310738591063","0.020103310738591063","D:\KLARFExport\_ArgosReview\C15RUN1\i\PST_BRKFULLMETAL_Lot_62546-481_ProcessJob6_3fcdbedf60\back_notch","D:\KLARFExport\_ArgosReview\C15RUN2\i\PST_BRKFULLMETAL_Lot_62546-481_ProcessJob6_3fcdbedf60\back_notch"
"PST_BRKFULLMETAL\Lot_62546-481\ProcessJob6\Slot05|BACK","SAME_PASS","PASS_REVIEW_ONLY_UNIQUE_BACK_BF_DF_NOTCH","PASS_REVIEW_ONLY_UNIQUE_BACK_BF_DF_NOTCH","89.82399859132767","89.82399859132767","0","0.04799718265530828","0.04799718265530828","D:\KLARFExport\_ArgosReview\C15RUN1\i\PST_BRKFULLMETAL_Lot_62546-481_ProcessJob6_3e90594926\back_notch","D:\KLARFExport\_ArgosReview\C15RUN2\i\PST_BRKFULLMETAL_Lot_62546-481_ProcessJob6_3e90594926\back_notch"
"PST_BRKFULLMETAL\Lot_62546-481\ProcessJob6\Slot07|BACK","SAME_PASS","PASS_REVIEW_ONLY_UNIQUE_BACK_BF_DF_NOTCH","PASS_REVIEW_ONLY_UNIQUE_BACK_BF_DF_NOTCH","89.29357650327296","89.29357650327296","0","0.012846993454161293","0.012846993454161293","D:\KLARFExport\_ArgosReview\C15RUN1\i\PST_BRKFULLMETAL_Lot_62546-481_ProcessJob6_e1fcedcc4c\back_notch","D:\KLARFExport\_ArgosReview\C15RUN2\i\PST_BRKFULLMETAL_Lot_62546-481_ProcessJob6_e1fcedcc4c\back_notch"
"PST_BRKFULLMETAL\Lot_62546-481\ProcessJob6\Slot12|BACK","SAME_PASS","PASS_REVIEW_ONLY_UNIQUE_BACK_BF_DF_NOTCH","PASS_REVIEW_ONLY_UNIQUE_BACK_BF_DF_NOTCH","90.01859098428508","90.01859098428508","0","0.037181968570166646","0.037181968570166646","D:\KLARFExport\_ArgosReview\C15RUN1\i\PST_BRKFULLMETAL_Lot_62546-481_ProcessJob6_9a55c28fb2\back_notch","D:\KLARFExport\_ArgosReview\C15RUN2\i\PST_BRKFULLMETAL_Lot_62546-481_ProcessJob6_9a55c28fb2\back_notch"
"PST_BRKFULLMETAL\Lot_62546-481\ProcessJob6\Slot13|BACK","SAME_PASS","PASS_REVIEW_ONLY_UNIQUE_BACK_BF_DF_NOTCH","PASS_REVIEW_ONLY_UNIQUE_BACK_BF_DF_NOTCH","89.68911356633193","89.68911356633193","0","0.021772867336153467","0.021772867336153467","D:\KLARFExport\_ArgosReview\C15RUN1\i\PST_BRKFULLMETAL_Lot_62546-481_ProcessJob6_1b51eb586c\back_notch","D:\KLARFExport\_ArgosReview\C15RUN2\i\PST_BRKFULLMETAL_Lot_62546-481_ProcessJob6_1b51eb586c\back_notch"
"PST_BRKFULLMETAL\Lot_62546-481\ProcessJob6\Slot16|BACK","SAME_PASS","PASS_REVIEW_ONLY_UNIQUE_BACK_BF_DF_NOTCH","PASS_REVIEW_ONLY_UNIQUE_BACK_BF_DF_NOTCH","89.4912685240929","89.4912685240929","0","0.01746295181419555","0.01746295181419555","D:\KLARFExport\_ArgosReview\C15RUN1\i\PST_BRKFULLMETAL_Lot_62546-481_ProcessJob6_47f8551dc0\back_notch","D:\KLARFExport\_ArgosReview\C15RUN2\i\PST_BRKFULLMETAL_Lot_62546-481_ProcessJob6_47f8551dc0\back_notch"
"PST_BRKFULLMETAL\Lot_62546-481\ProcessJob6\Slot19|BACK","SAME_PASS","PASS_REVIEW_ONLY_UNIQUE_BACK_BF_DF_NOTCH","PASS_REVIEW_ONLY_UNIQUE_BACK_BF_DF_NOTCH","90.07309080798898","90.07309080798898","0","0.0538183840220654","0.0538183840220654","D:\KLARFExport\_ArgosReview\C15RUN1\i\PST_BRKFULLMETAL_Lot_62546-481_ProcessJob6_5090c36a53\back_notch","D:\KLARFExport\_ArgosReview\C15RUN2\i\PST_BRKFULLMETAL_Lot_62546-481_ProcessJob6_5090c36a53\back_notch"
"PST_BRKFULLMETAL\Lot_62546-481\ProcessJob6\Slot20|BACK","SAME_PASS","PASS_REVIEW_ONLY_UNIQUE_BACK_BF_DF_NOTCH","PASS_REVIEW_ONLY_UNIQUE_BACK_BF_DF_NOTCH","89.79464003605352","89.79464003605352","0","0.010719927892978376","0.010719927892978376","D:\KLARFExport\_ArgosReview\C15RUN1\i\PST_BRKFULLMETAL_Lot_62546-481_ProcessJob6_5444670afc\back_notch","D:\KLARFExport\_ArgosReview\C15RUN2\i\PST_BRKFULLMETAL_Lot_62546-481_ProcessJob6_5444670afc\back_notch"
"PST_BRKFULLMETAL\Lot_62546-481\ProcessJob6\Slot21|BACK","SAME_PASS","PASS_REVIEW_ONLY_UNIQUE_BACK_BF_DF_NOTCH","PASS_REVIEW_ONLY_UNIQUE_BACK_BF_DF_NOTCH","88.81188224280748","88.81188224280748","0","0.023764485615004105","0.023764485615004105","D:\KLARFExport\_ArgosReview\C15RUN1\i\PST_BRKFULLMETAL_Lot_62546-481_ProcessJob6_7c8675fbe7\back_notch","D:\KLARFExport\_ArgosReview\C15RUN2\i\PST_BRKFULLMETAL_Lot_62546-481_ProcessJob6_7c8675fbe7\back_notch"
"PST_BRKFULLMETAL\Lot_62546-481\ProcessJob6\Slot22|BACK","SAME_PASS","PASS_REVIEW_ONLY_UNIQUE_BACK_BF_DF_NOTCH","PASS_REVIEW_ONLY_UNIQUE_BACK_BF_DF_NOTCH","89.6970406302578","89.6970406302578","0","0.005918739484371827","0.005918739484371827","D:\KLARFExport\_ArgosReview\C15RUN1\i\PST_BRKFULLMETAL_Lot_62546-481_ProcessJob6_bf87f7c90b\back_notch","D:\KLARFExport\_ArgosReview\C15RUN2\i\PST_BRKFULLMETAL_Lot_62546-481_ProcessJob6_bf87f7c90b\back_notch"
"PST_BRKFULLMETAL\Lot_62546-481\ProcessJob6\Slot23|BACK","SAME_PASS","PASS_REVIEW_ONLY_UNIQUE_BACK_BF_DF_NOTCH","PASS_REVIEW_ONLY_UNIQUE_BACK_BF_DF_NOTCH","89.79035457360146","89.79035457360146","0","0.019290852797155367","0.019290852797155367","D:\KLARFExport\_ArgosReview\C15RUN1\i\PST_BRKFULLMETAL_Lot_62546-481_ProcessJob6_ca6590f8cc\back_notch","D:\KLARFExport\_ArgosReview\C15RUN2\i\PST_BRKFULLMETAL_Lot_62546-481_ProcessJob6_ca6590f8cc\back_notch"
"PST_BRKFULLMETAL\Lot_62546-481\ProcessJob6\Slot24|BACK","SAME_PASS","PASS_REVIEW_ONLY_UNIQUE_BACK_BF_DF_NOTCH","PASS_REVIEW_ONLY_UNIQUE_BACK_BF_DF_NOTCH","89.82400926733527","89.82400926733527","0","0.048018534670575264","0.048018534670575264","D:\KLARFExport\_ArgosReview\C15RUN1\i\PST_BRKFULLMETAL_Lot_62546-481_ProcessJob6_e0c2840fb6\back_notch","D:\KLARFExport\_ArgosReview\C15RUN2\i\PST_BRKFULLMETAL_Lot_62546-481_ProcessJob6_e0c2840fb6\back_notch"
"PST_BRKFULLMETAL\Lot_62546-481\ProcessJob6\Slot25|BACK","SAME_PASS","PASS_REVIEW_ONLY_UNIQUE_BACK_BF_DF_NOTCH","PASS_REVIEW_ONLY_UNIQUE_BACK_BF_DF_NOTCH","89.9237653786407","89.9237653786407","0","0.04753075728132217","0.04753075728132217","D:\KLARFExport\_ArgosReview\C15RUN1\i\PST_BRKFULLMETAL_Lot_62546-481_ProcessJob6_8f82e837b8\back_notch","D:\KLARFExport\_ArgosReview\C15RUN2\i\PST_BRKFULLMETAL_Lot_62546-481_ProcessJob6_8f82e837b8\back_notch"
"PST_BRKFULLMETAL\Lot_62546-481\ProcessJob7\Slot03|BACK","SAME_PASS","PASS_REVIEW_ONLY_UNIQUE_BACK_BF_DF_NOTCH","PASS_REVIEW_ONLY_UNIQUE_BACK_BF_DF_NOTCH","90.02773569393105","90.02773569393105","0","0.05547138786209871","0.05547138786209871","D:\KLARFExport\_ArgosReview\C15RUN1\i\PST_BRKFULLMETAL_Lot_62546-481_ProcessJob7_f2b8b274c3\back_notch","D:\KLARFExport\_ArgosReview\C15RUN2\i\PST_BRKFULLMETAL_Lot_62546-481_ProcessJob7_f2b8b274c3\back_notch"
"PST_BRKFULLMETAL\Lot_62546-481\ProcessJob7\Slot04|BACK","SAME_PASS","PASS_REVIEW_ONLY_UNIQUE_BACK_BF_DF_NOTCH","PASS_REVIEW_ONLY_UNIQUE_BACK_BF_DF_NOTCH","89.8100516553693","89.8100516553693","0","0.020103310738591063","0.020103310738591063","D:\KLARFExport\_ArgosReview\C15RUN1\i\PST_BRKFULLMETAL_Lot_62546-481_ProcessJob7_1a660961cc\back_notch","D:\KLARFExport\_ArgosReview\C15RUN2\i\PST_BRKFULLMETAL_Lot_62546-481_ProcessJob7_1a660961cc\back_notch"
"PST_BRKFULLMETAL\Lot_62546-481\ProcessJob7\Slot05|BACK","SAME_PASS","PASS_REVIEW_ONLY_UNIQUE_BACK_BF_DF_NOTCH","PASS_REVIEW_ONLY_UNIQUE_BACK_BF_DF_NOTCH","89.82399859132767","89.82399859132767","0","0.04799718265530828","0.04799718265530828","D:\KLARFExport\_ArgosReview\C15RUN1\i\PST_BRKFULLMETAL_Lot_62546-481_ProcessJob7_45996a3da4\back_notch","D:\KLARFExport\_ArgosReview\C15RUN2\i\PST_BRKFULLMETAL_Lot_62546-481_ProcessJob7_45996a3da4\back_notch"
"PST_BRKFULLMETAL\Lot_62546-481\ProcessJob7\Slot07|BACK","SAME_PASS","PASS_REVIEW_ONLY_UNIQUE_BACK_BF_DF_NOTCH","PASS_REVIEW_ONLY_UNIQUE_BACK_BF_DF_NOTCH","89.29357650327296","89.29357650327296","0","0.012846993454161293","0.012846993454161293","D:\KLARFExport\_ArgosReview\C15RUN1\i\PST_BRKFULLMETAL_Lot_62546-481_ProcessJob7_eb9f7415e2\back_notch","D:\KLARFExport\_ArgosReview\C15RUN2\i\PST_BRKFULLMETAL_Lot_62546-481_ProcessJob7_eb9f7415e2\back_notch"
"PST_BRKFULLMETAL\Lot_62546-481\ProcessJob7\Slot12|BACK","SAME_PASS","PASS_REVIEW_ONLY_UNIQUE_BACK_BF_DF_NOTCH","PASS_REVIEW_ONLY_UNIQUE_BACK_BF_DF_NOTCH","90.01859098428508","90.01859098428508","0","0.037181968570166646","0.037181968570166646","D:\KLARFExport\_ArgosReview\C15RUN1\i\PST_BRKFULLMETAL_Lot_62546-481_ProcessJob7_57f70fb76c\back_notch","D:\KLARFExport\_ArgosReview\C15RUN2\i\PST_BRKFULLMETAL_Lot_62546-481_ProcessJob7_57f70fb76c\back_notch"
"PST_BRKFULLMETAL\Lot_62546-481\ProcessJob7\Slot13|BACK","SAME_PASS","PASS_REVIEW_ONLY_UNIQUE_BACK_BF_DF_NOTCH","PASS_REVIEW_ONLY_UNIQUE_BACK_BF_DF_NOTCH","89.68911356633193","89.68911356633193","0","0.021772867336153467","0.021772867336153467","D:\KLARFExport\_ArgosReview\C15RUN1\i\PST_BRKFULLMETAL_Lot_62546-481_ProcessJob7_1ccac1e803\back_notch","D:\KLARFExport\_ArgosReview\C15RUN2\i\PST_BRKFULLMETAL_Lot_62546-481_ProcessJob7_1ccac1e803\back_notch"
"PST_BRKFULLMETAL\Lot_62546-481\ProcessJob7\Slot16|BACK","SAME_PASS","PASS_REVIEW_ONLY_UNIQUE_BACK_BF_DF_NOTCH","PASS_REVIEW_ONLY_UNIQUE_BACK_BF_DF_NOTCH","89.4912685240929","89.4912685240929","0","0.01746295181419555","0.01746295181419555","D:\KLARFExport\_ArgosReview\C15RUN1\i\PST_BRKFULLMETAL_Lot_62546-481_ProcessJob7_2fa04ae4ac\back_notch","D:\KLARFExport\_ArgosReview\C15RUN2\i\PST_BRKFULLMETAL_Lot_62546-481_ProcessJob7_2fa04ae4ac\back_notch"
"PST_BRKFULLMETAL\Lot_62546-481\ProcessJob7\Slot19|BACK","SAME_PASS","PASS_REVIEW_ONLY_UNIQUE_BACK_BF_DF_NOTCH","PASS_REVIEW_ONLY_UNIQUE_BACK_BF_DF_NOTCH","90.07309080798898","90.07309080798898","0","0.0538183840220654","0.0538183840220654","D:\KLARFExport\_ArgosReview\C15RUN1\i\PST_BRKFULLMETAL_Lot_62546-481_ProcessJob7_c39952b2a6\back_notch","D:\KLARFExport\_ArgosReview\C15RUN2\i\PST_BRKFULLMETAL_Lot_62546-481_ProcessJob7_c39952b2a6\back_notch"
"PST_BRKFULLMETAL\Lot_62546-481\ProcessJob7\Slot20|BACK","SAME_PASS","PASS_REVIEW_ONLY_UNIQUE_BACK_BF_DF_NOTCH","PASS_REVIEW_ONLY_UNIQUE_BACK_BF_DF_NOTCH","89.79464003605352","89.79464003605352","0","0.010719927892978376","0.010719927892978376","D:\KLARFExport\_ArgosReview\C15RUN1\i\PST_BRKFULLMETAL_Lot_62546-481_ProcessJob7_593cef03fd\back_notch","D:\KLARFExport\_ArgosReview\C15RUN2\i\PST_BRKFULLMETAL_Lot_62546-481_ProcessJob7_593cef03fd\back_notch"
"PST_BRKFULLMETAL\Lot_62546-481\ProcessJob7\Slot21|BACK","SAME_PASS","PASS_REVIEW_ONLY_UNIQUE_BACK_BF_DF_NOTCH","PASS_REVIEW_ONLY_UNIQUE_BACK_BF_DF_NOTCH","88.81188224280748","88.81188224280748","0","0.023764485615004105","0.023764485615004105","D:\KLARFExport\_ArgosReview\C15RUN1\i\PST_BRKFULLMETAL_Lot_62546-481_ProcessJob7_d659599be9\back_notch","D:\KLARFExport\_ArgosReview\C15RUN2\i\PST_BRKFULLMETAL_Lot_62546-481_ProcessJob7_d659599be9\back_notch"
"PST_BRKFULLMETAL\Lot_62546-481\ProcessJob7\Slot22|BACK","SAME_PASS","PASS_REVIEW_ONLY_UNIQUE_BACK_BF_DF_NOTCH","PASS_REVIEW_ONLY_UNIQUE_BACK_BF_DF_NOTCH","89.6970406302578","89.6970406302578","0","0.005918739484371827","0.005918739484371827","D:\KLARFExport\_ArgosReview\C15RUN1\i\PST_BRKFULLMETAL_Lot_62546-481_ProcessJob7_0536830518\back_notch","D:\KLARFExport\_ArgosReview\C15RUN2\i\PST_BRKFULLMETAL_Lot_62546-481_ProcessJob7_0536830518\back_notch"
"PST_BRKFULLMETAL\Lot_62546-481\ProcessJob7\Slot23|BACK","SAME_PASS","PASS_REVIEW_ONLY_UNIQUE_BACK_BF_DF_NOTCH","PASS_REVIEW_ONLY_UNIQUE_BACK_BF_DF_NOTCH","89.79035457360146","89.79035457360146","0","0.019290852797155367","0.019290852797155367","D:\KLARFExport\_ArgosReview\C15RUN1\i\PST_BRKFULLMETAL_Lot_62546-481_ProcessJob7_b7f1fe0833\back_notch","D:\KLARFExport\_ArgosReview\C15RUN2\i\PST_BRKFULLMETAL_Lot_62546-481_ProcessJob7_b7f1fe0833\back_notch"
"PST_BRKFULLMETAL\Lot_62546-481\ProcessJob7\Slot24|BACK","SAME_PASS","PASS_REVIEW_ONLY_UNIQUE_BACK_BF_DF_NOTCH","PASS_REVIEW_ONLY_UNIQUE_BACK_BF_DF_NOTCH","89.82400926733527","89.82400926733527","0","0.048018534670575264","0.048018534670575264","D:\KLARFExport\_ArgosReview\C15RUN1\i\PST_BRKFULLMETAL_Lot_62546-481_ProcessJob7_50da6a94df\back_notch","D:\KLARFExport\_ArgosReview\C15RUN2\i\PST_BRKFULLMETAL_Lot_62546-481_ProcessJob7_50da6a94df\back_notch"
"PST_BRKFULLMETAL\Lot_62546-481\ProcessJob7\Slot25|BACK","SAME_PASS","PASS_REVIEW_ONLY_UNIQUE_BACK_BF_DF_NOTCH","PASS_REVIEW_ONLY_UNIQUE_BACK_BF_DF_NOTCH","89.9237653786407","89.9237653786407","0","0.04753075728132217","0.04753075728132217","D:\KLARFExport\_ArgosReview\C15RUN1\i\PST_BRKFULLMETAL_Lot_62546-481_ProcessJob7_fc460a27e1\back_notch","D:\KLARFExport\_ArgosReview\C15RUN2\i\PST_BRKFULLMETAL_Lot_62546-481_ProcessJob7_fc460a27e1\back_notch"
"PST_BRKFULLMETAL\Lot_62546-481\ProcessJob8\Slot03|BACK","SAME_PASS","PASS_REVIEW_ONLY_UNIQUE_BACK_BF_DF_NOTCH","PASS_REVIEW_ONLY_UNIQUE_BACK_BF_DF_NOTCH","90.02773569393105","90.02773569393105","0","0.05547138786209871","0.05547138786209871","D:\KLARFExport\_ArgosReview\C15RUN1\i\PST_BRKFULLMETAL_Lot_62546-481_ProcessJob8_ea566706cb\back_notch","D:\KLARFExport\_ArgosReview\C15RUN2\i\PST_BRKFULLMETAL_Lot_62546-481_ProcessJob8_ea566706cb\back_notch"
"PST_BRKFULLMETAL\Lot_62546-481\ProcessJob8\Slot04|BACK","SAME_PASS","PASS_REVIEW_ONLY_UNIQUE_BACK_BF_DF_NOTCH","PASS_REVIEW_ONLY_UNIQUE_BACK_BF_DF_NOTCH","89.8100516553693","89.8100516553693","0","0.020103310738591063","0.020103310738591063","D:\KLARFExport\_ArgosReview\C15RUN1\i\PST_BRKFULLMETAL_Lot_62546-481_ProcessJob8_8854968c11\back_notch","D:\KLARFExport\_ArgosReview\C15RUN2\i\PST_BRKFULLMETAL_Lot_62546-481_ProcessJob8_8854968c11\back_notch"
"PST_BRKFULLMETAL\Lot_62546-481\ProcessJob8\Slot05|BACK","SAME_PASS","PASS_REVIEW_ONLY_UNIQUE_BACK_BF_DF_NOTCH","PASS_REVIEW_ONLY_UNIQUE_BACK_BF_DF_NOTCH","89.82399859132767","89.82399859132767","0","0.04799718265530828","0.04799718265530828","D:\KLARFExport\_ArgosReview\C15RUN1\i\PST_BRKFULLMETAL_Lot_62546-481_ProcessJob8_9f2e99f3d2\back_notch","D:\KLARFExport\_ArgosReview\C15RUN2\i\PST_BRKFULLMETAL_Lot_62546-481_ProcessJob8_9f2e99f3d2\back_notch"
"PST_BRKFULLMETAL\Lot_62546-481\ProcessJob8\Slot07|BACK","SAME_PASS","PASS_REVIEW_ONLY_UNIQUE_BACK_BF_DF_NOTCH","PASS_REVIEW_ONLY_UNIQUE_BACK_BF_DF_NOTCH","89.29357650327296","89.29357650327296","0","0.012846993454161293","0.012846993454161293","D:\KLARFExport\_ArgosReview\C15RUN1\i\PST_BRKFULLMETAL_Lot_62546-481_ProcessJob8_4e781cc2de\back_notch","D:\KLARFExport\_ArgosReview\C15RUN2\i\PST_BRKFULLMETAL_Lot_62546-481_ProcessJob8_4e781cc2de\back_notch"
"PST_BRKFULLMETAL\Lot_62546-481\ProcessJob8\Slot12|BACK","SAME_PASS","PASS_REVIEW_ONLY_UNIQUE_BACK_BF_DF_NOTCH","PASS_REVIEW_ONLY_UNIQUE_BACK_BF_DF_NOTCH","90.01859098428508","90.01859098428508","0","0.037181968570166646","0.037181968570166646","D:\KLARFExport\_ArgosReview\C15RUN1\i\PST_BRKFULLMETAL_Lot_62546-481_ProcessJob8_ad796b9c43\back_notch","D:\KLARFExport\_ArgosReview\C15RUN2\i\PST_BRKFULLMETAL_Lot_62546-481_ProcessJob8_ad796b9c43\back_notch"
"PST_BRKFULLMETAL\Lot_62546-481\ProcessJob8\Slot13|BACK","SAME_PASS","PASS_REVIEW_ONLY_UNIQUE_BACK_BF_DF_NOTCH","PASS_REVIEW_ONLY_UNIQUE_BACK_BF_DF_NOTCH","89.68911356633193","89.68911356633193","0","0.021772867336153467","0.021772867336153467","D:\KLARFExport\_ArgosReview\C15RUN1\i\PST_BRKFULLMETAL_Lot_62546-481_ProcessJob8_9e078f931e\back_notch","D:\KLARFExport\_ArgosReview\C15RUN2\i\PST_BRKFULLMETAL_Lot_62546-481_ProcessJob8_9e078f931e\back_notch"
"PST_BRKFULLMETAL\Lot_62546-481\ProcessJob8\Slot16|BACK","SAME_PASS","PASS_REVIEW_ONLY_UNIQUE_BACK_BF_DF_NOTCH","PASS_REVIEW_ONLY_UNIQUE_BACK_BF_DF_NOTCH","89.4912685240929","89.4912685240929","0","0.01746295181419555","0.01746295181419555","D:\KLARFExport\_ArgosReview\C15RUN1\i\PST_BRKFULLMETAL_Lot_62546-481_ProcessJob8_68026f8b93\back_notch","D:\KLARFExport\_ArgosReview\C15RUN2\i\PST_BRKFULLMETAL_Lot_62546-481_ProcessJob8_68026f8b93\back_notch"
"PST_BRKFULLMETAL\Lot_62546-481\ProcessJob8\Slot19|BACK","SAME_PASS","PASS_REVIEW_ONLY_UNIQUE_BACK_BF_DF_NOTCH","PASS_REVIEW_ONLY_UNIQUE_BACK_BF_DF_NOTCH","90.07309080798898","90.07309080798898","0","0.0538183840220654","0.0538183840220654","D:\KLARFExport\_ArgosReview\C15RUN1\i\PST_BRKFULLMETAL_Lot_62546-481_ProcessJob8_8a1d866f72\back_notch","D:\KLARFExport\_ArgosReview\C15RUN2\i\PST_BRKFULLMETAL_Lot_62546-481_ProcessJob8_8a1d866f72\back_notch"
"PST_BRKFULLMETAL\Lot_62546-481\ProcessJob8\Slot20|BACK","SAME_PASS","PASS_REVIEW_ONLY_UNIQUE_BACK_BF_DF_NOTCH","PASS_REVIEW_ONLY_UNIQUE_BACK_BF_DF_NOTCH","89.79464003605352","89.79464003605352","0","0.010719927892978376","0.010719927892978376","D:\KLARFExport\_ArgosReview\C15RUN1\i\PST_BRKFULLMETAL_Lot_62546-481_ProcessJob8_6d537a999c\back_notch","D:\KLARFExport\_ArgosReview\C15RUN2\i\PST_BRKFULLMETAL_Lot_62546-481_ProcessJob8_6d537a999c\back_notch"
"PST_BRKFULLMETAL\Lot_62546-481\ProcessJob8\Slot21|BACK","SAME_PASS","PASS_REVIEW_ONLY_UNIQUE_BACK_BF_DF_NOTCH","PASS_REVIEW_ONLY_UNIQUE_BACK_BF_DF_NOTCH","88.81188224280748","88.81188224280748","0","0.023764485615004105","0.023764485615004105","D:\KLARFExport\_ArgosReview\C15RUN1\i\PST_BRKFULLMETAL_Lot_62546-481_ProcessJob8_19c8217da5\back_notch","D:\KLARFExport\_ArgosReview\C15RUN2\i\PST_BRKFULLMETAL_Lot_62546-481_ProcessJob8_19c8217da5\back_notch"
"PST_BRKFULLMETAL\Lot_62546-481\ProcessJob8\Slot22|BACK","SAME_PASS","PASS_REVIEW_ONLY_UNIQUE_BACK_BF_DF_NOTCH","PASS_REVIEW_ONLY_UNIQUE_BACK_BF_DF_NOTCH","89.6970406302578","89.6970406302578","0","0.005918739484371827","0.005918739484371827","D:\KLARFExport\_ArgosReview\C15RUN1\i\PST_BRKFULLMETAL_Lot_62546-481_ProcessJob8_41cb2b9670\back_notch","D:\KLARFExport\_ArgosReview\C15RUN2\i\PST_BRKFULLMETAL_Lot_62546-481_ProcessJob8_41cb2b9670\back_notch"
"PST_BRKFULLMETAL\Lot_62546-481\ProcessJob8\Slot23|BACK","SAME_PASS","PASS_REVIEW_ONLY_UNIQUE_BACK_BF_DF_NOTCH","PASS_REVIEW_ONLY_UNIQUE_BACK_BF_DF_NOTCH","89.79035457360146","89.79035457360146","0","0.019290852797155367","0.019290852797155367","D:\KLARFExport\_ArgosReview\C15RUN1\i\PST_BRKFULLMETAL_Lot_62546-481_ProcessJob8_f18608819b\back_notch","D:\KLARFExport\_ArgosReview\C15RUN2\i\PST_BRKFULLMETAL_Lot_62546-481_ProcessJob8_f18608819b\back_notch"
"PST_BRKFULLMETAL\Lot_62546-481\ProcessJob8\Slot24|BACK","SAME_PASS","PASS_REVIEW_ONLY_UNIQUE_BACK_BF_DF_NOTCH","PASS_REVIEW_ONLY_UNIQUE_BACK_BF_DF_NOTCH","89.82400926733527","89.82400926733527","0","0.048018534670575264","0.048018534670575264","D:\KLARFExport\_ArgosReview\C15RUN1\i\PST_BRKFULLMETAL_Lot_62546-481_ProcessJob8_1e6599e86a\back_notch","D:\KLARFExport\_ArgosReview\C15RUN2\i\PST_BRKFULLMETAL_Lot_62546-481_ProcessJob8_1e6599e86a\back_notch"
"PST_BRKFULLMETAL\Lot_62546-481\ProcessJob8\Slot25|BACK","SAME_PASS","PASS_REVIEW_ONLY_UNIQUE_BACK_BF_DF_NOTCH","PASS_REVIEW_ONLY_UNIQUE_BACK_BF_DF_NOTCH","89.9237653786407","89.9237653786407","0","0.04753075728132217","0.04753075728132217","D:\KLARFExport\_ArgosReview\C15RUN1\i\PST_BRKFULLMETAL_Lot_62546-481_ProcessJob8_4955546dff\back_notch","D:\KLARFExport\_ArgosReview\C15RUN2\i\PST_BRKFULLMETAL_Lot_62546-481_ProcessJob8_4955546dff\back_notch"
"PST_BRKFULLMETAL\Lot_62619-451_PRE\62619-451_PRE_20260717143301\Slot01|BACK","SAME_PASS","PASS_REVIEW_ONLY_UNIQUE_BACK_BF_DF_NOTCH","PASS_REVIEW_ONLY_UNIQUE_BACK_BF_DF_NOTCH","89.71278794721464","89.71278794721464","0","0.02557589442920971","0.02557589442920971","D:\KLARFExport\_ArgosReview\C15RUN1\i\PST_BRKFULLMETAL_Lot_62619-451_PRE_62619-4_0a859e3695\back_notch","D:\KLARFExport\_ArgosReview\C15RUN2\i\PST_BRKFULLMETAL_Lot_62619-451_PRE_62619-4_0a859e3695\back_notch"
"PST_BRKFULLMETAL\Lot_62619-451_PRE\62619-451_PRE_20260717143301\Slot02|BACK","SAME_PASS","PASS_REVIEW_ONLY_UNIQUE_BACK_BF_DF_NOTCH","PASS_REVIEW_ONLY_UNIQUE_BACK_BF_DF_NOTCH","89.73185958509755","89.73185958509755","0","0.0637191701951565","0.0637191701951565","D:\KLARFExport\_ArgosReview\C15RUN1\i\PST_BRKFULLMETAL_Lot_62619-451_PRE_62619-4_40a419fb45\back_notch","D:\KLARFExport\_ArgosReview\C15RUN2\i\PST_BRKFULLMETAL_Lot_62619-451_PRE_62619-4_40a419fb45\back_notch"
"PST_BRKFULLMETAL\Lot_62619-451_PRE\62619-451_PRE_20260717143301\Slot03|BACK","SAME_PASS","PASS_REVIEW_ONLY_UNIQUE_BACK_BF_DF_NOTCH","PASS_REVIEW_ONLY_UNIQUE_BACK_BF_DF_NOTCH","89.92359433853616","89.92359433853616","0","0.04718867707231311","0.04718867707231311","D:\KLARFExport\_ArgosReview\C15RUN1\i\PST_BRKFULLMETAL_Lot_62619-451_PRE_62619-4_01ad5c97d9\back_notch","D:\KLARFExport\_ArgosReview\C15RUN2\i\PST_BRKFULLMETAL_Lot_62619-451_PRE_62619-4_01ad5c97d9\back_notch"
"PST_BRKFULLMETAL\Lot_62619-451_PRE\62619-451_PRE_20260717143301\Slot04|BACK","SAME_PASS","PASS_REVIEW_ONLY_UNIQUE_BACK_BF_DF_NOTCH","PASS_REVIEW_ONLY_UNIQUE_BACK_BF_DF_NOTCH","89.97576008917804","89.97576008917804","0","0.04847982164392306","0.04847982164392306","D:\KLARFExport\_ArgosReview\C15RUN1\i\PST_BRKFULLMETAL_Lot_62619-451_PRE_62619-4_1da1f85cc1\back_notch","D:\KLARFExport\_ArgosReview\C15RUN2\i\PST_BRKFULLMETAL_Lot_62619-451_PRE_62619-4_1da1f85cc1\back_notch"
"PST_BRKFULLMETAL\Lot_62619-451_PRE\62619-451_PRE_20260717143301\Slot05|BACK","SAME_PASS","PASS_REVIEW_ONLY_UNIQUE_BACK_BF_DF_NOTCH","PASS_REVIEW_ONLY_UNIQUE_BACK_BF_DF_NOTCH","90.00516863568498","90.00516863568498","0","0.010337271370019607","0.010337271370019607","D:\KLARFExport\_ArgosReview\C15RUN1\i\PST_BRKFULLMETAL_Lot_62619-451_PRE_62619-4_7493d7efeb\back_notch","D:\KLARFExport\_ArgosReview\C15RUN2\i\PST_BRKFULLMETAL_Lot_62619-451_PRE_62619-4_7493d7efeb\back_notch"
"PST_BRKFULLMETAL\Lot_62619-451_PRE\62619-451_PRE_20260717143301\Slot06|BACK","SAME_PASS","PASS_REVIEW_ONLY_UNIQUE_BACK_BF_DF_NOTCH","PASS_REVIEW_ONLY_UNIQUE_BACK_BF_DF_NOTCH","89.82546826220643","89.82546826220643","0","0.25093652441290715","0.25093652441290715","D:\KLARFExport\_ArgosReview\C15RUN1\i\PST_BRKFULLMETAL_Lot_62619-451_PRE_62619-4_8adb8d24f7\back_notch","D:\KLARFExport\_ArgosReview\C15RUN2\i\PST_BRKFULLMETAL_Lot_62619-451_PRE_62619-4_8adb8d24f7\back_notch"
"PST_BRKFULLMETAL\Lot_62619-451_PRE\62619-451_PRE_20260717143301\Slot07|BACK","SAME_PASS","PASS_REVIEW_ONLY_UNIQUE_BACK_BF_DF_NOTCH","PASS_REVIEW_ONLY_UNIQUE_BACK_BF_DF_NOTCH","90.07880784188289","90.07880784188289","0","0.042384316234205244","0.042384316234205244","D:\KLARFExport\_ArgosReview\C15RUN1\i\PST_BRKFULLMETAL_Lot_62619-451_PRE_62619-4_d2adf4ff59\back_notch","D:\KLARFExport\_ArgosReview\C15RUN2\i\PST_BRKFULLMETAL_Lot_62619-451_PRE_62619-4_d2adf4ff59\back_notch"
"PST_BRKFULLMETAL\Lot_62619-451_PRE\62619-451_PRE_20260717143301\Slot08|BACK","SAME_PASS","PASS_REVIEW_ONLY_UNIQUE_BACK_BF_DF_NOTCH","PASS_REVIEW_ONLY_UNIQUE_BACK_BF_DF_NOTCH","89.98401720960737","89.98401720960737","0","0.03196558078525413","0.03196558078525413","D:\KLARFExport\_ArgosReview\C15RUN1\i\PST_BRKFULLMETAL_Lot_62619-451_PRE_62619-4_3dacbb935a\back_notch","D:\KLARFExport\_ArgosReview\C15RUN2\i\PST_BRKFULLMETAL_Lot_62619-451_PRE_62619-4_3dacbb935a\back_notch"
"PST_BRKFULLMETAL\Lot_62619-451_PRE\62619-451_PRE_20260717143301\Slot09|BACK","SAME_PASS","PASS_REVIEW_ONLY_UNIQUE_BACK_BF_DF_NOTCH","PASS_REVIEW_ONLY_UNIQUE_BACK_BF_DF_NOTCH","89.93007208594454","89.93007208594454","0","0.06014417188907828","0.06014417188907828","D:\KLARFExport\_ArgosReview\C15RUN1\i\PST_BRKFULLMETAL_Lot_62619-451_PRE_62619-4_cedf76f6b8\back_notch","D:\KLARFExport\_ArgosReview\C15RUN2\i\PST_BRKFULLMETAL_Lot_62619-451_PRE_62619-4_cedf76f6b8\back_notch"
"PST_BRKFULLMETAL\Lot_62619-451_PRE\62619-451_PRE_20260717143301\Slot10|BACK","SAME_PASS","PASS_REVIEW_ONLY_UNIQUE_BACK_BF_DF_NOTCH","PASS_REVIEW_ONLY_UNIQUE_BACK_BF_DF_NOTCH","89.92479789377731","89.92479789377731","0","0.04959578755460825","0.04959578755460825","D:\KLARFExport\_ArgosReview\C15RUN1\i\PST_BRKFULLMETAL_Lot_62619-451_PRE_62619-4_f63f779738\back_notch","D:\KLARFExport\_ArgosReview\C15RUN2\i\PST_BRKFULLMETAL_Lot_62619-451_PRE_62619-4_f63f779738\back_notch"
"PST_BRKFULLMETAL\Lot_62619-451_PRE\ProcessJob0\Slot01|BACK","SAME_PASS","PASS_REVIEW_ONLY_UNIQUE_BACK_BF_DF_NOTCH","PASS_REVIEW_ONLY_UNIQUE_BACK_BF_DF_NOTCH","89.71278794721464","89.71278794721464","0","0.02557589442920971","0.02557589442920971","D:\KLARFExport\_ArgosReview\C15RUN1\i\PST_BRKFULLMETAL_Lot_62619-451_PRE_Process_f672b382ff\back_notch","D:\KLARFExport\_ArgosReview\C15RUN2\i\PST_BRKFULLMETAL_Lot_62619-451_PRE_Process_f672b382ff\back_notch"
"PST_BRKFULLMETAL\Lot_62619-451_PRE\ProcessJob0\Slot02|BACK","SAME_PASS","PASS_REVIEW_ONLY_UNIQUE_BACK_BF_DF_NOTCH","PASS_REVIEW_ONLY_UNIQUE_BACK_BF_DF_NOTCH","89.73185958509755","89.73185958509755","0","0.0637191701951565","0.0637191701951565","D:\KLARFExport\_ArgosReview\C15RUN1\i\PST_BRKFULLMETAL_Lot_62619-451_PRE_Process_1452da1b49\back_notch","D:\KLARFExport\_ArgosReview\C15RUN2\i\PST_BRKFULLMETAL_Lot_62619-451_PRE_Process_1452da1b49\back_notch"
"PST_BRKFULLMETAL\Lot_62619-451_PRE\ProcessJob0\Slot03|BACK","SAME_PASS","PASS_REVIEW_ONLY_UNIQUE_BACK_BF_DF_NOTCH","PASS_REVIEW_ONLY_UNIQUE_BACK_BF_DF_NOTCH","89.92359433853616","89.92359433853616","0","0.04718867707231311","0.04718867707231311","D:\KLARFExport\_ArgosReview\C15RUN1\i\PST_BRKFULLMETAL_Lot_62619-451_PRE_Process_8c68d0946b\back_notch","D:\KLARFExport\_ArgosReview\C15RUN2\i\PST_BRKFULLMETAL_Lot_62619-451_PRE_Process_8c68d0946b\back_notch"
"PST_BRKFULLMETAL\Lot_62619-451_PRE\ProcessJob0\Slot04|BACK","SAME_PASS","PASS_REVIEW_ONLY_UNIQUE_BACK_BF_DF_NOTCH","PASS_REVIEW_ONLY_UNIQUE_BACK_BF_DF_NOTCH","89.97576008917804","89.97576008917804","0","0.04847982164392306","0.04847982164392306","D:\KLARFExport\_ArgosReview\C15RUN1\i\PST_BRKFULLMETAL_Lot_62619-451_PRE_Process_75012b384d\back_notch","D:\KLARFExport\_ArgosReview\C15RUN2\i\PST_BRKFULLMETAL_Lot_62619-451_PRE_Process_75012b384d\back_notch"
"PST_BRKFULLMETAL\Lot_62619-451_PRE\ProcessJob0\Slot05|BACK","SAME_PASS","PASS_REVIEW_ONLY_UNIQUE_BACK_BF_DF_NOTCH","PASS_REVIEW_ONLY_UNIQUE_BACK_BF_DF_NOTCH","90.00516863568498","90.00516863568498","0","0.010337271370019607","0.010337271370019607","D:\KLARFExport\_ArgosReview\C15RUN1\i\PST_BRKFULLMETAL_Lot_62619-451_PRE_Process_ab69eae065\back_notch","D:\KLARFExport\_ArgosReview\C15RUN2\i\PST_BRKFULLMETAL_Lot_62619-451_PRE_Process_ab69eae065\back_notch"
"PST_BRKFULLMETAL\Lot_62619-451_PRE\ProcessJob0\Slot06|BACK","SAME_PASS","PASS_REVIEW_ONLY_UNIQUE_BACK_BF_DF_NOTCH","PASS_REVIEW_ONLY_UNIQUE_BACK_BF_DF_NOTCH","89.82546826220643","89.82546826220643","0","0.25093652441290715","0.25093652441290715","D:\KLARFExport\_ArgosReview\C15RUN1\i\PST_BRKFULLMETAL_Lot_62619-451_PRE_Process_62a41f0eb5\back_notch","D:\KLARFExport\_ArgosReview\C15RUN2\i\PST_BRKFULLMETAL_Lot_62619-451_PRE_Process_62a41f0eb5\back_notch"
"PST_BRKFULLMETAL\Lot_62619-451_PRE\ProcessJob0\Slot07|BACK","SAME_PASS","PASS_REVIEW_ONLY_UNIQUE_BACK_BF_DF_NOTCH","PASS_REVIEW_ONLY_UNIQUE_BACK_BF_DF_NOTCH","90.07880784188289","90.07880784188289","0","0.042384316234205244","0.042384316234205244","D:\KLARFExport\_ArgosReview\C15RUN1\i\PST_BRKFULLMETAL_Lot_62619-451_PRE_Process_5c8e5545db\back_notch","D:\KLARFExport\_ArgosReview\C15RUN2\i\PST_BRKFULLMETAL_Lot_62619-451_PRE_Process_5c8e5545db\back_notch"
"PST_BRKFULLMETAL\Lot_62619-451_PRE\ProcessJob0\Slot08|BACK","SAME_PASS","PASS_REVIEW_ONLY_UNIQUE_BACK_BF_DF_NOTCH","PASS_REVIEW_ONLY_UNIQUE_BACK_BF_DF_NOTCH","89.98401720960737","89.98401720960737","0","0.03196558078525413","0.03196558078525413","D:\KLARFExport\_ArgosReview\C15RUN1\i\PST_BRKFULLMETAL_Lot_62619-451_PRE_Process_ceea3c7974\back_notch","D:\KLARFExport\_ArgosReview\C15RUN2\i\PST_BRKFULLMETAL_Lot_62619-451_PRE_Process_ceea3c7974\back_notch"
"PST_BRKFULLMETAL\Lot_62619-451_PRE\ProcessJob0\Slot09|BACK","SAME_PASS","PASS_REVIEW_ONLY_UNIQUE_BACK_BF_DF_NOTCH","PASS_REVIEW_ONLY_UNIQUE_BACK_BF_DF_NOTCH","89.93007208594454","89.93007208594454","0","0.06014417188907828","0.06014417188907828","D:\KLARFExport\_ArgosReview\C15RUN1\i\PST_BRKFULLMETAL_Lot_62619-451_PRE_Process_4fe0c8d523\back_notch","D:\KLARFExport\_ArgosReview\C15RUN2\i\PST_BRKFULLMETAL_Lot_62619-451_PRE_Process_4fe0c8d523\back_notch"
"PST_BRKFULLMETAL\Lot_62619-451_PRE\ProcessJob0\Slot10|BACK","SAME_PASS","PASS_REVIEW_ONLY_UNIQUE_BACK_BF_DF_NOTCH","PASS_REVIEW_ONLY_UNIQUE_BACK_BF_DF_NOTCH","89.92479789377731","89.92479789377731","0","0.04959578755460825","0.04959578755460825","D:\KLARFExport\_ArgosReview\C15RUN1\i\PST_BRKFULLMETAL_Lot_62619-451_PRE_Process_f513733419\back_notch","D:\KLARFExport\_ArgosReview\C15RUN2\i\PST_BRKFULLMETAL_Lot_62619-451_PRE_Process_f513733419\back_notch"
"PST_BRKFULLMETAL\Lot_Lot_62546-481_POST2\Lot_62546-481_POST2\Slot01|BACK","SAME_PASS","PASS_REVIEW_ONLY_UNIQUE_BACK_BF_DF_NOTCH","PASS_REVIEW_ONLY_UNIQUE_BACK_BF_DF_NOTCH","90.07981175289977","90.07981175289977","0","0.040376494200501156","0.040376494200501156","D:\KLARFExport\_ArgosReview\C15RUN1\i\PST_BRKFULLMETAL_Lot_Lot_62546-481_POST2_L_d0b0dfe21a\back_notch","D:\KLARFExport\_ArgosReview\C15RUN2\i\PST_BRKFULLMETAL_Lot_Lot_62546-481_POST2_L_d0b0dfe21a\back_notch"
"PST_BRKFULLMETAL\Lot_Lot_62546-481_POST2\Lot_62546-481_POST2\Slot02|BACK","SAME_PASS","PASS_REVIEW_ONLY_UNIQUE_BACK_BF_DF_NOTCH","PASS_REVIEW_ONLY_UNIQUE_BACK_BF_DF_NOTCH","89.8875802494031","89.8875802494031","0","0.024839501193810065","0.024839501193810065","D:\KLARFExport\_ArgosReview\C15RUN1\i\PST_BRKFULLMETAL_Lot_Lot_62546-481_POST2_L_4802afcbc1\back_notch","D:\KLARFExport\_ArgosReview\C15RUN2\i\PST_BRKFULLMETAL_Lot_Lot_62546-481_POST2_L_4802afcbc1\back_notch"
"PST_BRKFULLMETAL\Lot_Lot_62546-481_POST2\Lot_62546-481_POST2\Slot03|BACK","SAME_PASS","PASS_REVIEW_ONLY_UNIQUE_BACK_BF_DF_NOTCH","PASS_REVIEW_ONLY_UNIQUE_BACK_BF_DF_NOTCH","89.68784372763339","89.68784372763339","0","0.024312544733192","0.024312544733192","D:\KLARFExport\_ArgosReview\C15RUN1\i\PST_BRKFULLMETAL_Lot_Lot_62546-481_POST2_L_87365dd586\back_notch","D:\KLARFExport\_ArgosReview\C15RUN2\i\PST_BRKFULLMETAL_Lot_Lot_62546-481_POST2_L_87365dd586\back_notch"
"PST_BRKFULLMETAL\Lot_Lot_62546-481_POST2\Lot_62546-481_POST2\Slot13|BACK","SAME_PASS","PASS_REVIEW_ONLY_UNIQUE_BACK_BF_DF_NOTCH","PASS_REVIEW_ONLY_UNIQUE_BACK_BF_DF_NOTCH","89.9836800510131","89.9836800510131","0","0.03263989797386557","0.03263989797386557","D:\KLARFExport\_ArgosReview\C15RUN1\i\PST_BRKFULLMETAL_Lot_Lot_62546-481_POST2_L_3e4ae9beb0\back_notch","D:\KLARFExport\_ArgosReview\C15RUN2\i\PST_BRKFULLMETAL_Lot_Lot_62546-481_POST2_L_3e4ae9beb0\back_notch"
"PST_BRKFULLMETAL\Lot_Lot_62546-481_POST2\Lot_62546-481_POST2\Slot14|BACK","SAME_PASS","PASS_REVIEW_ONLY_UNIQUE_BACK_BF_DF_NOTCH","PASS_REVIEW_ONLY_UNIQUE_BACK_BF_DF_NOTCH","89.99715539165476","89.99715539165476","0","0.005689216690427656","0.005689216690427656","D:\KLARFExport\_ArgosReview\C15RUN1\i\PST_BRKFULLMETAL_Lot_Lot_62546-481_POST2_L_e80467eb8c\back_notch","D:\KLARFExport\_ArgosReview\C15RUN2\i\PST_BRKFULLMETAL_Lot_Lot_62546-481_POST2_L_e80467eb8c\back_notch"
"PST_BRKFULLMETAL\Lot_Lot_62546-481_POST2\Lot_62546-481_POST2\Slot15|BACK","SAME_PASS","PASS_REVIEW_ONLY_UNIQUE_BACK_BF_DF_NOTCH","PASS_REVIEW_ONLY_UNIQUE_BACK_BF_DF_NOTCH","89.91531002719952","89.91531002719952","0","0.030620054399093988","0.030620054399093988","D:\KLARFExport\_ArgosReview\C15RUN1\i\PST_BRKFULLMETAL_Lot_Lot_62546-481_POST2_L_3f96eb383e\back_notch","D:\KLARFExport\_ArgosReview\C15RUN2\i\PST_BRKFULLMETAL_Lot_Lot_62546-481_POST2_L_3f96eb383e\back_notch"
"PST_BRKFULLMETAL\Lot_Lot_62546-481_POST2\Lot_62546-481_POST2\Slot16|BACK","SAME_PASS","PASS_REVIEW_ONLY_UNIQUE_BACK_BF_DF_NOTCH","PASS_REVIEW_ONLY_UNIQUE_BACK_BF_DF_NOTCH","89.70428813561035","89.70428813561035","0","0.008576271220732679","0.008576271220732679","D:\KLARFExport\_ArgosReview\C15RUN1\i\PST_BRKFULLMETAL_Lot_Lot_62546-481_POST2_L_6226e3595f\back_notch","D:\KLARFExport\_ArgosReview\C15RUN2\i\PST_BRKFULLMETAL_Lot_Lot_62546-481_POST2_L_6226e3595f\back_notch"
"PST_BRKFULLMETAL\Lot_Lot_62546-481_POST2\Lot_62546-481_POST2\Slot17|BACK","SAME_PASS","PASS_REVIEW_ONLY_UNIQUE_BACK_BF_DF_NOTCH","PASS_REVIEW_ONLY_UNIQUE_BACK_BF_DF_NOTCH","89.64482292606787","89.64482292606787","0","0.08964585213573173","0.08964585213573173","D:\KLARFExport\_ArgosReview\C15RUN1\i\PST_BRKFULLMETAL_Lot_Lot_62546-481_POST2_L_09a78ca711\back_notch","D:\KLARFExport\_ArgosReview\C15RUN2\i\PST_BRKFULLMETAL_Lot_Lot_62546-481_POST2_L_09a78ca711\back_notch"
"PST_BRKFULLMETAL\Lot_Lot_62546-481_POST2\Lot_62546-481_POST2\Slot18|BACK","SAME_PASS","PASS_REVIEW_ONLY_UNIQUE_BACK_BF_DF_NOTCH","PASS_REVIEW_ONLY_UNIQUE_BACK_BF_DF_NOTCH","89.80466991306702","89.80466991306702","0","0.009339826133981433","0.009339826133981433","D:\KLARFExport\_ArgosReview\C15RUN1\i\PST_BRKFULLMETAL_Lot_Lot_62546-481_POST2_L_06ac6ce593\back_notch","D:\KLARFExport\_ArgosReview\C15RUN2\i\PST_BRKFULLMETAL_Lot_Lot_62546-481_POST2_L_06ac6ce593\back_notch"
"PST_BRKFULLMETAL\Lot_Lot_62546-481_POST2\Lot_62546-481_POST2\Slot19|BACK","SAME_PASS","PASS_REVIEW_ONLY_UNIQUE_BACK_BF_DF_NOTCH","PASS_REVIEW_ONLY_UNIQUE_BACK_BF_DF_NOTCH","89.48992859811506","89.48992859811506","0","0.020142803769857665","0.020142803769857665","D:\KLARFExport\_ArgosReview\C15RUN1\i\PST_BRKFULLMETAL_Lot_Lot_62546-481_POST2_L_14885967c0\back_notch","D:\KLARFExport\_ArgosReview\C15RUN2\i\PST_BRKFULLMETAL_Lot_Lot_62546-481_POST2_L_14885967c0\back_notch"
"PST_BRKFULLMETAL\Lot_Lot_62546-481_POST2\Lot_62546-481_POST2\Slot20|BACK","SAME_PASS","PASS_REVIEW_ONLY_UNIQUE_BACK_BF_DF_NOTCH","PASS_REVIEW_ONLY_UNIQUE_BACK_BF_DF_NOTCH","90.09953731067422","90.09953731067422","0","0.0009253786515159845","0.0009253786515159845","D:\KLARFExport\_ArgosReview\C15RUN1\i\PST_BRKFULLMETAL_Lot_Lot_62546-481_POST2_L_c3ad296bff\back_notch","D:\KLARFExport\_ArgosReview\C15RUN2\i\PST_BRKFULLMETAL_Lot_Lot_62546-481_POST2_L_c3ad296bff\back_notch"
"PST_BRKFULLMETAL\Lot_Lot_62546-481_POST2\Lot_62546-481_POST2\Slot21|BACK","SAME_PASS","PASS_REVIEW_ONLY_UNIQUE_BACK_BF_DF_NOTCH","PASS_REVIEW_ONLY_UNIQUE_BACK_BF_DF_NOTCH","90.02457773505154","90.02457773505154","0","0.04915547010307364","0.04915547010307364","D:\KLARFExport\_ArgosReview\C15RUN1\i\PST_BRKFULLMETAL_Lot_Lot_62546-481_POST2_L_d4d9630623\back_notch","D:\KLARFExport\_ArgosReview\C15RUN2\i\PST_BRKFULLMETAL_Lot_Lot_62546-481_POST2_L_d4d9630623\back_notch"
"PST_BRKFULLMETAL\Lot_Lot_62546-481_POST2\Lot_62546-481_POST2\Slot22|BACK","SAME_PASS","PASS_REVIEW_ONLY_UNIQUE_BACK_BF_DF_NOTCH","PASS_REVIEW_ONLY_UNIQUE_BACK_BF_DF_NOTCH","89.90099800735462","89.90099800735462","0","0.0019960147091921954","0.0019960147091921954","D:\KLARFExport\_ArgosReview\C15RUN1\i\PST_BRKFULLMETAL_Lot_Lot_62546-481_POST2_L_00bbb32725\back_notch","D:\KLARFExport\_ArgosReview\C15RUN2\i\PST_BRKFULLMETAL_Lot_Lot_62546-481_POST2_L_00bbb32725\back_notch"
"PST_BRKFULLMETAL\Lot_Lot_62546-481_POST2\Lot_62546-481_POST2\Slot23|BACK","SAME_PASS","PASS_REVIEW_ONLY_UNIQUE_BACK_BF_DF_NOTCH","PASS_REVIEW_ONLY_UNIQUE_BACK_BF_DF_NOTCH","89.98101939662286","89.98101939662286","0","0.03796120675428938","0.03796120675428938","D:\KLARFExport\_ArgosReview\C15RUN1\i\PST_BRKFULLMETAL_Lot_Lot_62546-481_POST2_L_04ca5a906b\back_notch","D:\KLARFExport\_ArgosReview\C15RUN2\i\PST_BRKFULLMETAL_Lot_Lot_62546-481_POST2_L_04ca5a906b\back_notch"
"PST_BRKFULLMETAL\Lot_Lot_62546-481_POST2\Lot_62546-481_POST2\Slot24|BACK","SAME_PASS","PASS_REVIEW_ONLY_UNIQUE_BACK_BF_DF_NOTCH","PASS_REVIEW_ONLY_UNIQUE_BACK_BF_DF_NOTCH","89.7234287616591","89.7234287616591","0","0.046857523318152516","0.046857523318152516","D:\KLARFExport\_ArgosReview\C15RUN1\i\PST_BRKFULLMETAL_Lot_Lot_62546-481_POST2_L_0c08453608\back_notch","D:\KLARFExport\_ArgosReview\C15RUN2\i\PST_BRKFULLMETAL_Lot_Lot_62546-481_POST2_L_0c08453608\back_notch"
"PST_BRKFULLMETAL\Lot_Lot_62546-481_POST2\Lot_62546-481_POST2\Slot25|BACK","SAME_PASS","PASS_REVIEW_ONLY_UNIQUE_BACK_BF_DF_NOTCH","PASS_REVIEW_ONLY_UNIQUE_BACK_BF_DF_NOTCH","89.87846104351988","89.87846104351988","0","0.04307791296020014","0.04307791296020014","D:\KLARFExport\_ArgosReview\C15RUN1\i\PST_BRKFULLMETAL_Lot_Lot_62546-481_POST2_L_15cd938c63\back_notch","D:\KLARFExport\_ArgosReview\C15RUN2\i\PST_BRKFULLMETAL_Lot_Lot_62546-481_POST2_L_15cd938c63\back_notch"
"PST_BRKFULLMETAL\Lot_LotIDStringNotSet\ProcessJob11\Slot18|BACK","SAME_HOLD","HOLD_BACK_NOTCH_NOT_FOUND","HOLD_BACK_NOTCH_NOT_FOUND","","","","","","D:\KLARFExport\_ArgosReview\C15RUN1\i\PST_BRKFULLMETAL_Lot_LotIDStringNotSet_Pro_4ae1f255d5\back_notch","D:\KLARFExport\_ArgosReview\C15RUN2\i\PST_BRKFULLMETAL_Lot_LotIDStringNotSet_Pro_4ae1f255d5\back_notch"
"PST_BRKFULLMETAL\Lot_LotIDStringNotSet\ProcessJob11\Slot19|BACK","SAME_HOLD","HOLD_BACK_NOTCH_NOT_FOUND","HOLD_BACK_NOTCH_NOT_FOUND","","","","","","D:\KLARFExport\_ArgosReview\C15RUN1\i\PST_BRKFULLMETAL_Lot_LotIDStringNotSet_Pro_c614a0bd3a\back_notch","D:\KLARFExport\_ArgosReview\C15RUN2\i\PST_BRKFULLMETAL_Lot_LotIDStringNotSet_Pro_c614a0bd3a\back_notch"
"PST_BRKFULLMETAL\Lot_LotIDStringNotSet\ProcessJob11\Slot20|BACK","RESCUED","HOLD_BACK_NOTCH_NOT_FOUND","PASS_REVIEW_ONLY_UNIQUE_BACK_BF_DF_NOTCH","","180.58477113351069","","","0.030457732978646845","D:\KLARFExport\_ArgosReview\C15RUN1\i\PST_BRKFULLMETAL_Lot_LotIDStringNotSet_Pro_cec77bd31e\back_notch","D:\KLARFExport\_ArgosReview\C15RUN2\i\PST_BRKFULLMETAL_Lot_LotIDStringNotSet_Pro_cec77bd31e\back_notch"
"PST_BRKFULLMETAL\Lot_LotIDStringNotSet\ProcessJob11\Slot21|BACK","SAME_HOLD","HOLD_BACK_NOTCH_CHANNEL_ANALYSIS_FAILED","HOLD_BACK_NOTCH_CHANNEL_ANALYSIS_FAILED","","","","","","D:\KLARFExport\_ArgosReview\C15RUN1\i\PST_BRKFULLMETAL_Lot_LotIDStringNotSet_Pro_a5ec03c6d4\back_notch","D:\KLARFExport\_ArgosReview\C15RUN2\i\PST_BRKFULLMETAL_Lot_LotIDStringNotSet_Pro_a5ec03c6d4\back_notch"
"PST_BRKFULLMETAL\Lot_LotIDStringNotSet\ProcessJob11\Slot22|BACK","RESCUED","HOLD_BACK_NOTCH_NOT_FOUND","PASS_REVIEW_ONLY_UNIQUE_BACK_BF_DF_NOTCH","","175.15555814611182","","","0.08888370777637533","D:\KLARFExport\_ArgosReview\C15RUN1\i\PST_BRKFULLMETAL_Lot_LotIDStringNotSet_Pro_3cd42429ca\back_notch","D:\KLARFExport\_ArgosReview\C15RUN2\i\PST_BRKFULLMETAL_Lot_LotIDStringNotSet_Pro_3cd42429ca\back_notch"
"PST_BRKFULLMETAL\Lot_LotIDStringNotSet\ProcessJob11\Slot23|BACK","RESCUED","HOLD_BACK_NOTCH_NOT_FOUND","PASS_REVIEW_ONLY_UNIQUE_BACK_BF_DF_NOTCH","","189.3896675507455","","","0.02066489850901121","D:\KLARFExport\_ArgosReview\C15RUN1\i\PST_BRKFULLMETAL_Lot_LotIDStringNotSet_Pro_3c4779d08c\back_notch","D:\KLARFExport\_ArgosReview\C15RUN2\i\PST_BRKFULLMETAL_Lot_LotIDStringNotSet_Pro_3c4779d08c\back_notch"
"PST_BRKFULLMETAL\Lot_LotIDStringNotSet\ProcessJob11\Slot24|BACK","SAME_PASS","PASS_REVIEW_ONLY_UNIQUE_BACK_BF_DF_NOTCH","PASS_REVIEW_ONLY_UNIQUE_BACK_BF_DF_NOTCH","183.08254067006396","183.08254067006396","0","0.03491865987206211","0.03491865987206211","D:\KLARFExport\_ArgosReview\C15RUN1\i\PST_BRKFULLMETAL_Lot_LotIDStringNotSet_Pro_f72ace828d\back_notch","D:\KLARFExport\_ArgosReview\C15RUN2\i\PST_BRKFULLMETAL_Lot_LotIDStringNotSet_Pro_f72ace828d\back_notch"
"PST_BRKFULLMETAL\Lot_LotIDStringNotSet\ProcessJob11\Slot25|BACK","SAME_HOLD","HOLD_BACK_NOTCH_CHANNEL_ANALYSIS_FAILED","HOLD_BACK_NOTCH_CHANNEL_ANALYSIS_FAILED","","","","","","D:\KLARFExport\_ArgosReview\C15RUN1\i\PST_BRKFULLMETAL_Lot_LotIDStringNotSet_Pro_a9bfffc487\back_notch","D:\KLARFExport\_ArgosReview\C15RUN2\i\PST_BRKFULLMETAL_Lot_LotIDStringNotSet_Pro_a9bfffc487\back_notch"
"PST_BRKFULLMETAL\Lot_MT\MT_Test\Slot03|BACK","SAME_PASS","PASS_REVIEW_ONLY_UNIQUE_BACK_BF_DF_NOTCH","PASS_REVIEW_ONLY_UNIQUE_BACK_BF_DF_NOTCH","89.92623079549602","89.92623079549602","0","0.05246159099201009","0.05246159099201009","D:\KLARFExport\_ArgosReview\C15RUN1\i\PST_BRKFULLMETAL_Lot_MT_MT_Test_Slot03_BAC_d9cdfc2bee\back_notch","D:\KLARFExport\_ArgosReview\C15RUN2\i\PST_BRKFULLMETAL_Lot_MT_MT_Test_Slot03_BAC_d9cdfc2bee\back_notch"
"PST_BRKFULLMETAL\Lot_MT\MT_Test\Slot04|BACK","SAME_PASS","PASS_REVIEW_ONLY_UNIQUE_BACK_BF_DF_NOTCH","PASS_REVIEW_ONLY_UNIQUE_BACK_BF_DF_NOTCH","89.72344256602936","89.72344256602936","0","0.04688513205871914","0.04688513205871914","D:\KLARFExport\_ArgosReview\C15RUN1\i\PST_BRKFULLMETAL_Lot_MT_MT_Test_Slot04_BAC_0d606ea61b\back_notch","D:\KLARFExport\_ArgosReview\C15RUN2\i\PST_BRKFULLMETAL_Lot_MT_MT_Test_Slot04_BAC_0d606ea61b\back_notch"
"PST_BRKFULLMETAL\Lot_MT\MT_Test\Slot05|BACK","SAME_PASS","PASS_REVIEW_ONLY_UNIQUE_BACK_BF_DF_NOTCH","PASS_REVIEW_ONLY_UNIQUE_BACK_BF_DF_NOTCH","89.723636397423","89.723636397423","0","0.04727279484595215","0.04727279484595215","D:\KLARFExport\_ArgosReview\C15RUN1\i\PST_BRKFULLMETAL_Lot_MT_MT_Test_Slot05_BAC_e886827560\back_notch","D:\KLARFExport\_ArgosReview\C15RUN2\i\PST_BRKFULLMETAL_Lot_MT_MT_Test_Slot05_BAC_e886827560\back_notch"
"PST_BRKFULLMETAL\Lot_MT\MT_Test\Slot06|BACK","SAME_PASS","PASS_REVIEW_ONLY_UNIQUE_BACK_BF_DF_NOTCH","PASS_REVIEW_ONLY_UNIQUE_BACK_BF_DF_NOTCH","89.49916686084532","89.49916686084532","0","0.0016662783093579492","0.0016662783093579492","D:\KLARFExport\_ArgosReview\C15RUN1\i\PST_BRKFULLMETAL_Lot_MT_MT_Test_Slot06_BAC_3a1a7940e9\back_notch","D:\KLARFExport\_ArgosReview\C15RUN2\i\PST_BRKFULLMETAL_Lot_MT_MT_Test_Slot06_BAC_3a1a7940e9\back_notch"
"PST_BRKFULLMETAL\Lot_MT\MT_Test\Slot07|BACK","SAME_PASS","PASS_REVIEW_ONLY_UNIQUE_BACK_BF_DF_NOTCH","PASS_REVIEW_ONLY_UNIQUE_BACK_BF_DF_NOTCH","89.19167769538446","89.19167769538446","0","0.016644609231150298","0.016644609231150298","D:\KLARFExport\_ArgosReview\C15RUN1\i\PST_BRKFULLMETAL_Lot_MT_MT_Test_Slot07_BAC_ffba427989\back_notch","D:\KLARFExport\_ArgosReview\C15RUN2\i\PST_BRKFULLMETAL_Lot_MT_MT_Test_Slot07_BAC_ffba427989\back_notch"
"PST_BRKFULLMETAL\Lot_MT\MT_Test\Slot08|BACK","SAME_PASS","PASS_REVIEW_ONLY_UNIQUE_BACK_BF_DF_NOTCH","PASS_REVIEW_ONLY_UNIQUE_BACK_BF_DF_NOTCH","89.62038230057026","89.62038230057026","0","0.04076460114049496","0.04076460114049496","D:\KLARFExport\_ArgosReview\C15RUN1\i\PST_BRKFULLMETAL_Lot_MT_MT_Test_Slot08_BAC_811760c245\back_notch","D:\KLARFExport\_ArgosReview\C15RUN2\i\PST_BRKFULLMETAL_Lot_MT_MT_Test_Slot08_BAC_811760c245\back_notch"
"PST_BRKFULLMETAL\Lot_MT\MT_Test\Slot09|BACK","SAME_PASS","PASS_REVIEW_ONLY_UNIQUE_BACK_BF_DF_NOTCH","PASS_REVIEW_ONLY_UNIQUE_BACK_BF_DF_NOTCH","89.80843334492465","89.80843334492465","0","0.016866689849308614","0.016866689849308614","D:\KLARFExport\_ArgosReview\C15RUN1\i\PST_BRKFULLMETAL_Lot_MT_MT_Test_Slot09_BAC_f19118f6ad\back_notch","D:\KLARFExport\_ArgosReview\C15RUN2\i\PST_BRKFULLMETAL_Lot_MT_MT_Test_Slot09_BAC_f19118f6ad\back_notch"
"PST_BRKFULLMETAL\Lot_MT\MT_Test\Slot10|BACK","SAME_PASS","PASS_REVIEW_ONLY_UNIQUE_BACK_BF_DF_NOTCH","PASS_REVIEW_ONLY_UNIQUE_BACK_BF_DF_NOTCH","89.80348594564282","89.80348594564282","0","0.006971891285587617","0.006971891285587617","D:\KLARFExport\_ArgosReview\C15RUN1\i\PST_BRKFULLMETAL_Lot_MT_MT_Test_Slot10_BAC_ed387c9e47\back_notch","D:\KLARFExport\_ArgosReview\C15RUN2\i\PST_BRKFULLMETAL_Lot_MT_MT_Test_Slot10_BAC_ed387c9e47\back_notch"
"PST_BRKFULLMETAL\Lot_MT\MT_Test\Slot11|BACK","SAME_PASS","PASS_REVIEW_ONLY_UNIQUE_BACK_BF_DF_NOTCH","PASS_REVIEW_ONLY_UNIQUE_BACK_BF_DF_NOTCH","89.59620700663406","89.59620700663406","0","0.007585986731925232","0.007585986731925232","D:\KLARFExport\_ArgosReview\C15RUN1\i\PST_BRKFULLMETAL_Lot_MT_MT_Test_Slot11_BAC_6fdf102755\back_notch","D:\KLARFExport\_ArgosReview\C15RUN2\i\PST_BRKFULLMETAL_Lot_MT_MT_Test_Slot11_BAC_6fdf102755\back_notch"
"PST_BRKFULLMETAL\Lot_MT\MT_Test\Slot12|BACK","SAME_PASS","PASS_REVIEW_ONLY_UNIQUE_BACK_BF_DF_NOTCH","PASS_REVIEW_ONLY_UNIQUE_BACK_BF_DF_NOTCH","89.92788933955225","89.92788933955225","0","0.05577867910449186","0.05577867910449186","D:\KLARFExport\_ArgosReview\C15RUN1\i\PST_BRKFULLMETAL_Lot_MT_MT_Test_Slot12_BAC_660a297530\back_notch","D:\KLARFExport\_ArgosReview\C15RUN2\i\PST_BRKFULLMETAL_Lot_MT_MT_Test_Slot12_BAC_660a297530\back_notch"
"PST_BRKFULLMETAL\Lot_MT\MT_Test\Slot13|BACK","SAME_PASS","PASS_REVIEW_ONLY_UNIQUE_BACK_BF_DF_NOTCH","PASS_REVIEW_ONLY_UNIQUE_BACK_BF_DF_NOTCH","89.58011627340225","89.58011627340225","0","0.03976745319545216","0.03976745319545216","D:\KLARFExport\_ArgosReview\C15RUN1\i\PST_BRKFULLMETAL_Lot_MT_MT_Test_Slot13_BAC_8d88b01e5b\back_notch","D:\KLARFExport\_ArgosReview\C15RUN2\i\PST_BRKFULLMETAL_Lot_MT_MT_Test_Slot13_BAC_8d88b01e5b\back_notch"
"PST_BRKFULLMETAL\Lot_MT\MT_Test\Slot14|BACK","SAME_PASS","PASS_REVIEW_ONLY_UNIQUE_BACK_BF_DF_NOTCH","PASS_REVIEW_ONLY_UNIQUE_BACK_BF_DF_NOTCH","89.39929831988846","89.39929831988846","0","0.0014033602230938413","0.0014033602230938413","D:\KLARFExport\_ArgosReview\C15RUN1\i\PST_BRKFULLMETAL_Lot_MT_MT_Test_Slot14_BAC_e26fa4e11f\back_notch","D:\KLARFExport\_ArgosReview\C15RUN2\i\PST_BRKFULLMETAL_Lot_MT_MT_Test_Slot14_BAC_e26fa4e11f\back_notch"
"PST_BRKFULLMETAL\Lot_MT\MT_Test\Slot15|BACK","SAME_PASS","PASS_REVIEW_ONLY_UNIQUE_BACK_BF_DF_NOTCH","PASS_REVIEW_ONLY_UNIQUE_BACK_BF_DF_NOTCH","89.39267045092967","89.39267045092967","0","0.014659098140668902","0.014659098140668902","D:\KLARFExport\_ArgosReview\C15RUN1\i\PST_BRKFULLMETAL_Lot_MT_MT_Test_Slot15_BAC_ee17636f61\back_notch","D:\KLARFExport\_ArgosReview\C15RUN2\i\PST_BRKFULLMETAL_Lot_MT_MT_Test_Slot15_BAC_ee17636f61\back_notch"
"PST_BRKFULLMETAL\Lot_MT\MT_Test\Slot16|BACK","SAME_PASS","PASS_REVIEW_ONLY_UNIQUE_BACK_BF_DF_NOTCH","PASS_REVIEW_ONLY_UNIQUE_BACK_BF_DF_NOTCH","89.48693352864763","89.48693352864763","0","0.02613294270474853","0.02613294270474853","D:\KLARFExport\_ArgosReview\C15RUN1\i\PST_BRKFULLMETAL_Lot_MT_MT_Test_Slot16_BAC_bbac723111\back_notch","D:\KLARFExport\_ArgosReview\C15RUN2\i\PST_BRKFULLMETAL_Lot_MT_MT_Test_Slot16_BAC_bbac723111\back_notch"
"PST_BRKFULLMETAL\Lot_MT\MT_Test\Slot17|BACK","SAME_PASS","PASS_REVIEW_ONLY_UNIQUE_BACK_BF_DF_NOTCH","PASS_REVIEW_ONLY_UNIQUE_BACK_BF_DF_NOTCH","89.70079704685931","89.70079704685931","0","0.001594093718580325","0.001594093718580325","D:\KLARFExport\_ArgosReview\C15RUN1\i\PST_BRKFULLMETAL_Lot_MT_MT_Test_Slot17_BAC_6ac3898d19\back_notch","D:\KLARFExport\_ArgosReview\C15RUN2\i\PST_BRKFULLMETAL_Lot_MT_MT_Test_Slot17_BAC_6ac3898d19\back_notch"
"PST_BRKFULLMETAL\Lot_MT\MT_Test\Slot18|BACK","SAME_PASS","PASS_REVIEW_ONLY_UNIQUE_BACK_BF_DF_NOTCH","PASS_REVIEW_ONLY_UNIQUE_BACK_BF_DF_NOTCH","89.88832551842219","89.88832551842219","0","0.023348963155598312","0.023348963155598312","D:\KLARFExport\_ArgosReview\C15RUN1\i\PST_BRKFULLMETAL_Lot_MT_MT_Test_Slot18_BAC_4e43ea28da\back_notch","D:\KLARFExport\_ArgosReview\C15RUN2\i\PST_BRKFULLMETAL_Lot_MT_MT_Test_Slot18_BAC_4e43ea28da\back_notch"
"PST_BRKFULLMETAL\Lot_MT\MT_Test\Slot19|BACK","SAME_PASS","PASS_REVIEW_ONLY_UNIQUE_BACK_BF_DF_NOTCH","PASS_REVIEW_ONLY_UNIQUE_BACK_BF_DF_NOTCH","90.00677021358683","90.00677021358683","0","0.013540427173722946","0.013540427173722946","D:\KLARFExport\_ArgosReview\C15RUN1\i\PST_BRKFULLMETAL_Lot_MT_MT_Test_Slot19_BAC_3be6f6a706\back_notch","D:\KLARFExport\_ArgosReview\C15RUN2\i\PST_BRKFULLMETAL_Lot_MT_MT_Test_Slot19_BAC_3be6f6a706\back_notch"
"PST_BRKFULLMETAL\Lot_MT\MT_Test\Slot20|BACK","SAME_PASS","PASS_REVIEW_ONLY_UNIQUE_BACK_BF_DF_NOTCH","PASS_REVIEW_ONLY_UNIQUE_BACK_BF_DF_NOTCH","89.7965393186285","89.7965393186285","0","0.00692136274301447","0.00692136274301447","D:\KLARFExport\_ArgosReview\C15RUN1\i\PST_BRKFULLMETAL_Lot_MT_MT_Test_Slot20_BAC_52e7ae15f3\back_notch","D:\KLARFExport\_ArgosReview\C15RUN2\i\PST_BRKFULLMETAL_Lot_MT_MT_Test_Slot20_BAC_52e7ae15f3\back_notch"
"PST_BRKFULLMETAL\Lot_MT\MT_Test\Slot21|BACK","SAME_PASS","PASS_REVIEW_ONLY_UNIQUE_BACK_BF_DF_NOTCH","PASS_REVIEW_ONLY_UNIQUE_BACK_BF_DF_NOTCH","88.81016565233034","88.81016565233034","0","0.020331304660629712","0.020331304660629712","D:\KLARFExport\_ArgosReview\C15RUN1\i\PST_BRKFULLMETAL_Lot_MT_MT_Test_Slot21_BAC_1cab6ebefe\back_notch","D:\KLARFExport\_ArgosReview\C15RUN2\i\PST_BRKFULLMETAL_Lot_MT_MT_Test_Slot21_BAC_1cab6ebefe\back_notch"
"PST_BRKFULLMETAL\Lot_MT\MT_Test\Slot22|BACK","SAME_PASS","PASS_REVIEW_ONLY_UNIQUE_BACK_BF_DF_NOTCH","PASS_REVIEW_ONLY_UNIQUE_BACK_BF_DF_NOTCH","89.70565663580284","89.70565663580284","0","0.011313271605672526","0.011313271605672526","D:\KLARFExport\_ArgosReview\C15RUN1\i\PST_BRKFULLMETAL_Lot_MT_MT_Test_Slot22_BAC_b5b82375f4\back_notch","D:\KLARFExport\_ArgosReview\C15RUN2\i\PST_BRKFULLMETAL_Lot_MT_MT_Test_Slot22_BAC_b5b82375f4\back_notch"
"PST_BRKFULLMETAL\Lot_MT\MT_Test\Slot23|BACK","SAME_PASS","PASS_REVIEW_ONLY_UNIQUE_BACK_BF_DF_NOTCH","PASS_REVIEW_ONLY_UNIQUE_BACK_BF_DF_NOTCH","89.79596790412648","89.79596790412648","0","0.008064191747052973","0.008064191747052973","D:\KLARFExport\_ArgosReview\C15RUN1\i\PST_BRKFULLMETAL_Lot_MT_MT_Test_Slot23_BAC_2e9b59a28a\back_notch","D:\KLARFExport\_ArgosReview\C15RUN2\i\PST_BRKFULLMETAL_Lot_MT_MT_Test_Slot23_BAC_2e9b59a28a\back_notch"
"PST_BRKFULLMETAL\Lot_MT\MT_Test\Slot24|BACK","SAME_PASS","PASS_REVIEW_ONLY_UNIQUE_BACK_BF_DF_NOTCH","PASS_REVIEW_ONLY_UNIQUE_BACK_BF_DF_NOTCH","89.82243888806858","89.82243888806858","0","0.04487777613707067","0.04487777613707067","D:\KLARFExport\_ArgosReview\C15RUN1\i\PST_BRKFULLMETAL_Lot_MT_MT_Test_Slot24_BAC_d7a1151fb8\back_notch","D:\KLARFExport\_ArgosReview\C15RUN2\i\PST_BRKFULLMETAL_Lot_MT_MT_Test_Slot24_BAC_d7a1151fb8\back_notch"
"PST_BRKFULLMETAL\Lot_MT\MT_Test\Slot25|BACK","SAME_PASS","PASS_REVIEW_ONLY_UNIQUE_BACK_BF_DF_NOTCH","PASS_REVIEW_ONLY_UNIQUE_BACK_BF_DF_NOTCH","89.91812248916446","89.91812248916446","0","0.03624497832890938","0.03624497832890938","D:\KLARFExport\_ArgosReview\C15RUN1\i\PST_BRKFULLMETAL_Lot_MT_MT_Test_Slot25_BAC_44bd799f86\back_notch","D:\KLARFExport\_ArgosReview\C15RUN2\i\PST_BRKFULLMETAL_Lot_MT_MT_Test_Slot25_BAC_44bd799f86\back_notch"
"PST_BRKFULLMETAL\Lot_TP_Test\TP_Test\Slot21|BACK","SAME_PASS","PASS_REVIEW_ONLY_UNIQUE_BACK_BF_DF_NOTCH","PASS_REVIEW_ONLY_UNIQUE_BACK_BF_DF_NOTCH","88.81561496690568","88.81561496690568","0","0.031229933811289357","0.031229933811289357","D:\KLARFExport\_ArgosReview\C15RUN1\i\PST_BRKFULLMETAL_Lot_TP_Test_TP_Test_Slot2_77d9ecc04a\back_notch","D:\KLARFExport\_ArgosReview\C15RUN2\i\PST_BRKFULLMETAL_Lot_TP_Test_TP_Test_Slot2_77d9ecc04a\back_notch"
"PST_BRKFULLMETAL\Lot_TP_Test\TP_Test\Slot22|BACK","SAME_PASS","PASS_REVIEW_ONLY_UNIQUE_BACK_BF_DF_NOTCH","PASS_REVIEW_ONLY_UNIQUE_BACK_BF_DF_NOTCH","89.70781110865649","89.70781110865649","0","0.015622217312994735","0.015622217312994735","D:\KLARFExport\_ArgosReview\C15RUN1\i\PST_BRKFULLMETAL_Lot_TP_Test_TP_Test_Slot2_b99bddb0d9\back_notch","D:\KLARFExport\_ArgosReview\C15RUN2\i\PST_BRKFULLMETAL_Lot_TP_Test_TP_Test_Slot2_b99bddb0d9\back_notch"
"PST_BRKFULLMETAL\Lot_TP_Test\TP_Test\Slot23|BACK","SAME_PASS","PASS_REVIEW_ONLY_UNIQUE_BACK_BF_DF_NOTCH","PASS_REVIEW_ONLY_UNIQUE_BACK_BF_DF_NOTCH","89.80525601657712","89.80525601657712","0","0.010512033154157052","0.010512033154157052","D:\KLARFExport\_ArgosReview\C15RUN1\i\PST_BRKFULLMETAL_Lot_TP_Test_TP_Test_Slot2_7701fb7ea0\back_notch","D:\KLARFExport\_ArgosReview\C15RUN2\i\PST_BRKFULLMETAL_Lot_TP_Test_TP_Test_Slot2_7701fb7ea0\back_notch"
"PST_BRKFULLMETAL\Lot_TP_Test\TP_Test\Slot24|BACK","SAME_PASS","PASS_REVIEW_ONLY_UNIQUE_BACK_BF_DF_NOTCH","PASS_REVIEW_ONLY_UNIQUE_BACK_BF_DF_NOTCH","89.88253306771841","89.88253306771841","0","0.034933864563186035","0.034933864563186035","D:\KLARFExport\_ArgosReview\C15RUN1\i\PST_BRKFULLMETAL_Lot_TP_Test_TP_Test_Slot2_fb9ebba423\back_notch","D:\KLARFExport\_ArgosReview\C15RUN2\i\PST_BRKFULLMETAL_Lot_TP_Test_TP_Test_Slot2_fb9ebba423\back_notch"
"PST_BRKFULLMETAL\Lot_TP_Test\TP_Test\Slot25|BACK","SAME_PASS","PASS_REVIEW_ONLY_UNIQUE_BACK_BF_DF_NOTCH","PASS_REVIEW_ONLY_UNIQUE_BACK_BF_DF_NOTCH","89.92051093933017","89.92051093933017","0","0.041021878660387756","0.041021878660387756","D:\KLARFExport\_ArgosReview\C15RUN1\i\PST_BRKFULLMETAL_Lot_TP_Test_TP_Test_Slot2_5eb37f14f4\back_notch","D:\KLARFExport\_ArgosReview\C15RUN2\i\PST_BRKFULLMETAL_Lot_TP_Test_TP_Test_Slot2_5eb37f14f4\back_notch"
"UnpatternedFront\Lot_62631-586\62631-586_20260806133557\Slot01|BACK","SAME_PASS","PASS_REVIEW_ONLY_UNIQUE_BACK_BF_DF_NOTCH","PASS_REVIEW_ONLY_UNIQUE_BACK_BF_DF_NOTCH","89.972690841435","89.972690841435","0","0.05461831713006404","0.05461831713006404","D:\KLARFExport\_ArgosReview\C15RUN1\i\UnpatternedFront_Lot_62631-586_62631-586_2_aa2af9451a\back_notch","D:\KLARFExport\_ArgosReview\C15RUN2\i\UnpatternedFront_Lot_62631-586_62631-586_2_aa2af9451a\back_notch"
"UnpatternedFront\Lot_62631-586\62631-586_20260806133557\Slot02|BACK","SAME_PASS","PASS_REVIEW_ONLY_UNIQUE_BACK_BF_DF_NOTCH","PASS_REVIEW_ONLY_UNIQUE_BACK_BF_DF_NOTCH","89.99140606539271","89.99140606539271","0","0.0171878692145242","0.0171878692145242","D:\KLARFExport\_ArgosReview\C15RUN1\i\UnpatternedFront_Lot_62631-586_62631-586_2_867bfabe4f\back_notch","D:\KLARFExport\_ArgosReview\C15RUN2\i\UnpatternedFront_Lot_62631-586_62631-586_2_867bfabe4f\back_notch"
"UnpatternedFront\Lot_62631-586\62631-586_20260806133557\Slot03|BACK","SAME_PASS","PASS_REVIEW_ONLY_UNIQUE_BACK_BF_DF_NOTCH","PASS_REVIEW_ONLY_UNIQUE_BACK_BF_DF_NOTCH","90.08119524977052","90.08119524977052","0","0.0376095004590411","0.0376095004590411","D:\KLARFExport\_ArgosReview\C15RUN1\i\UnpatternedFront_Lot_62631-586_62631-586_2_648c64ed3f\back_notch","D:\KLARFExport\_ArgosReview\C15RUN2\i\UnpatternedFront_Lot_62631-586_62631-586_2_648c64ed3f\back_notch"
"UnpatternedFront\Lot_62631-586\62631-586_20260806133557\Slot04|BACK","SAME_PASS","PASS_REVIEW_ONLY_UNIQUE_BACK_BF_DF_NOTCH","PASS_REVIEW_ONLY_UNIQUE_BACK_BF_DF_NOTCH","90.01856636570608","90.01856636570608","0","0.037132731412100384","0.037132731412100384","D:\KLARFExport\_ArgosReview\C15RUN1\i\UnpatternedFront_Lot_62631-586_62631-586_2_9d00aae1a2\back_notch","D:\KLARFExport\_ArgosReview\C15RUN2\i\UnpatternedFront_Lot_62631-586_62631-586_2_9d00aae1a2\back_notch"
"UnpatternedFront\Lot_62631-586\62631-586_20260806133557\Slot05|BACK","SAME_PASS","PASS_REVIEW_ONLY_UNIQUE_BACK_BF_DF_NOTCH","PASS_REVIEW_ONLY_UNIQUE_BACK_BF_DF_NOTCH","89.91899144507389","89.91899144507389","0","0.03798289014770262","0.03798289014770262","D:\KLARFExport\_ArgosReview\C15RUN1\i\UnpatternedFront_Lot_62631-586_62631-586_2_dbc72d5a5e\back_notch","D:\KLARFExport\_ArgosReview\C15RUN2\i\UnpatternedFront_Lot_62631-586_62631-586_2_dbc72d5a5e\back_notch"
"UnpatternedFront\Lot_62631-586\62631-586_20260806133557\Slot06|BACK","SAME_PASS","PASS_REVIEW_ONLY_UNIQUE_BACK_BF_DF_NOTCH","PASS_REVIEW_ONLY_UNIQUE_BACK_BF_DF_NOTCH","89.88134171986522","89.88134171986522","0","0.03731656026963037","0.03731656026963037","D:\KLARFExport\_ArgosReview\C15RUN1\i\UnpatternedFront_Lot_62631-586_62631-586_2_37bec60e04\back_notch","D:\KLARFExport\_ArgosReview\C15RUN2\i\UnpatternedFront_Lot_62631-586_62631-586_2_37bec60e04\back_notch"
"UnpatternedFront\Lot_62631-586\62631-586_20260806133557\Slot07|BACK","SAME_PASS","PASS_REVIEW_ONLY_UNIQUE_BACK_BF_DF_NOTCH","PASS_REVIEW_ONLY_UNIQUE_BACK_BF_DF_NOTCH","89.88079649758882","89.88079649758882","0","0.038407004822431645","0.038407004822431645","D:\KLARFExport\_ArgosReview\C15RUN1\i\UnpatternedFront_Lot_62631-586_62631-586_2_14389f13e8\back_notch","D:\KLARFExport\_ArgosReview\C15RUN2\i\UnpatternedFront_Lot_62631-586_62631-586_2_14389f13e8\back_notch"
"UnpatternedFront\Lot_62631-586\62631-586_20260806133557\Slot08|BACK","SAME_PASS","PASS_REVIEW_ONLY_UNIQUE_BACK_BF_DF_NOTCH","PASS_REVIEW_ONLY_UNIQUE_BACK_BF_DF_NOTCH","90.02893098927143","90.02893098927143","0","0.057861978542831594","0.057861978542831594","D:\KLARFExport\_ArgosReview\C15RUN1\i\UnpatternedFront_Lot_62631-586_62631-586_2_6d783f212f\back_notch","D:\KLARFExport\_ArgosReview\C15RUN2\i\UnpatternedFront_Lot_62631-586_62631-586_2_6d783f212f\back_notch"
"UnpatternedFront\Lot_62631-586\62631-586_20260806133557\Slot09|BACK","SAME_PASS","PASS_REVIEW_ONLY_UNIQUE_BACK_BF_DF_NOTCH","PASS_REVIEW_ONLY_UNIQUE_BACK_BF_DF_NOTCH","90.0764228723052","90.0764228723052","0","0.047154255389614264","0.047154255389614264","D:\KLARFExport\_ArgosReview\C15RUN1\i\UnpatternedFront_Lot_62631-586_62631-586_2_6a3be6a54a\back_notch","D:\KLARFExport\_ArgosReview\C15RUN2\i\UnpatternedFront_Lot_62631-586_62631-586_2_6a3be6a54a\back_notch"
"UnpatternedFront\Lot_62631-586\62631-586_20260806133557\Slot10|BACK","SAME_PASS","PASS_REVIEW_ONLY_UNIQUE_BACK_BF_DF_NOTCH","PASS_REVIEW_ONLY_UNIQUE_BACK_BF_DF_NOTCH","90.28402182051576","90.28402182051576","0","0.03195635896847193","0.03195635896847193","D:\KLARFExport\_ArgosReview\C15RUN1\i\UnpatternedFront_Lot_62631-586_62631-586_2_90e6ac0ee7\back_notch","D:\KLARFExport\_ArgosReview\C15RUN2\i\UnpatternedFront_Lot_62631-586_62631-586_2_90e6ac0ee7\back_notch"
"UnpatternedFront\Lot_62631-586\62631-586_20260806152140\Slot01|BACK","SAME_PASS","PASS_REVIEW_ONLY_UNIQUE_BACK_BF_DF_NOTCH","PASS_REVIEW_ONLY_UNIQUE_BACK_BF_DF_NOTCH","88.87928426610424","88.87928426610424","0","0.041431467791539944","0.041431467791539944","D:\KLARFExport\_ArgosReview\C15RUN1\i\UnpatternedFront_Lot_62631-586_62631-586_2_8da9bccc3b\back_notch","D:\KLARFExport\_ArgosReview\C15RUN2\i\UnpatternedFront_Lot_62631-586_62631-586_2_8da9bccc3b\back_notch"
"UnpatternedFront\Lot_62631-586\62631-586_20260806152140\Slot02|BACK","SAME_PASS","PASS_REVIEW_ONLY_UNIQUE_BACK_BF_DF_NOTCH","PASS_REVIEW_ONLY_UNIQUE_BACK_BF_DF_NOTCH","88.99145478571","88.99145478571","0","0.017090428579933814","0.017090428579933814","D:\KLARFExport\_ArgosReview\C15RUN1\i\UnpatternedFront_Lot_62631-586_62631-586_2_784e710664\back_notch","D:\KLARFExport\_ArgosReview\C15RUN2\i\UnpatternedFront_Lot_62631-586_62631-586_2_784e710664\back_notch"
"UnpatternedFront\Lot_62631-586\62631-586_20260806152140\Slot03|BACK","SAME_PASS","PASS_REVIEW_ONLY_UNIQUE_BACK_BF_DF_NOTCH","PASS_REVIEW_ONLY_UNIQUE_BACK_BF_DF_NOTCH","89.51802219870319","89.51802219870319","0","0.036044397406442386","0.036044397406442386","D:\KLARFExport\_ArgosReview\C15RUN1\i\UnpatternedFront_Lot_62631-586_62631-586_2_b005bab8a2\back_notch","D:\KLARFExport\_ArgosReview\C15RUN2\i\UnpatternedFront_Lot_62631-586_62631-586_2_b005bab8a2\back_notch"
"UnpatternedFront\Lot_62631-586\62631-586_20260806152140\Slot04|BACK","SAME_PASS","PASS_REVIEW_ONLY_UNIQUE_BACK_BF_DF_NOTCH","PASS_REVIEW_ONLY_UNIQUE_BACK_BF_DF_NOTCH","89.49623314666019","89.49623314666019","0","0.007533706679652141","0.007533706679652141","D:\KLARFExport\_ArgosReview\C15RUN1\i\UnpatternedFront_Lot_62631-586_62631-586_2_fa64557174\back_notch","D:\KLARFExport\_ArgosReview\C15RUN2\i\UnpatternedFront_Lot_62631-586_62631-586_2_fa64557174\back_notch"
"UnpatternedFront\Lot_62631-586\62631-586_20260806152140\Slot05|BACK","SAME_PASS","PASS_REVIEW_ONLY_UNIQUE_BACK_BF_DF_NOTCH","PASS_REVIEW_ONLY_UNIQUE_BACK_BF_DF_NOTCH","88.96772728821236","88.96772728821236","0","0.0645454235753391","0.0645454235753391","D:\KLARFExport\_ArgosReview\C15RUN1\i\UnpatternedFront_Lot_62631-586_62631-586_2_02d05a9ffb\back_notch","D:\KLARFExport\_ArgosReview\C15RUN2\i\UnpatternedFront_Lot_62631-586_62631-586_2_02d05a9ffb\back_notch"
"UnpatternedFront\Lot_62631-586\62631-586_20260806152140\Slot21|BACK","SAME_PASS","PASS_REVIEW_ONLY_UNIQUE_BACK_BF_DF_NOTCH","PASS_REVIEW_ONLY_UNIQUE_BACK_BF_DF_NOTCH","89.88635696406706","89.88635696406706","0","0.02728607186591603","0.02728607186591603","D:\KLARFExport\_ArgosReview\C15RUN1\i\UnpatternedFront_Lot_62631-586_62631-586_2_9492ad636f\back_notch","D:\KLARFExport\_ArgosReview\C15RUN2\i\UnpatternedFront_Lot_62631-586_62631-586_2_9492ad636f\back_notch"
"UnpatternedFront\Lot_62631-586\62631-586_20260806152140\Slot22|BACK","SAME_PASS","PASS_REVIEW_ONLY_UNIQUE_BACK_BF_DF_NOTCH","PASS_REVIEW_ONLY_UNIQUE_BACK_BF_DF_NOTCH","89.92567707278297","89.92567707278297","0","0.05135414556596629","0.05135414556596629","D:\KLARFExport\_ArgosReview\C15RUN1\i\UnpatternedFront_Lot_62631-586_62631-586_2_a7ac10d9ab\back_notch","D:\KLARFExport\_ArgosReview\C15RUN2\i\UnpatternedFront_Lot_62631-586_62631-586_2_a7ac10d9ab\back_notch"
"UnpatternedFront\Lot_62631-586\62631-586_20260806152140\Slot23|BACK","SAME_PASS","PASS_REVIEW_ONLY_UNIQUE_BACK_BF_DF_NOTCH","PASS_REVIEW_ONLY_UNIQUE_BACK_BF_DF_NOTCH","90.01635134847413","90.01635134847413","0","0.03270269694826311","0.03270269694826311","D:\KLARFExport\_ArgosReview\C15RUN1\i\UnpatternedFront_Lot_62631-586_62631-586_2_eed0e13304\back_notch","D:\KLARFExport\_ArgosReview\C15RUN2\i\UnpatternedFront_Lot_62631-586_62631-586_2_eed0e13304\back_notch"
"UnpatternedFront\Lot_62631-586\62631-586_20260806152140\Slot24|BACK","SAME_PASS","PASS_REVIEW_ONLY_UNIQUE_BACK_BF_DF_NOTCH","PASS_REVIEW_ONLY_UNIQUE_BACK_BF_DF_NOTCH","90.0942734387799","90.0942734387799","0","0.011453122440286734","0.011453122440286734","D:\KLARFExport\_ArgosReview\C15RUN1\i\UnpatternedFront_Lot_62631-586_62631-586_2_e29aff0108\back_notch","D:\KLARFExport\_ArgosReview\C15RUN2\i\UnpatternedFront_Lot_62631-586_62631-586_2_e29aff0108\back_notch"
"UnpatternedFront\Lot_62631-586\62631-586_20260806152140\Slot25|BACK","SAME_PASS","PASS_REVIEW_ONLY_UNIQUE_BACK_BF_DF_NOTCH","PASS_REVIEW_ONLY_UNIQUE_BACK_BF_DF_NOTCH","89.7161138594969","89.7161138594969","0","0.032227718993851795","0.032227718993851795","D:\KLARFExport\_ArgosReview\C15RUN1\i\UnpatternedFront_Lot_62631-586_62631-586_2_1f5e51d6de\back_notch","D:\KLARFExport\_ArgosReview\C15RUN2\i\UnpatternedFront_Lot_62631-586_62631-586_2_1f5e51d6de\back_notch"
"UnpatternedFront\Lot_62631-586\62631-586_20260814131935\Slot01|BACK","SAME_PASS","PASS_REVIEW_ONLY_UNIQUE_BACK_BF_DF_NOTCH","PASS_REVIEW_ONLY_UNIQUE_BACK_BF_DF_NOTCH","89.90230354815637","89.90230354815637","0","0.0046070963126965125","0.0046070963126965125","D:\KLARFExport\_ArgosReview\C15RUN1\i\UnpatternedFront_Lot_62631-586_62631-586_2_866db418c9\back_notch","D:\KLARFExport\_ArgosReview\C15RUN2\i\UnpatternedFront_Lot_62631-586_62631-586_2_866db418c9\back_notch"
"UnpatternedFront\Lot_62631-586\62631-586_20260814131935\Slot02|BACK","SAME_PASS","PASS_REVIEW_ONLY_UNIQUE_BACK_BF_DF_NOTCH","PASS_REVIEW_ONLY_UNIQUE_BACK_BF_DF_NOTCH","90.01637943563452","90.01637943563452","0","0.03275887126909538","0.03275887126909538","D:\KLARFExport\_ArgosReview\C15RUN1\i\UnpatternedFront_Lot_62631-586_62631-586_2_201d1ecc64\back_notch","D:\KLARFExport\_ArgosReview\C15RUN2\i\UnpatternedFront_Lot_62631-586_62631-586_2_201d1ecc64\back_notch"
"UnpatternedFront\Lot_62631-586\62631-586_20260814131935\Slot03|BACK","SAME_PASS","PASS_REVIEW_ONLY_UNIQUE_BACK_BF_DF_NOTCH","PASS_REVIEW_ONLY_UNIQUE_BACK_BF_DF_NOTCH","89.91753408304751","89.91753408304751","0","0.03506816609501584","0.03506816609501584","D:\KLARFExport\_ArgosReview\C15RUN1\i\UnpatternedFront_Lot_62631-586_62631-586_2_c0e42fb132\back_notch","D:\KLARFExport\_ArgosReview\C15RUN2\i\UnpatternedFront_Lot_62631-586_62631-586_2_c0e42fb132\back_notch"
"UnpatternedFront\Lot_62631-586\62631-586_20260814131935\Slot04|BACK","SAME_PASS","PASS_REVIEW_ONLY_UNIQUE_BACK_BF_DF_NOTCH","PASS_REVIEW_ONLY_UNIQUE_BACK_BF_DF_NOTCH","89.91587198192113","89.91587198192113","0","0.03174396384230249","0.03174396384230249","D:\KLARFExport\_ArgosReview\C15RUN1\i\UnpatternedFront_Lot_62631-586_62631-586_2_08a0c76940\back_notch","D:\KLARFExport\_ArgosReview\C15RUN2\i\UnpatternedFront_Lot_62631-586_62631-586_2_08a0c76940\back_notch"
"UnpatternedFront\Lot_62631-586\62631-586_20260814131935\Slot05|BACK","SAME_PASS","PASS_REVIEW_ONLY_UNIQUE_BACK_BF_DF_NOTCH","PASS_REVIEW_ONLY_UNIQUE_BACK_BF_DF_NOTCH","89.99103591371124","89.99103591371124","0","0.01792817257751267","0.01792817257751267","D:\KLARFExport\_ArgosReview\C15RUN1\i\UnpatternedFront_Lot_62631-586_62631-586_2_05942c4bc2\back_notch","D:\KLARFExport\_ArgosReview\C15RUN2\i\UnpatternedFront_Lot_62631-586_62631-586_2_05942c4bc2\back_notch"
"UnpatternedFront\Lot_62631-586\62631-586_20260814131935\Slot06|BACK","SAME_PASS","PASS_REVIEW_ONLY_UNIQUE_BACK_BF_DF_NOTCH","PASS_REVIEW_ONLY_UNIQUE_BACK_BF_DF_NOTCH","89.98166448123527","89.98166448123527","0","0.03667103752945877","0.03667103752945877","D:\KLARFExport\_ArgosReview\C15RUN1\i\UnpatternedFront_Lot_62631-586_62631-586_2_b831e077f0\back_notch","D:\KLARFExport\_ArgosReview\C15RUN2\i\UnpatternedFront_Lot_62631-586_62631-586_2_b831e077f0\back_notch"
"UnpatternedFront\Lot_62631-586\62631-586_20260814131935\Slot07|BACK","SAME_PASS","PASS_REVIEW_ONLY_UNIQUE_BACK_BF_DF_NOTCH","PASS_REVIEW_ONLY_UNIQUE_BACK_BF_DF_NOTCH","89.99897883180364","89.99897883180364","0","0.002042336392719335","0.002042336392719335","D:\KLARFExport\_ArgosReview\C15RUN1\i\UnpatternedFront_Lot_62631-586_62631-586_2_36300b0c36\back_notch","D:\KLARFExport\_ArgosReview\C15RUN2\i\UnpatternedFront_Lot_62631-586_62631-586_2_36300b0c36\back_notch"
"UnpatternedFront\Lot_62631-586\62631-586_20260814131935\Slot08|BACK","SAME_PASS","PASS_REVIEW_ONLY_UNIQUE_BACK_BF_DF_NOTCH","PASS_REVIEW_ONLY_UNIQUE_BACK_BF_DF_NOTCH","89.92026891714696","89.92026891714696","0","0.04053783429387181","0.04053783429387181","D:\KLARFExport\_ArgosReview\C15RUN1\i\UnpatternedFront_Lot_62631-586_62631-586_2_69e71fe03e\back_notch","D:\KLARFExport\_ArgosReview\C15RUN2\i\UnpatternedFront_Lot_62631-586_62631-586_2_69e71fe03e\back_notch"
"UnpatternedFront\Lot_62631-586\62631-586_20260814131935\Slot09|BACK","SAME_PASS","PASS_REVIEW_ONLY_UNIQUE_BACK_BF_DF_NOTCH","PASS_REVIEW_ONLY_UNIQUE_BACK_BF_DF_NOTCH","89.91681744943529","89.91681744943529","0","0.03363489887055948","0.03363489887055948","D:\KLARFExport\_ArgosReview\C15RUN1\i\UnpatternedFront_Lot_62631-586_62631-586_2_2a681b39de\back_notch","D:\KLARFExport\_ArgosReview\C15RUN2\i\UnpatternedFront_Lot_62631-586_62631-586_2_2a681b39de\back_notch"
"UnpatternedFront\Lot_62631-586\62631-586_20260814131935\Slot10|BACK","SAME_PASS","PASS_REVIEW_ONLY_UNIQUE_BACK_BF_DF_NOTCH","PASS_REVIEW_ONLY_UNIQUE_BACK_BF_DF_NOTCH","89.72486446194814","89.72486446194814","0","0.04972892389631056","0.04972892389631056","D:\KLARFExport\_ArgosReview\C15RUN1\i\UnpatternedFront_Lot_62631-586_62631-586_2_ab7ffd9088\back_notch","D:\KLARFExport\_ArgosReview\C15RUN2\i\UnpatternedFront_Lot_62631-586_62631-586_2_ab7ffd9088\back_notch"
"UnpatternedFront\Lot_62635-944\62635-944_20260829105914\Slot01|BACK","NEW_R15","","PASS_REVIEW_ONLY_UNIQUE_BACK_BF_DF_NOTCH","","89.77501865855305","","","0.04996268289394834","","D:\KLARFExport\_ArgosReview\C15RUN2\i\UnpatternedFront_Lot_62635-944_62635-944_2_f66bc12bd8\back_notch"
"UnpatternedFront\Lot_62635-944\62635-944_20260829105914\Slot02|BACK","NEW_R15","","PASS_REVIEW_ONLY_UNIQUE_BACK_BF_DF_NOTCH","","89.79058162273975","","","0.018836754520492605","","D:\KLARFExport\_ArgosReview\C15RUN2\i\UnpatternedFront_Lot_62635-944_62635-944_2_563d72639b\back_notch"
"UnpatternedFront\Lot_62635-944\62635-944_20260829105914\Slot03|BACK","NEW_R15","","PASS_REVIEW_ONLY_UNIQUE_BACK_BF_DF_NOTCH","","90.19653060323817","","","0.006938793523602271","","D:\KLARFExport\_ArgosReview\C15RUN2\i\UnpatternedFront_Lot_62635-944_62635-944_2_d11e8d0a6a\back_notch"
"UnpatternedFront\Lot_62635-944\62635-944_20260829105914\Slot05|BACK","NEW_R15","","PASS_REVIEW_ONLY_UNIQUE_BACK_BF_DF_NOTCH","","89.77676768016329","","","0.04646463967344516","","D:\KLARFExport\_ArgosReview\C15RUN2\i\UnpatternedFront_Lot_62635-944_62635-944_2_4424f07c96\back_notch"
"UnpatternedFront\Lot_62635-944\62635-944_20260829105914\Slot06|BACK","NEW_R15","","PASS_REVIEW_ONLY_UNIQUE_BACK_BF_DF_NOTCH","","89.77622482590425","","","0.047550348191549574","","D:\KLARFExport\_ArgosReview\C15RUN2\i\UnpatternedFront_Lot_62635-944_62635-944_2_efb992db32\back_notch"
"UnpatternedFront\Lot_62635-944\62635-944_20260829105914\Slot07|BACK","NEW_R15","","PASS_REVIEW_ONLY_UNIQUE_BACK_BF_DF_NOTCH","","89.77462376056957","","","0.05075247886094303","","D:\KLARFExport\_ArgosReview\C15RUN2\i\UnpatternedFront_Lot_62635-944_62635-944_2_9a682e6429\back_notch"
"UnpatternedFront\Lot_62635-944\62635-944_20260829105914\Slot08|BACK","NEW_R15","","PASS_REVIEW_ONLY_UNIQUE_BACK_BF_DF_NOTCH","","89.87460683167464","","","0.05078633665075927","","D:\KLARFExport\_ArgosReview\C15RUN2\i\UnpatternedFront_Lot_62635-944_62635-944_2_4687145e04\back_notch"
"UnpatternedFront\Lot_62635-944\62635-944_20260829105914\Slot09|BACK","NEW_R15","","PASS_REVIEW_ONLY_UNIQUE_BACK_BF_DF_NOTCH","","89.9214033330966","","","0.042806666193200726","","D:\KLARFExport\_ArgosReview\C15RUN2\i\UnpatternedFront_Lot_62635-944_62635-944_2_51a78fcd8c\back_notch"
"UnpatternedFront\Lot_62635-944\62635-944_20260829105914\Slot10|BACK","NEW_R15","","PASS_REVIEW_ONLY_UNIQUE_BACK_BF_DF_NOTCH","","89.8064337819776","","","0.012867563955126116","","D:\KLARFExport\_ArgosReview\C15RUN2\i\UnpatternedFront_Lot_62635-944_62635-944_2_b4db5c0642\back_notch"
"UnpatternedFront\Lot_LotIDStringNotSet\62631-586_20260819173317\Slot01|BACK","SAME_PASS","PASS_REVIEW_ONLY_UNIQUE_BACK_BF_DF_NOTCH","PASS_REVIEW_ONLY_UNIQUE_BACK_BF_DF_NOTCH","89.97257216242235","89.97257216242235","0","0.054855675155351946","0.054855675155351946","D:\KLARFExport\_ArgosReview\C15RUN1\i\UnpatternedFront_Lot_LotIDStringNotSet_626_7d221685e7\back_notch","D:\KLARFExport\_ArgosReview\C15RUN2\i\UnpatternedFront_Lot_LotIDStringNotSet_626_7d221685e7\back_notch"
"UnpatternedFront\Lot_LotIDStringNotSet\62631-586_20260819173317\Slot02|BACK","SAME_PASS","PASS_REVIEW_ONLY_UNIQUE_BACK_BF_DF_NOTCH","PASS_REVIEW_ONLY_UNIQUE_BACK_BF_DF_NOTCH","89.91678748754785","89.91678748754785","0","0.03357497509574614","0.03357497509574614","D:\KLARFExport\_ArgosReview\C15RUN1\i\UnpatternedFront_Lot_LotIDStringNotSet_626_100233c8f2\back_notch","D:\KLARFExport\_ArgosReview\C15RUN2\i\UnpatternedFront_Lot_LotIDStringNotSet_626_100233c8f2\back_notch"
"UnpatternedFront\Lot_LotIDStringNotSet\62631-586_20260819173317\Slot03|BACK","SAME_PASS","PASS_REVIEW_ONLY_UNIQUE_BACK_BF_DF_NOTCH","PASS_REVIEW_ONLY_UNIQUE_BACK_BF_DF_NOTCH","89.90482143492167","89.90482143492167","0","0.009642869843332846","0.009642869843332846","D:\KLARFExport\_ArgosReview\C15RUN1\i\UnpatternedFront_Lot_LotIDStringNotSet_626_728f5673fd\back_notch","D:\KLARFExport\_ArgosReview\C15RUN2\i\UnpatternedFront_Lot_LotIDStringNotSet_626_728f5673fd\back_notch"
"UnpatternedFront\Lot_LotIDStringNotSet\62631-586_20260819173317\Slot04|BACK","SAME_PASS","PASS_REVIEW_ONLY_UNIQUE_BACK_BF_DF_NOTCH","PASS_REVIEW_ONLY_UNIQUE_BACK_BF_DF_NOTCH","89.90786430554706","89.90786430554706","0","0.015728611094061762","0.015728611094061762","D:\KLARFExport\_ArgosReview\C15RUN1\i\UnpatternedFront_Lot_LotIDStringNotSet_626_facaa0ef31\back_notch","D:\KLARFExport\_ArgosReview\C15RUN2\i\UnpatternedFront_Lot_LotIDStringNotSet_626_facaa0ef31\back_notch"
"UnpatternedFront\Lot_LotIDStringNotSet\62631-586_20260819173317\Slot05|BACK","SAME_PASS","PASS_REVIEW_ONLY_UNIQUE_BACK_BF_DF_NOTCH","PASS_REVIEW_ONLY_UNIQUE_BACK_BF_DF_NOTCH","89.87762700570252","89.87762700570252","0","0.04474598859491152","0.04474598859491152","D:\KLARFExport\_ArgosReview\C15RUN1\i\UnpatternedFront_Lot_LotIDStringNotSet_626_77126a0a1e\back_notch","D:\KLARFExport\_ArgosReview\C15RUN2\i\UnpatternedFront_Lot_LotIDStringNotSet_626_77126a0a1e\back_notch"
"UnpatternedFront\Lot_LotIDStringNotSet\62631-586_20260819173317\Slot06|BACK","SAME_PASS","PASS_REVIEW_ONLY_UNIQUE_BACK_BF_DF_NOTCH","PASS_REVIEW_ONLY_UNIQUE_BACK_BF_DF_NOTCH","89.89978057003711","89.89978057003711","0","0.0004388599257936221","0.0004388599257936221","D:\KLARFExport\_ArgosReview\C15RUN1\i\UnpatternedFront_Lot_LotIDStringNotSet_626_cf86d9aee6\back_notch","D:\KLARFExport\_ArgosReview\C15RUN2\i\UnpatternedFront_Lot_LotIDStringNotSet_626_cf86d9aee6\back_notch"
"UnpatternedFront\Lot_LotIDStringNotSet\62631-586_20260819173317\Slot07|BACK","SAME_PASS","PASS_REVIEW_ONLY_UNIQUE_BACK_BF_DF_NOTCH","PASS_REVIEW_ONLY_UNIQUE_BACK_BF_DF_NOTCH","89.99748736677833","89.99748736677833","0","0.005025266443368537","0.005025266443368537","D:\KLARFExport\_ArgosReview\C15RUN1\i\UnpatternedFront_Lot_LotIDStringNotSet_626_699d4f2685\back_notch","D:\KLARFExport\_ArgosReview\C15RUN2\i\UnpatternedFront_Lot_LotIDStringNotSet_626_699d4f2685\back_notch"
"UnpatternedFront\Lot_LotIDStringNotSet\62631-586_20260819173317\Slot08|BACK","SAME_PASS","PASS_REVIEW_ONLY_UNIQUE_BACK_BF_DF_NOTCH","PASS_REVIEW_ONLY_UNIQUE_BACK_BF_DF_NOTCH","89.91984061454482","89.91984061454482","0","0.039681229089694625","0.039681229089694625","D:\KLARFExport\_ArgosReview\C15RUN1\i\UnpatternedFront_Lot_LotIDStringNotSet_626_8dd6848070\back_notch","D:\KLARFExport\_ArgosReview\C15RUN2\i\UnpatternedFront_Lot_LotIDStringNotSet_626_8dd6848070\back_notch"
"UnpatternedFront\Lot_LotIDStringNotSet\62631-586_20260819173317\Slot09|BACK","SAME_PASS","PASS_REVIEW_ONLY_UNIQUE_BACK_BF_DF_NOTCH","PASS_REVIEW_ONLY_UNIQUE_BACK_BF_DF_NOTCH","89.92783257164277","89.92783257164277","0","0.0556651432855233","0.0556651432855233","D:\KLARFExport\_ArgosReview\C15RUN1\i\UnpatternedFront_Lot_LotIDStringNotSet_626_8b6b3beeab\back_notch","D:\KLARFExport\_ArgosReview\C15RUN2\i\UnpatternedFront_Lot_LotIDStringNotSet_626_8b6b3beeab\back_notch"
"UnpatternedFront\Lot_LotIDStringNotSet\62631-586_20260819173317\Slot10|BACK","SAME_PASS","PASS_REVIEW_ONLY_UNIQUE_BACK_BF_DF_NOTCH","PASS_REVIEW_ONLY_UNIQUE_BACK_BF_DF_NOTCH","90.21163708073875","90.21163708073875","0","0.023274161477502275","0.023274161477502275","D:\KLARFExport\_ArgosReview\C15RUN1\i\UnpatternedFront_Lot_LotIDStringNotSet_626_53b86b48ad\back_notch","D:\KLARFExport\_ArgosReview\C15RUN2\i\UnpatternedFront_Lot_LotIDStringNotSet_626_53b86b48ad\back_notch"
